pose_slug,display_name,alt_name?,prefix?,base_name,suffix?,hand_position?,leg_position?,position_in_bar?,apparatus,level?,type?,description?,teaching_cues?,safety_cues?,progressions?,modifications?,common_errors?,thumbnail_id?,media_id?,created_by,updated_by,created_at,updated_at
amazon-hands-on,Amazon - Hands On,,,amazon,,hands on,,,lyra,1,static,Joanne's Flashcards,"Three different entries in order of difficulty:  1)  Hoop at hip height.  Stand to the side of the hoop.  Bring head thru to the other side of the hoop.  Arm that matches side head is on is the posting arm and the other arm is palm towards you below the tab.  Hoop will be placed at the groove at the bottom of skull.  Remove feet from ground.  Two blocking points are posting arm and groove below skull.  2) From Man in the Moon, hand that matches lower leg is placed below tab.  Other hand is posting arm.  Remove top leg and then lower leg.  Head is always on one side of the hoop and body on the other side of the hoop.  Removing one leg at a time will allow student to stabilize without all weight dropping at one time.  3) From Man in the Moon as in progression 2, but both legs come off the hoop at the same time. Booty slides to the side which allows the posting arm to be placed.",,,,,1f029e9a-7ee2-666a-a817-a05f576d809e,1f029e9a-7ee2-666a-a817-a05f576d809e,35327f2b-9205-440f-8e38-f6da18f4dd54,35327f2b-9205-440f-8e38-f6da18f4dd54,2025-05-02T18:15:17.755Z,2025-05-02T18:15:17.755Z
amazon-hands-on-split,Amazon Split,,,amazon,,hands on,split,,lyra,1,static,Joanne's Flashcards,"From Man in the Moon, place bar in groove at base of skill, lower leg straightens and comes to top belly of hoop, same hand under tab. Slide booty to the side to place posting arm, other leg comes off the hoop on side opposite of head.",,,,,1f029e9a-7ee1-693c-8c67-01b11ce1a1e6,1f029e9a-7ee1-693c-8c67-01b11ce1a1e6,35327f2b-9205-440f-8e38-f6da18f4dd54,35327f2b-9205-440f-8e38-f6da18f4dd54,2025-05-02T18:15:17.755Z,2025-05-02T18:15:17.755Z
amazon-top-hand-off,Amazon Top Hand Off,,,amazon,,top hand off,,,lyra,2,static,Joanne's Flashcards,"From dragonfly, post into dragon fly arm and move bar from armpit to shoulder/head/neck. If you feel comfortable with the set up, can let go with top hand. 

More entries to pose in Amazon in Level 1 section.",,,,,1f029e9a-7ee3-64f6-a336-4602782f6daa,1f029e9a-7ee3-64f6-a336-4602782f6daa,35327f2b-9205-440f-8e38-f6da18f4dd54,35327f2b-9205-440f-8e38-f6da18f4dd54,2025-05-02T18:15:17.755Z,2025-05-02T18:15:17.755Z
ankle-cuddle,Ankle Cuddle,,,ankle cuddle,,,,,lyra,1,static,Joanne's Flashcards,"From Dragonfly, knees to chest, roll belly to hoop and block with top of ankles.",,,,,1f029e9a-7ee2-6134-af02-7f44d377c06c,1f029e9a-7ee2-6134-af02-7f44d377c06c,35327f2b-9205-440f-8e38-f6da18f4dd54,35327f2b-9205-440f-8e38-f6da18f4dd54,2025-05-02T18:15:17.755Z,2025-05-02T18:15:17.755Z
ankle-hang-top-bar-hands-on,Ankle Hang Top Bar - Holding On,,,ankle hang top bar,,hands on,,,lyra,2,static,Joanne's Flashcards,"From DKH, move hands to mid belly on hoop. Extend one leg at a time, pushing against the spanset and squeezing feet inward. May use hands to support some of your weight and to avoid slipping down to tops of feet.",,,,,1f029e9a-7ee2-6bdc-a400-04dfb33b2fb7,1f029e9a-7ee2-6bdc-a400-04dfb33b2fb7,35327f2b-9205-440f-8e38-f6da18f4dd54,35327f2b-9205-440f-8e38-f6da18f4dd54,2025-05-02T18:15:17.755Z,2025-05-02T18:15:17.755Z
ankle-hang-top-bar-hands-off,Ankle Hang Top Bar - No Hands,,,ankle hang top bar,,hands off,,,lyra,3,static,Joanne's Flashcards,"From DKH, move hands to mid belly on hoop. Extend one leg at a time, pushing against the spanset and squeezing feet inward. May use hands to support some of your weight. Ease down to tops of feet and may let go of hands if feel stable.",,,,,1f029e9a-7ee4-6ef7-973a-5091efd6ef10,1f029e9a-7ee4-6ef7-973a-5091efd6ef10,35327f2b-9205-440f-8e38-f6da18f4dd54,35327f2b-9205-440f-8e38-f6da18f4dd54,2025-05-02T18:15:17.755Z,2025-05-02T18:15:17.755Z
arabesque,Arabesque From Seated,,,arabesque,,,,,lyra,1,static,Joanne's Flashcards,"From Single Knee Hook/Horse, hand matching leg in hoop holds top bar.  Other hand releases.  Free leg bends towards leg in hoop. To lessen bar pressure on leg in hoop, engage leg.",,,,,1f029e9a-7ee1-6d23-975e-dfe4d43793e4,1f029e9a-7ee1-6d23-975e-dfe4d43793e4,35327f2b-9205-440f-8e38-f6da18f4dd54,35327f2b-9205-440f-8e38-f6da18f4dd54,2025-05-02T18:15:17.755Z,2025-05-02T18:15:17.755Z
arm-pit-block-top-bar,Arm Pit Block Top Bar,,,arm pit block top bar,,,,,lyra,2,static,Joanne's Flashcards,"From standing inside hoop, bend knees to get armpits closer to top bar. Put bar directly in armpits and push shoulders away from ears. Straight legs and take them off the hoop. May put one foot in front of hoop and one behind to avoid the hoop flipping.",,,,,1f029e9a-7ee4-624c-bcaa-baabe3fe0d69,1f029e9a-7ee4-624c-bcaa-baabe3fe0d69,35327f2b-9205-440f-8e38-f6da18f4dd54,35327f2b-9205-440f-8e38-f6da18f4dd54,2025-05-02T18:15:17.755Z,2025-05-02T18:15:17.755Z
around-the-world,Around the World,,,around the world,,,,,lyra,1,dynamic,Joanne's Flashcards,"From standing on the bottom bar, both hands on one strap.  If hands are on right strap, then right leg swings around to hoop and foot is placed toes forward on that side - remaining leg follows, so now standing on bottom bar of opposite side of the hoop.  Both hands then on left strap, and repeat above until standing back on original side of hoop.",,,,,1f029e9a-7ee1-6e0b-b9ce-e280fa827620,1f029e9a-7ee1-6e0b-b9ce-e280fa827620,35327f2b-9205-440f-8e38-f6da18f4dd54,35327f2b-9205-440f-8e38-f6da18f4dd54,2025-05-02T18:15:17.755Z,2025-05-02T18:15:17.755Z
back-balance-hands-on,Back Balance - Hands On,,,back balance,,hands on,,,lyra,2,static,Joanne's Flashcards,"From Butt shelf, hold onto bar by hips. Let your legs fall behind you while you arch your back. May take trial and error to find perfect balance point. Once you are balanced, you may let go with one hand or both. **Very back heavy**",,,,,1f029e9a-7ee4-6412-a1b5-2c98fbfd6886,1f029e9a-7ee4-6412-a1b5-2c98fbfd6886,35327f2b-9205-440f-8e38-f6da18f4dd54,35327f2b-9205-440f-8e38-f6da18f4dd54,2025-05-02T18:15:17.755Z,2025-05-02T18:15:17.755Z
back-balance-hands-off,Back Balance - No Hands,,,back balance,,hands off,,,lyra,3,static,Joanne's Flashcards,,,,,,1f029e9a-7ee4-6b7b-ae1e-8793692a8194,1f029e9a-7ee4-6b7b-ae1e-8793692a8194,35327f2b-9205-440f-8e38-f6da18f4dd54,35327f2b-9205-440f-8e38-f6da18f4dd54,2025-05-02T18:15:17.755Z,2025-05-02T18:15:17.755Z
bird’s-nest-one-leg-off-bottom-bar,Bird’s Nest Bottom Bar One Leg,,,bird’s nest ,,,one leg off,bottom bar,lyra,2,static,Joanne's Flashcards,"From Butt Shelf, remove back arch, and let booty slide off the bar, block with ankles. Remove one leg and drop it forwards or backwards. Leg on hoop can bend at knee or stay straight.",,,,,1f029e9a-7ee3-6f18-bd44-6fe4029735e6,1f029e9a-7ee3-6f18-bd44-6fe4029735e6,35327f2b-9205-440f-8e38-f6da18f4dd54,35327f2b-9205-440f-8e38-f6da18f4dd54,2025-05-02T18:15:17.755Z,2025-05-02T18:15:17.755Z
bird’s-nest-bottom-bar,Bird’s Nest Bottom Bar,,,bird’s nest,,,,bottom bar,lyra,1,static,Joanne's Flashcards,"From Butt Shelf, remove back arch, and let booty slide off the bar, block with ankles.",,,,,1f029e9a-7ee2-6486-8686-148f24dbceb1,1f029e9a-7ee2-6486-8686-148f24dbceb1,35327f2b-9205-440f-8e38-f6da18f4dd54,35327f2b-9205-440f-8e38-f6da18f4dd54,2025-05-02T18:15:17.755Z,2025-05-02T18:15:17.755Z
bird’s-nest-one-leg-off-top-bar,Bird’s Nest Top Bar Single Leg,,,bird’s nest ,,,one leg off,top bar,lyra,2,static,Joanne's Flashcards,"From DKH on the top bar, extend one leg straight up to touch spanset. Unhook other leg to bring in front of hoop towards face. Free leg can be straight or bent.",,,,,1f029e9a-7ee4-6764-97f4-8af02fbd3d9b,1f029e9a-7ee4-6764-97f4-8af02fbd3d9b,35327f2b-9205-440f-8e38-f6da18f4dd54,35327f2b-9205-440f-8e38-f6da18f4dd54,2025-05-02T18:15:17.755Z,2025-05-02T18:15:17.755Z
bird’s-nest-top-bar,Bird’s Nest Top Bar,,,bird’s nest ,,,,top bar,lyra,2,static,Joanne's Flashcards,"From DKH on top bar, extend one leg at a time to touch spanset, resting the spanset on the top of the foot. Bend knees and arch back.",,,,,1f029e9a-7ee2-6af6-983f-c4279cc71f83,1f029e9a-7ee2-6af6-983f-c4279cc71f83,35327f2b-9205-440f-8e38-f6da18f4dd54,35327f2b-9205-440f-8e38-f6da18f4dd54,2025-05-02T18:15:17.755Z,2025-05-02T18:15:17.755Z
flip-out-bottom-bar,Bottom Bar Flip Out,,,flip out,,,,bottom bar,lyra,1,dynamic,Joanne's Flashcards,,,,,,1f029e9a-7ee1-625f-958a-6aff6d54398b,1f029e9a-7ee1-625f-958a-6aff6d54398b,35327f2b-9205-440f-8e38-f6da18f4dd54,35327f2b-9205-440f-8e38-f6da18f4dd54,2025-05-02T18:15:17.755Z,2025-05-02T18:15:17.755Z
butt-shelf-hands-off-legs-straight,Butt Shelf - Legs Straight Above No Hands,,,butt shelf,,hands off,legs straight,,lyra,2,static,Joanne's Flashcards,"From regular buttshelf, bring legs closer together. Use the tops of your feet to hook on hoop for stability. If you feel comfortable, you can let go.",,,,,1f029e9a-7ee4-645f-9878-7169fe44e553,1f029e9a-7ee4-645f-9878-7169fe44e553,35327f2b-9205-440f-8e38-f6da18f4dd54,35327f2b-9205-440f-8e38-f6da18f4dd54,2025-05-02T18:15:17.755Z,2025-05-02T18:15:17.755Z
butt-shelf-hands-off,Butt Shelf - No Hands,,,butt shelf,,hands off,,,lyra,2,static,Joanne's Flashcards,"From buttshelf, think about keeping a “shelf” by the booty by arching the back slightly and pushing legs into hoop. This will happen naturally for some people who have a booty. If you feel stable, you may leg go with both hands.",,,,,1f029e9a-7ee2-6c71-8a1d-e83a3da50fcd,1f029e9a-7ee2-6c71-8a1d-e83a3da50fcd,35327f2b-9205-440f-8e38-f6da18f4dd54,35327f2b-9205-440f-8e38-f6da18f4dd54,2025-05-02T18:15:17.755Z,2025-05-02T18:15:17.755Z
butt-shelf-hands-off-one-leg-straight-one-leg-bent-behind,Butt Shelf - One Leg Straight Other Bent Behind,,,butt shelf,,hands off,one leg straight one leg bent behind,,lyra,2,static,Joanne's Flashcards,"From butthshelf, bring one leg to the middle but keep it behind the hoop. Other leg extends behind. May be done with foot in front of hoop or bending the knee and pushing the bottom of the foot against the top bar.",,,,,1f029e9a-7ee4-68cc-a372-91de639ef713,1f029e9a-7ee4-68cc-a372-91de639ef713,35327f2b-9205-440f-8e38-f6da18f4dd54,35327f2b-9205-440f-8e38-f6da18f4dd54,2025-05-02T18:15:17.755Z,2025-05-02T18:15:17.755Z
butt-shelf-hands-on,Butt Shelf Hands On,,,butt shelf,,hands on,,,lyra,1,static,Joanne's Flashcards,"Bar at sacrum, forearms resting behind hoop, grip below belly.  Arch back and straight legs come up behind bar to top of hoop.  Back stays arched.",,,,,1f029e9a-7ee0-6fc2-a616-e41777179a9f,1f029e9a-7ee0-6fc2-a616-e41777179a9f,35327f2b-9205-440f-8e38-f6da18f4dd54,35327f2b-9205-440f-8e38-f6da18f4dd54,2025-05-02T18:15:17.755Z,2025-05-02T18:15:17.755Z
butt-shelf-hands-on-legs-straight,Butt Shelf Straight Legs,,,butt shelf,,hands on,legs straight,,lyra,1,static,Joanne's Flashcards,"From Butt Shelf Legs Wide Holding On, bring legs together.",,,,,1f029e9a-7ee1-6989-8ab3-df6682562cc8,1f029e9a-7ee1-6989-8ab3-df6682562cc8,35327f2b-9205-440f-8e38-f6da18f4dd54,35327f2b-9205-440f-8e38-f6da18f4dd54,2025-05-02T18:15:17.755Z,2025-05-02T18:15:17.755Z
candlestick,Candlestick,,,candlestick,,,,,lyra,1,static,Joanne's Flashcards,"Start from Knee Hook Layout Under Bar, straighten hooked leg, then free leg comes up and crosses over the ankle of the other leg. Bar between feet.",,,,,1f029e9a-7ee1-644c-ba4d-2aa2210df4cc,1f029e9a-7ee1-644c-ba4d-2aa2210df4cc,35327f2b-9205-440f-8e38-f6da18f4dd54,35327f2b-9205-440f-8e38-f6da18f4dd54,2025-05-02T18:15:17.755Z,2025-05-02T18:15:17.755Z
reverse-candlestick,Candlestick Reverse from Stag,,reverse,candlestick,,,,,lyra,2,static,Joanne's Flashcards,"From Pencil Stag under the bar, legs go forward, overhead, with one leg going to one side of the bar and the other to the other side of the bar.  May release one hand.",,,,,1f029e9a-7ee3-6a88-affc-8028f95737e6,1f029e9a-7ee3-6a88-affc-8028f95737e6,35327f2b-9205-440f-8e38-f6da18f4dd54,35327f2b-9205-440f-8e38-f6da18f4dd54,2025-05-02T18:15:17.755Z,2025-05-02T18:15:17.755Z
cannon-ball,Cannon Ball,,,cannon ball,,,,,lyra,2,static,Joanne's Flashcards,"From DKH on the top bar, bring one hand to the knees then the other. Think about engaging the hamstrings and squeezing heels toward butt. Hoop may flip up. May manually flip the hoop up first before cannonball to feel more comfortable if need be.",,,,,1f029e9a-7ee3-664f-908d-63ff55e84a5d,1f029e9a-7ee3-664f-908d-63ff55e84a5d,35327f2b-9205-440f-8e38-f6da18f4dd54,35327f2b-9205-440f-8e38-f6da18f4dd54,2025-05-02T18:15:17.755Z,2025-05-02T18:15:17.755Z
chest-stand-arrow,Chest Stand Arrow,,,chest stand arrow,,,,,lyra,2,static,Joanne's Flashcards,,,,,,1f029e9a-7ee3-69a3-bcad-cb6603cc1d25,1f029e9a-7ee3-69a3-bcad-cb6603cc1d25,35327f2b-9205-440f-8e38-f6da18f4dd54,35327f2b-9205-440f-8e38-f6da18f4dd54,2025-05-02T18:15:17.755Z,2025-05-02T18:15:17.755Z
chest-stand-delilah,Chest Stand Delilah,,,chest stand delilah,,,,,lyra,2,static,Joanne's Flashcards,,,,,,1f029e9a-7ee2-6dff-a216-fe3cda338320,1f029e9a-7ee2-6dff-a216-fe3cda338320,35327f2b-9205-440f-8e38-f6da18f4dd54,35327f2b-9205-440f-8e38-f6da18f4dd54,2025-05-02T18:15:17.755Z,2025-05-02T18:15:17.755Z
chest-stand-pencil,Chest Stand Pencil,,,chest stand pencil,,,,,lyra,2,static,Joanne's Flashcards,"From DKH on the top bar, bring hoop in front of you by ducking head while moving hoop. Hands come to belly of hoop. Bring bar to chest then straight legs toward ceiling.",,,,,1f029e9a-7ee4-632f-99a9-f5bc310f661f,1f029e9a-7ee4-632f-99a9-f5bc310f661f,35327f2b-9205-440f-8e38-f6da18f4dd54,35327f2b-9205-440f-8e38-f6da18f4dd54,2025-05-02T18:15:17.755Z,2025-05-02T18:15:17.755Z
chest-stand-pike,Chest Stand Pike,,,chest stand pike,,,,,lyra,2,static,Joanne's Flashcards,"From DKH on the top bar, bring hoop in front of you by ducking head while moving hoop. Hands come to belly of hoop. Bring bar to chest. Take legs off of hoop and bring into pike position. Your weight should now be in your hands and where your chest meets the bar.",,,,,1f029e9a-7ee2-6b91-8238-20269dcca1d0,1f029e9a-7ee2-6b91-8238-20269dcca1d0,35327f2b-9205-440f-8e38-f6da18f4dd54,35327f2b-9205-440f-8e38-f6da18f4dd54,2025-05-02T18:15:17.755Z,2025-05-02T18:15:17.755Z
circus-mermaid,Circus Mermaid,,,circus mermaid,,,,,lyra,2,static,Joanne's Flashcards,,,,,,1f029e9a-7ee2-6ed7-8863-f5da52a27c40,1f029e9a-7ee2-6ed7-8863-f5da52a27c40,35327f2b-9205-440f-8e38-f6da18f4dd54,35327f2b-9205-440f-8e38-f6da18f4dd54,2025-05-02T18:15:17.755Z,2025-05-02T18:15:17.755Z
clock-hands-on,Clock,,,clock,,hands on,,,lyra,0,static,Joanne's Flashcards,"From layout, one leg crosses over the other and traces the hoop. No rounded back - back straight.",,,,,1f029e9a-7ee0-6937-8e88-362dd04fe6a2,1f029e9a-7ee0-6937-8e88-362dd04fe6a2,35327f2b-9205-440f-8e38-f6da18f4dd54,35327f2b-9205-440f-8e38-f6da18f4dd54,2025-05-02T18:15:17.755Z,2025-05-02T18:15:17.755Z
cross-legged-seated-top-bar,Crossed Leg Sit Top Bar,,cross legged,seated,,,,top bar,lyra,2,static,Joanne's Flashcards,"From DKH, put one hand on either spanset and climb up. Hoop will flip up. Bring one hand across both spansets and grab while the other hand grabs the flipped up hoop. Don’t put weight into the hand on the flipped up hoop. Cross one leg over the other. ",,,,,1f029e9a-7ee4-66b4-8f11-189e23a34092,1f029e9a-7ee4-66b4-8f11-189e23a34092,35327f2b-9205-440f-8e38-f6da18f4dd54,35327f2b-9205-440f-8e38-f6da18f4dd54,2025-05-02T18:15:17.755Z,2025-05-02T18:15:17.755Z
clock-one-hand-off,Clock One Hand Off,,,clock,,one hand off,,,lyra,0,static,Joanne's Flashcards,"From layout, leg matching the hand on top of the hoop crosses over the other leg and traces the hoop. No rounded back - back straight.",,,,,,,,,,
cuddle-slide,Cuddle Slide,,,cuddle slide,,,,,lyra,2,dynamic,Joanne's Flashcards,"From DKH, on the top bar, move both hands to the outside of the tabs, one hand being closer to the belly. 

Option one: Unhook the same leg as hand on belly. Rehook outside of the tab. Do the same for the other leg hooking next to the first leg. Slightly release grip with knees to slide down, letting your hand slide with you. Should end in cuddle. 

Option two: Unhook both legs from DKH, bring to outside of hoop below tab. Slide legs and hand down at the same time. 
",,,,,1f029e9a-7ee2-6e89-a302-49f48ae3ae6a,1f029e9a-7ee2-6e89-a302-49f48ae3ae6a,35327f2b-9205-440f-8e38-f6da18f4dd54,35327f2b-9205-440f-8e38-f6da18f4dd54,2025-05-02T18:15:17.755Z,2025-05-02T18:15:17.755Z
cuddle-top-bar,Cuddle Top Bar,,,cuddle top bar,,,,,lyra,2,static,Joanne's Flashcards,"From seated on the top bar, lean to one side, bringing one hand to the same side spanset and other hand to the bar. You stay in the hoop by maintaining the spanset in the hip crease. Weight should be in hip crease.  May let go if you feel stable.",,,,,1f029e9a-7ee4-6299-94c1-308a3e726960,1f029e9a-7ee4-6299-94c1-308a3e726960,35327f2b-9205-440f-8e38-f6da18f4dd54,35327f2b-9205-440f-8e38-f6da18f4dd54,2025-05-02T18:15:17.755Z,2025-05-02T18:15:17.755Z
cuddle,Cuddle,,,cuddle,,,,,lyra,0,static,Joanne's Flashcards,Shoulder block on one side. Booty drops back off the bar.,,,,,1f029e9a-7ee0-6a39-914f-5b578cf1cb23,1f029e9a-7ee0-6a39-914f-5b578cf1cb23,35327f2b-9205-440f-8e38-f6da18f4dd54,35327f2b-9205-440f-8e38-f6da18f4dd54,2025-05-02T18:15:17.755Z,2025-05-02T18:15:17.755Z
delilah-foot-press-away,Delilah Foot Press Away,,,delilah,foot press away,,,,lyra,2,static,Joanne's Flashcards,"From Delilah, release same hand as free leg and hold bottom center of the bar.  Arch the back. Free leg comes forward with pointed toes and replaces hand that was at bottom center.",,,,,1f029e9a-7ee3-6b77-93b4-f46e3fba56d0,1f029e9a-7ee3-6b77-93b4-f46e3fba56d0,35327f2b-9205-440f-8e38-f6da18f4dd54,35327f2b-9205-440f-8e38-f6da18f4dd54,2025-05-02T18:15:17.755Z,2025-05-02T18:15:17.755Z
delilah-hand-press-away,Delilah Hand Press Away,,,delilah,hand press away,,,,lyra,2,static,Joanne's Flashcards,"From Delilah, release same hand as free leg and hold bottom center of the bar.  Arch the back.",,,,,1f029e9a-7ee3-6ec6-bc46-864df51ff699,1f029e9a-7ee3-6ec6-bc46-864df51ff699,35327f2b-9205-440f-8e38-f6da18f4dd54,35327f2b-9205-440f-8e38-f6da18f4dd54,2025-05-02T18:15:17.755Z,2025-05-02T18:15:17.755Z
cuddle-roll,Cuddle Roll,,,cuddle roll,,,,,lyra,3,dynamic,Joanne's Flashcards,"From cuddle, adjust body so you can grab the hoop near your hips. Baseball grip. Hoop must be in knee pits. Adjust hoop if need be to do this. Tuck chin to chest. Roll forward, keeping knees bent. End with both legs (outside knee hooks) still hooked to bar. Most common issue is students not keeping bar in knee pits and plopping to the floor. Can spot by holding legs and guiding them to the bar.
",,,,,1f029e9a-7ee4-6eb2-8b72-d3d393fa307e,1f029e9a-7ee4-6eb2-8b72-d3d393fa307e,35327f2b-9205-440f-8e38-f6da18f4dd54,35327f2b-9205-440f-8e38-f6da18f4dd54,2025-05-02T18:15:17.755Z,2025-05-02T18:15:17.755Z
delilah-one-leg-straight-top-bar,Delilah,Knee Hang Top Bar Straight Leg Delilah (free leg straight),,delilah,,,one leg straight,top bar,lyra,1,static,Joanne's Flashcards,"From seated, come to DKH on top bar. Both hands inside the tabs. One leg comes off and thru hoop. Straighten free leg.",,,,,1f029e9a-7ee1-6587-8963-56ab48594fc9,1f029e9a-7ee1-6587-8963-56ab48594fc9,35327f2b-9205-440f-8e38-f6da18f4dd54,35327f2b-9205-440f-8e38-f6da18f4dd54,2025-05-02T18:15:17.755Z,2025-05-02T18:15:17.755Z
diving-bird,Diving Bird,,,diving bird,,,,,lyra,2,static,Joanne's Flashcards,"Dragon Fly
Lean back over bar with belly to the ceiling
Leg of posting arm hooks at hip crease on bottom bar
Other leg straightens under tab of opposite side of bar
",,,,,1f029e9a-7ee2-6da7-9183-5f8caeece461,1f029e9a-7ee2-6da7-9183-5f8caeece461,35327f2b-9205-440f-8e38-f6da18f4dd54,35327f2b-9205-440f-8e38-f6da18f4dd54,2025-05-02T18:15:17.755Z,2025-05-02T18:15:17.755Z
double-knee-hook-trash-can,Double Knee Hook Trash Can,,double,knee hook ,trash can,,,,lyra,0,static,Joanne's Flashcards,Seated on bottom bar. Hands to top of the bar. Drop back to knee pits.,,,,,1f029e9a-7ee0-6657-a9fa-65c8266aeb42,1f029e9a-7ee0-6657-a9fa-65c8266aeb42,35327f2b-9205-440f-8e38-f6da18f4dd54,35327f2b-9205-440f-8e38-f6da18f4dd54,2025-05-02T18:15:17.755Z,2025-05-02T18:15:17.755Z
dragonfly-straddle-back,Dragonfly Straddle Back,Straddle Back Side Bar,dragonfly,straddle back,,,,,lyra,2,static,Joanne's Flashcards,From Dragon Fly invert to Straddle Back. May exit to Wine Glass by bringing leg on face side of hoop to rest on bar.,,,,,,,,,,
delilah-one-leg-bent-top-bar,Delilah One Leg Bent,Knee Hang Top Bar Straight Leg Delilah (free leg bent),,delilah,,,one leg bent,top bar,lyra,1,static,Joanne's Flashcards,Come to DKH by bringing each toe pit to the top bar then bringing each knee pit to the top bar. Squeeze heels toward butt. Hands stay inside or slightly below tabs. One leg comes off and thru hoop. Free leg bends.,,,,,,,,,,
double-elbow-hook-bottom-bar,Elbow Hook Double Bottom Bar,,double,elbow hook,,,,bottom bar,lyra,3,static,Joanne's Flashcards,"From standing, crouch down to hoop. Elbow hook one arm then the other. One hand should be on one side of the hoop, one should be on the other. Slowly put more weight in your elbow hook. If you feel comfortable, bring legs up to tuck.

Can babystep this by slowly putting weight in elbow crease or elbowhooking one arms and regular grip with the other.  
",,,,,1f029e9a-7ee4-6b2f-b6a8-2cf50f404010,1f029e9a-7ee4-6b2f-b6a8-2cf50f404010,35327f2b-9205-440f-8e38-f6da18f4dd54,35327f2b-9205-440f-8e38-f6da18f4dd54,2025-05-02T18:15:17.755Z,2025-05-02T18:15:17.755Z
double-elbow-hook-top-bar,Elbow Hook Double Top Bar,,double,elbow hook,,,,top bar,lyra,3,static,Joanne's Flashcards,"From sitting in hoop, elbow hook one arm then the other. One hand should be on one side of the hoop, one should be on the other. Slowly put more weight in your elbow hook. If you feel comfortable, bring body off hoop and hang by elbows. 

Can babystep this by slowly putting weight in elbow crease or elbowhooking one arms and regular grip with the other.  
",,,,,1f029e9a-7ee4-6c4b-a303-22a167c67be0,1f029e9a-7ee4-6c4b-a303-22a167c67be0,35327f2b-9205-440f-8e38-f6da18f4dd54,35327f2b-9205-440f-8e38-f6da18f4dd54,2025-05-02T18:15:17.755Z,2025-05-02T18:15:17.755Z
inside-knee-hook-same-elbow-hooked,Elbow Hook Single Inside Knee Hook Single,,inside,knee hook,,same elbow hooked,,,lyra,2,static,Joanne's Flashcards,"From DKH on bottom bar, hold on with one hand on either side of knees. Release one leg off hoop and straighten it. Elbow hook same leg as knee hook. Let go with other hand.",,,,,1f029e9a-7ee4-6a1b-b790-67cda1297e3b,1f029e9a-7ee4-6a1b-b790-67cda1297e3b,35327f2b-9205-440f-8e38-f6da18f4dd54,35327f2b-9205-440f-8e38-f6da18f4dd54,2025-05-02T18:15:17.755Z,2025-05-02T18:15:17.755Z
delilah-sideways-top-bar,Delilah Sideways Top Bar,,,delilah,sideways,,,top bar,lyra,2,static,Joanne's Flashcards,"Starts from Man in the Moon. One hand top of the bar and the other bottom of the bar. Using arms, pull up/push up, and hook outside leg to the top of the hoop.",,,,,1f029e9a-7ee4-64f5-8ffc-a2c60ca354b5,1f029e9a-7ee4-64f5-8ffc-a2c60ca354b5,35327f2b-9205-440f-8e38-f6da18f4dd54,35327f2b-9205-440f-8e38-f6da18f4dd54,2025-05-02T18:15:17.755Z,2025-05-02T18:15:17.755Z
faux-butt-shelf,Faux Butt Shelf,,faux,butt shelf,,,,,lyra,2,static,Joanne's Flashcards,"From Wine Glass, hand underneath Wine Glass leg, and invert.",,,,,1f029e9a-7ee3-6d4c-8c10-b98b5b5294ba,1f029e9a-7ee3-6d4c-8c10-b98b5b5294ba,35327f2b-9205-440f-8e38-f6da18f4dd54,35327f2b-9205-440f-8e38-f6da18f4dd54,2025-05-02T18:15:17.755Z,2025-05-02T18:15:17.755Z
figure-four-foot-block-under-bar,Figure Four Foot Block Under Bar,,,figure four foot block,,,,under bar,lyra,2,static,Joanne's Flashcards,"From hip hang, grab both hands by hips (either palms away or towards). One leg extends up toward top bar and presses against bar. Other leg comes out of hoop and around to front of hoop to make 4 shape. 

This pose is more grip heavy than it seems. Because the hoop is no longer in your hip crease, the majority of your weight is now in your hands.",,,,,1f029e9a-7ee3-66eb-9679-1175b3926961,1f029e9a-7ee3-66eb-9679-1175b3926961,35327f2b-9205-440f-8e38-f6da18f4dd54,35327f2b-9205-440f-8e38-f6da18f4dd54,2025-05-02T18:15:17.755Z,2025-05-02T18:15:17.755Z
figure-head,Figure Head,,,figure head,,,,,lyra,1,static,Joanne's Flashcards,"From Standing Outside of Hoop (toe squat, duck head under to other side of top bar, arms under top bar and grab straps as high as possible, arch back and stand).  Reaching high on straps, lean forward, on leg off hoop/bend leg/toes pointed towards other leg, arch back).  Pose can only be done with long straps.",,,,,1f029e9a-7ee1-65d0-9935-c7d0e93538fc,1f029e9a-7ee1-65d0-9935-c7d0e93538fc,35327f2b-9205-440f-8e38-f6da18f4dd54,35327f2b-9205-440f-8e38-f6da18f4dd54,2025-05-02T18:15:17.755Z,2025-05-02T18:15:17.755Z
dragonfly,Dragonfly,,,dragonfly,,,,,lyra,1,static,Joanne's Flashcards,"Start from standing on floor, slide over to one side of the bar, with bar placed under that armpit. Post with other hand at about 4:00 and keep that arm straight and pushing (post). When comfortable, lift both legs with knees bent. Make sure shoulders aren’t shrugged.",,,,,1f029e9a-7ee1-6896-ad12-d12bac3f76ce,1f029e9a-7ee1-6896-ad12-d12bac3f76ce,35327f2b-9205-440f-8e38-f6da18f4dd54,35327f2b-9205-440f-8e38-f6da18f4dd54,2025-05-02T18:15:17.755Z,2025-05-02T18:15:17.755Z
fish-legs-on,Fish,,,fish,,,legs on,,lyra,1,static,Joanne's Flashcards,"Start from “L” Sit. With legs and arms straight, raise hips to the bar and arch back.",,,,,1f029e9a-7ee2-607f-856d-dc51d70e6f86,1f029e9a-7ee2-607f-856d-dc51d70e6f86,35327f2b-9205-440f-8e38-f6da18f4dd54,35327f2b-9205-440f-8e38-f6da18f4dd54,2025-05-02T18:15:17.755Z,2025-05-02T18:15:17.755Z
flag,Flag,,,flag,,,,,lyra,2,static,Joanne's Flashcards,"Standing to the side of the hoop, if hoop at right hip, left hand to top center of bar (palms away), and right hand to bottom center of bar. Feet come off the floor. Shoulders away from ears.",,,,,1f029e9a-7ee3-636d-b786-46afde54e1bd,1f029e9a-7ee3-636d-b786-46afde54e1bd,35327f2b-9205-440f-8e38-f6da18f4dd54,35327f2b-9205-440f-8e38-f6da18f4dd54,2025-05-02T18:15:17.755Z,2025-05-02T18:15:17.755Z
inside-mermaid-knee-hook-flamenco-grip,Flamenco Grip Inside Mermaid Knee Hook,,inside,mermaid knee hook,flamenco grip,,,,lyra,2,static,Joanne's Flashcards,"From Flamenco Grip Inside Mermaid, leg that matches Flamenco Grip hand hooks over that arm.

Grip must be low under tab, so knee can hook.",,,,,1f029e9a-7ee3-6cb5-a317-ab5ce6988b0e,1f029e9a-7ee3-6cb5-a317-ab5ce6988b0e,35327f2b-9205-440f-8e38-f6da18f4dd54,35327f2b-9205-440f-8e38-f6da18f4dd54,2025-05-02T18:15:17.755Z,2025-05-02T18:15:17.755Z
egg-top-bar,Egg Top Bar,,,egg,,,,top bar,lyra,,static,Joanne's Flashcards,,,,,,,,,,,
flying-saucer,Flying Saucer,,,flying saucer,,,,,lyra,2,static,Joanne's Flashcards,Starts from Standing Outside the Hoop.  Lower down so the bar is underneath the shoulder blades.  Hands grab belly of bar and raise the hoop.,,,,,1f029e9a-7ee2-6aa2-a268-fe0260b58979,1f029e9a-7ee2-6aa2-a268-fe0260b58979,35327f2b-9205-440f-8e38-f6da18f4dd54,35327f2b-9205-440f-8e38-f6da18f4dd54,2025-05-02T18:15:17.755Z,2025-05-02T18:15:17.755Z
fallen-angel,Fallen Angel,,,fallen angel,,,,,lyra,2,static,Joanne's Flashcards,Top bar double knee hook.  Hand that will match single knee hook moves to under the tab.  Release matching arm and leg.,,,,,1f029e9a-7ee2-6fd8-9810-e95e9bbfda95,1f029e9a-7ee2-6fd8-9810-e95e9bbfda95,35327f2b-9205-440f-8e38-f6da18f4dd54,35327f2b-9205-440f-8e38-f6da18f4dd54,2025-05-02T18:15:17.755Z,2025-05-02T18:15:17.755Z
figure-four-leg-on-bar,Figure Four Leg on Bar,,,figure four,,,leg on bar,,lyra,,static,Joanne's Flashcards,,,,,,,,,,,
figure-four-toe-on-bar,Figure Four Toe on Bar,,,figure four,,,toe on bar,,lyra,,static,Joanne's Flashcards,,,,,,,,,,,
injured-fish-one-leg-off,Fish Injured,,injured,fish,,,one leg off,,lyra,1,static,Joanne's Flashcards,"From Fish, one leg points to the ceiling.  Can also start from Prowl and the raise one leg with toes pointing the ceiling.",,,,,1f029e9a-7ee1-6125-a1ae-4491ac25a731,1f029e9a-7ee1-6125-a1ae-4491ac25a731,35327f2b-9205-440f-8e38-f6da18f4dd54,35327f2b-9205-440f-8e38-f6da18f4dd54,2025-05-02T18:15:17.755Z,2025-05-02T18:15:17.755Z
allegra-gazelle-straight-leg,Gazelle Allegra Straight Leg,Allegra,allegra,gazelle,,,straight leg,,lyra,2,static,Joanne's Flashcards,"Profile Plank with one booty cheek on each side of the bar.  Outside leg hooks over the same arm as the outside leg and then straightens.  Release opposite arm from hoop.  

Arm length and thigh diameter may make this move not possible to achieve.",,,,,1f029e9a-7ee3-6d98-82ae-f1a57b897c3a,1f029e9a-7ee3-6d98-82ae-f1a57b897c3a,35327f2b-9205-440f-8e38-f6da18f4dd54,35327f2b-9205-440f-8e38-f6da18f4dd54,2025-05-02T18:15:17.755Z,2025-05-02T18:15:17.755Z
flamingo,Flamingo,,,flamingo,,,,,lyra,0,static,Joanne's Flashcards,,,,,,1f029e9a-7ee0-6ad7-857b-9ba516138d22,1f029e9a-7ee0-6ad7-857b-9ba516138d22,35327f2b-9205-440f-8e38-f6da18f4dd54,35327f2b-9205-440f-8e38-f6da18f4dd54,2025-05-02T18:15:17.755Z,2025-05-02T18:15:17.755Z
french-gazelle,Gazelle French,,french,gazelle,,,,,lyra,2,static,Joanne's Flashcards,"From Profile Plank, one bootie check on the other side of the bar.  Leg that matches the lower hand is the Gazelle leg.  Gazelle leg bends (past bar - hip mobility may limit that).  Gazelle leg presses against hoop as well as free leg for blocking. Front leg hooks around bar and foot comes around as well. Hip mobility is a limiting factor. ",,,,,1f029e9a-7ee3-6e2f-acb1-8a1cdc7504af,1f029e9a-7ee3-6e2f-acb1-8a1cdc7504af,35327f2b-9205-440f-8e38-f6da18f4dd54,35327f2b-9205-440f-8e38-f6da18f4dd54,2025-05-02T18:15:17.755Z,2025-05-02T18:15:17.755Z
gazelle-front-split,Gazelle Front Split,,,gazelle,,,front split,,lyra,2,static,Joanne's Flashcards,"From Profile Plank, one bootie check on the other side of the bar.  Leg that matches the lower hand is the Gazelle leg.  Gazelle leg bends (past bar - hip mobility may limit that).  Gazelle leg presses against hoop as well as free leg for blocking. Straighten front leg. ",,,,,1f029e9a-7ee4-6955-b46e-96dde081e8b3,1f029e9a-7ee4-6955-b46e-96dde081e8b3,35327f2b-9205-440f-8e38-f6da18f4dd54,35327f2b-9205-440f-8e38-f6da18f4dd54,2025-05-02T18:15:17.755Z,2025-05-02T18:15:17.755Z
gazelle-hands-off,Gazelle No Hands,,,gazelle,,hands off,,,lyra,2,static,Joanne's Flashcards,"From Profile Plank, one bootie check on the other side of the bar.  Leg that matches the lower hand is the Gazelle leg.  Gazelle leg bends (past bar - hip mobility may limit that).  Gazelle leg presses against hoop as well as free leg for blocking.

May let go with both hands if feeling confident.  ",,,,,1f029e9a-7ee4-6589-b311-963b9290d622,1f029e9a-7ee4-6589-b311-963b9290d622,35327f2b-9205-440f-8e38-f6da18f4dd54,35327f2b-9205-440f-8e38-f6da18f4dd54,2025-05-02T18:15:17.755Z,2025-05-02T18:15:17.755Z
gazelle-twist-half-split,Gazelle Twist Half Split,,,gazelle,twist half split,,,,lyra,2,static,Joanne's Flashcards,,,,,,1f029e9a-7ee2-6c29-8474-16d91dd55eb0,1f029e9a-7ee2-6c29-8474-16d91dd55eb0,35327f2b-9205-440f-8e38-f6da18f4dd54,35327f2b-9205-440f-8e38-f6da18f4dd54,2025-05-02T18:15:17.755Z,2025-05-02T18:15:17.755Z
gazelle-twist-full-split,Gazelle Twist Split Full,,,gazelle,twist full split,,,,lyra,2,static,Joanne's Flashcards,,,,,,1f029e9a-7ee4-6621-b1cf-9da83923edc8,1f029e9a-7ee4-6621-b1cf-9da83923edc8,35327f2b-9205-440f-8e38-f6da18f4dd54,35327f2b-9205-440f-8e38-f6da18f4dd54,2025-05-02T18:15:17.755Z,2025-05-02T18:15:17.755Z
genie-dismount,Genie Dismount,,,genie dismount,,,,,lyra,1,dynamic,Joanne's Flashcards,Starts from Hip Hang.  Flip and come to the floor with legs crossed.  Common Misalignment:  shoulders by ears.  Will not be able to land with legs crossed if the hoop is too high.  Can also Genie Dismount from single knee hook on bottom bar with hands cross grip on side of hoop.,,,,,1f029e9a-7ee1-6b5b-b17f-6b6e0b8950b7,1f029e9a-7ee1-6b5b-b17f-6b6e0b8950b7,35327f2b-9205-440f-8e38-f6da18f4dd54,35327f2b-9205-440f-8e38-f6da18f4dd54,2025-05-02T18:15:17.755Z,2025-05-02T18:15:17.755Z
low-half-angel-roll,Half Angel Roll Low,,low half,angel roll,,,,,lyra,1,static,Joanne's Flashcards,"From Inside Mermaid with cross grip at belly of hoop, top leg bends towards chest.",,,,,1f029e9a-7ee1-6eaa-9822-33d4e97be695,1f029e9a-7ee1-6eaa-9822-33d4e97be695,35327f2b-9205-440f-8e38-f6da18f4dd54,35327f2b-9205-440f-8e38-f6da18f4dd54,2025-05-02T18:15:17.755Z,2025-05-02T18:15:17.755Z
half-angel-roll,Half Angel Roll,,half,angel roll,,,,,lyra,1,dynamic,Joanne's Flashcards,"From Inside Mermaid with cross grip right under tab, top leg bends towards chest.",,,,,1f029e9a-7ee2-6031-a0a1-0861ae8ac942,1f029e9a-7ee2-6031-a0a1-0861ae8ac942,35327f2b-9205-440f-8e38-f6da18f4dd54,35327f2b-9205-440f-8e38-f6da18f4dd54,2025-05-02T18:15:17.755Z,2025-05-02T18:15:17.755Z
full-mill-roll,Full Mill Roll,,full,mill roll,,,,,lyra,3,dynamic,Joanne's Flashcards,"From horse on bottom bar, pull up so bar comes to mid thigh. Bend front knee. Hands come slightly below belly palms away (everyone’s hand placement will be a bit different depending on arm length and shoulder mobility). Lean forward and go around bar, pushing leg into bar and motorcycle gripping hoop. Roll stops and starts in the same position.",,,,,,,,,,
full-scissor-roll,Full Scissor Roll,,full,scissor roll,,,,,lyra,3,dynamic,Joanne's Flashcards,,,,,,,,,,,
half-beauty-roll-from-high-outside-mermaid,Half Beauty Roll - from High Outside Mermaid,,half ,beauty roll,from high outside mermaid,,,,lyra,2,dynamic,Joanne's Flashcards,"High Outside Mermaid (hand between top of hoop and tab to leave room for body to pass thru) and bend top leg.
Rotate belly towards ceiling and bent leg with pass through arm and side of hoop.
Free arm then passes through by straightening arm and using that arm to push the hoop away.
Pull up with top arm, straightening legs (to avoid crotch), and pass body through space by following the arm
Inside Lion",,,,,1f029e9a-7ee2-6d0d-90dd-1f94de3fd134,1f029e9a-7ee2-6d0d-90dd-1f94de3fd134,35327f2b-9205-440f-8e38-f6da18f4dd54,35327f2b-9205-440f-8e38-f6da18f4dd54,2025-05-02T18:15:17.755Z,2025-05-02T18:15:17.755Z
half-beauty-roll-from-inside-lion,Half Beauty Roll - from Inside Lion,,half ,beauty roll,from inside lion,,,,lyra,2,dynamic,Joanne's Flashcards,"Inside Lion
Arm of free leg reaches up and through hoop for Flamenco Grip (hand between top of hoop and tab so there is room for head to pass through)
Head slides out between arm and hoop
Lean back so free arm can pass through body and side of hoop
As arm passes through, turn shoulders to face it, straighten arm and use the back of that arm to push hoop away
Pull up with top arm, straightening legs (to avoid crotch), and pass body through space by following the arm
Inside Lion on opposite side",,,,,1f029e9a-7ee3-6555-8d6d-b6abaff6160d,1f029e9a-7ee3-6555-8d6d-b6abaff6160d,35327f2b-9205-440f-8e38-f6da18f4dd54,35327f2b-9205-440f-8e38-f6da18f4dd54,2025-05-02T18:15:17.755Z,2025-05-02T18:15:17.755Z
half-crescent-moon,Half Crescent Moon,,,half crescent moon,,,,,lyra,2,static,Joanne's Flashcards,,,,,,1f029e9a-7ee2-69ab-abb8-ce779c01dabd,1f029e9a-7ee2-69ab-abb8-ce779c01dabd,35327f2b-9205-440f-8e38-f6da18f4dd54,35327f2b-9205-440f-8e38-f6da18f4dd54,2025-05-02T18:15:17.755Z,2025-05-02T18:15:17.755Z
gazelle-hands-on,Gazelle - Hands On,,,gazelle,,hands on,,,lyra,1,static,Joanne's Flashcards,"From Profile Plank, one bootie check on the other side of the bar.  Leg that matches the lower hand is the Gazelle leg.  Gazelle leg bends (past bar - hip mobility may limit that).  Gazelle leg presses against hoop as well as free leg for blocking.",,,,,1f029e9a-7ee1-6212-9dd4-34a7f98bb3aa,1f029e9a-7ee1-6212-9dd4-34a7f98bb3aa,35327f2b-9205-440f-8e38-f6da18f4dd54,35327f2b-9205-440f-8e38-f6da18f4dd54,2025-05-02T18:15:17.755Z,2025-05-02T18:15:17.755Z
half-popsicle-roll,Half Popsicle Roll,,half,popsicle roll,,,,,lyra,2,dynamic,Joanne's Flashcards,"From seated, bring one leg off hoop and behind hoop. Straighten legs. Grab both hands to the side of the leg that is behind the hoop. Keep hoop near upper thigh of leg that is still in hoop. Think about swinging your legs in an arch/rainbow and squeeze your thighs together. Bring your legs through the center of the hoop, using your arms to support yourself. Bar should move from one inner thigh to the other inner thigh. Roll out the opposite side of booty block.",,,,,1f029e9a-7ee4-666a-a745-4c1001973c33,1f029e9a-7ee4-666a-a745-4c1001973c33,35327f2b-9205-440f-8e38-f6da18f4dd54,35327f2b-9205-440f-8e38-f6da18f4dd54,2025-05-02T18:15:17.755Z,2025-05-02T18:15:17.755Z
hip-hang-foot-block,Hip Hang Foot Block Both Legs,,,hip hang foot block,,,,,lyra,2,static,Joanne's Flashcards,"From hip hang, bring both hands to grab by the hips. Straighten one leg up to press against the top bar. Straighten other leg to meet it.

This pose is more grip heavy than it seems. Because the hoop is no longer in your hip crease, the majority of your weight is now in your hands.",,,,,1f029e9a-7ee3-67d0-b924-feb33bac0c54,1f029e9a-7ee3-67d0-b924-feb33bac0c54,35327f2b-9205-440f-8e38-f6da18f4dd54,35327f2b-9205-440f-8e38-f6da18f4dd54,2025-05-02T18:15:17.755Z,2025-05-02T18:15:17.755Z
gazelle-hands-on-knee,Gazelle - Hands on Knee,,,gazelle,,hands on knee,,,lyra,1,static,Joanne's Flashcards,"From Gazelle, with leg blocks in place, remove one hand at a time and place them on bent knee.",,,,,1f029e9a-7ee1-66c6-b677-9220b8ad7b9c,1f029e9a-7ee1-66c6-b677-9220b8ad7b9c,35327f2b-9205-440f-8e38-f6da18f4dd54,35327f2b-9205-440f-8e38-f6da18f4dd54,2025-05-02T18:15:17.755Z,2025-05-02T18:15:17.755Z
gazelle-one-hand-on-knee,Gazelle - One Hand Knee,,,gazelle,,one hand on knee,,,lyra,1,static,Joanne's Flashcards,"From Gazelle, remove hand that matches bent leg, and place it on bent knee.",,,,,1f029e9a-7ee2-61c8-b73f-620e6273ac9f,1f029e9a-7ee2-61c8-b73f-620e6273ac9f,35327f2b-9205-440f-8e38-f6da18f4dd54,35327f2b-9205-440f-8e38-f6da18f4dd54,2025-05-02T18:15:17.755Z,2025-05-02T18:15:17.755Z
outside-mermaid-high,High Outside Mermaid,,outside,mermaid,high,,,,lyra,1,static,Joanne's Flashcards,"From seated, bring both hands to one side. Sink booty off hoop then rotate hips away from hoop. Top hand moves to top of bar.",,,,,1f029e9a-7ee1-6dbd-8297-fba809d1f5bd,1f029e9a-7ee1-6dbd-8297-fba809d1f5bd,35327f2b-9205-440f-8e38-f6da18f4dd54,35327f2b-9205-440f-8e38-f6da18f4dd54,2025-05-02T18:15:17.755Z,2025-05-02T18:15:17.755Z
allegra-gazelle-bent-leg,Gazelle Allegra Bent Leg,Allegra,allegra,gazelle,,,bent leg,,lyra,2,static,Joanne's Flashcards,"Profile Plank with one booty cheek on each side of the bar.  Outside leg hooks over the same arm as outside leg.  Release opposite arm from hoop.  

Arm length and thigh diameter may make this move not possible to achieve.
",,,,,1f029e9a-7ee4-60c5-9aa0-f6f947964265,1f029e9a-7ee4-60c5-9aa0-f6f947964265,35327f2b-9205-440f-8e38-f6da18f4dd54,35327f2b-9205-440f-8e38-f6da18f4dd54,2025-05-02T18:15:17.755Z,2025-05-02T18:15:17.755Z
hip-hang-flip-out,Hip Hang Flip Out,,,hip hang flip out,,,,,lyra,1,dynamic,Joanne's Flashcards,,,"1. one leg at a time, so remaining leg offsets gravity, 
2. both legs at the same time, 
3. pike legs with legs sliding against hoop",,,1f029e9a-7ee1-61c3-a87b-cac813b92a77,1f029e9a-7ee1-61c3-a87b-cac813b92a77,35327f2b-9205-440f-8e38-f6da18f4dd54,35327f2b-9205-440f-8e38-f6da18f4dd54,2025-05-02T18:15:17.755Z,2025-05-02T18:15:17.755Z
hip-hang-foot-block-one-leg-bent,Hip Hang Foot Block One Leg Bent,,,hip hang foot block,,,one leg bent,,lyra,1,static,Joanne's Flashcards,Lower leg can also be straight. Hoop size will determine where straight leg blocks - may be off to side instead of at top.,,,,,1f029e9a-7ee1-661b-8061-9e6c7c8ea6a8,1f029e9a-7ee1-661b-8061-9e6c7c8ea6a8,35327f2b-9205-440f-8e38-f6da18f4dd54,35327f2b-9205-440f-8e38-f6da18f4dd54,2025-05-02T18:15:17.755Z,2025-05-02T18:15:17.755Z
hip-hang-foot-block-inverted-flamingo,Hip Hang Inverted Flamingo,,,hip hang foot block,inverted flamingo,,,,lyra,2,static,Joanne's Flashcards,"From hip hang, hold one hand on either side. Extend one leg to top bar and push against it. Other leg bends knee toward chest to keep bar in hip crease. May leg go if feel confident.",,,,,1f029e9a-7ee4-6845-9541-84770aad4976,1f029e9a-7ee4-6845-9541-84770aad4976,35327f2b-9205-440f-8e38-f6da18f4dd54,35327f2b-9205-440f-8e38-f6da18f4dd54,2025-05-02T18:15:17.755Z,2025-05-02T18:15:17.755Z
hip-hang-scorpion,Hip Hang Scorpion,,,hip hang,scorpion,,,,lyra,2,static,Joanne's Flashcards,"From hip hang, grab by your hips. Allow your legs to come to the outside of the hoop while keeping legs wide.  Bend knees to hook around bar. Let go with hands.",,,,,1f029e9a-7ee3-65a1-8738-5777e845bf12,1f029e9a-7ee3-65a1-8738-5777e845bf12,35327f2b-9205-440f-8e38-f6da18f4dd54,35327f2b-9205-440f-8e38-f6da18f4dd54,2025-05-02T18:15:17.755Z,2025-05-02T18:15:17.755Z
hip-hang-top-bar,Hip Hang Top Bar,,,hip hang,,,,top bar,lyra,2,static,Joanne's Flashcards,"From seated on the bottom bar, bring hands to the outside of the tabs. Bring hips up and feet to either side of spanset. Zipper the legs up and thru the hoop. Bring hips to bar. Fold into bar for hip hang. 

Can also be done from standing and zippering legs up from there. This variation is significantly harder. 
",,,,,1f029e9a-7ee3-6158-bd63-56fc94836045,1f029e9a-7ee3-6158-bd63-56fc94836045,35327f2b-9205-440f-8e38-f6da18f4dd54,35327f2b-9205-440f-8e38-f6da18f4dd54,2025-05-02T18:15:17.755Z,2025-05-02T18:15:17.755Z
french-gazelle-stag-legs,Gazelle French Stag Legs,,french,gazelle,,,stag legs,,lyra,2,static,Joanne's Flashcards,,,,,,1f029e9a-7ee3-645a-bb9c-15dec1ba7cce,1f029e9a-7ee3-645a-bb9c-15dec1ba7cce,35327f2b-9205-440f-8e38-f6da18f4dd54,35327f2b-9205-440f-8e38-f6da18f4dd54,2025-05-02T18:15:17.755Z,2025-05-02T18:15:17.755Z
gazelle-top-bar,Gazelle Top Bar,,,gazelle,,,,top bar,lyra,2,,Joanne's Flashcards,"From seated on the top bar, wiggle one booty cheek off hoop while the other stays on. Whichever booty cheek is off, that leg wraps around same side spanset.",,,,,,,,,,
hock-hang-top-bar,Hock Hang Top Bar,,,hock hang,,,,top bar,lyra,3,static,Joanne's Flashcards,"From hip hang on the top bar, hold outside of the tabs. Bring one leg of the top bar and thru the hoop. May let go if feel confident.",,,,,1f029e9a-7ee4-6f7a-be83-48e5e621c9f4,1f029e9a-7ee4-6f7a-be83-48e5e621c9f4,35327f2b-9205-440f-8e38-f6da18f4dd54,35327f2b-9205-440f-8e38-f6da18f4dd54,2025-05-02T18:15:17.755Z,2025-05-02T18:15:17.755Z
hock-hang,Hock Hang,,,hock hang,,,,,lyra,2,static,Joanne's Flashcards,"From hip hang, bring both hands to one side. Bring the opposite leg of whatever side you're leaning to out of hoop and around. Keep leg that’s in piked toward facer to keep leg inside hoop. 

Will feel very pinchy at first. Most common mistake is people not piking the leg towards the face. Without this step, the bar comes out of the hip crease. May use hand to hold leg that’s staying in hoop. May be done without hands with feel confident. 

Another option is to bring one hand to the side of hoop and other in between the legs. Some people find this grip to be more supportive. 
",,,,,1f029e9a-7ee4-6999-a5aa-3c39c465506f,1f029e9a-7ee4-6999-a5aa-3c39c465506f,35327f2b-9205-440f-8e38-f6da18f4dd54,35327f2b-9205-440f-8e38-f6da18f4dd54,2025-05-02T18:15:17.755Z,2025-05-02T18:15:17.755Z
horse,Horse,Single Knee Hook,,horse,,,,,lyra,0,static,Joanne's Flashcards,"From seated on bottom bar, slide back, straighten one leg, take other leg off hoop and behind. Back to seated - straighten leg on hoop, bring other leg back onto hoop.",,,,,1f029e9a-7ee0-6d03-baa7-bcbb81cc9763,1f029e9a-7ee0-6d03-baa7-bcbb81cc9763,35327f2b-9205-440f-8e38-f6da18f4dd54,35327f2b-9205-440f-8e38-f6da18f4dd54,2025-05-02T18:15:17.755Z,2025-05-02T18:15:17.755Z
inside-lion-arabesque,Inside Lion Arabesque,,inside,lion,,,arabesque,,lyra,1,static,Joanne's Flashcards,"Starts from Inside Lion. Hand, that matches leg in hoop, palms away to top of hoop.  Shoulder that is blocked moves from in front of the hoop to behind the hoop.",,,,,1f029e9a-7ee1-6a2b-8d0b-bf36040c8c0f,1f029e9a-7ee1-6a2b-8d0b-bf36040c8c0f,35327f2b-9205-440f-8e38-f6da18f4dd54,35327f2b-9205-440f-8e38-f6da18f4dd54,2025-05-02T18:15:17.755Z,2025-05-02T18:15:17.755Z
inside-lion-slide,Inside Lion Slide,,,inside lion,slide,,,,lyra,2,dynamic,Joanne's Flashcards,"From DKH on top bar, bring one hand outside of tab down towards belly of hoop. Whatever hand is lower, that leg comes off of top bar and thru hoop. Slide remaining leg down like cuddle slide while bottom hand slides if need be. End in inside lion.",,,,,1f029e9a-7ee3-631b-9b6a-621d082c147c,1f029e9a-7ee3-631b-9b6a-621d082c147c,35327f2b-9205-440f-8e38-f6da18f4dd54,35327f2b-9205-440f-8e38-f6da18f4dd54,2025-05-02T18:15:17.755Z,2025-05-02T18:15:17.755Z
inside-lion-top-bar,Inside Lion Top Bar,,,inside lion,,,,top bar,lyra,2,static,Joanne's Flashcards,"From standing outside of the hoop, Bring both hands on either spanset and bring one leg into the hoop. Bring head and upper body thru the hoop. Bring spanset to armpit. Leg should be on one side and torso on the other. May hold on to spanset and hoop near opposite side of hooked leg. Other leg stays behind hoop and straightens.",,,,,1f029e9a-7ee4-6707-a63a-924149da29dd,1f029e9a-7ee4-6707-a63a-924149da29dd,35327f2b-9205-440f-8e38-f6da18f4dd54,35327f2b-9205-440f-8e38-f6da18f4dd54,2025-05-02T18:15:17.755Z,2025-05-02T18:15:17.755Z
inside-lion,Inside Lion,,inside,lion,,,,,lyra,0,static,Joanne's Flashcards,"From single knee hook/horse, slide up, block with opposite shoulder from leg in hoop.",,,,,1f029e9a-7ee0-678b-b864-5b8452996cd6,1f029e9a-7ee0-678b-b864-5b8452996cd6,35327f2b-9205-440f-8e38-f6da18f4dd54,35327f2b-9205-440f-8e38-f6da18f4dd54,2025-05-02T18:15:17.755Z,2025-05-02T18:15:17.755Z
inverted-hoop-flip-legs-bent,Inverted Hoop Flip Bent Legs,,,inverted hoop flip,,,legs bent,,lyra,2,static,Joanne's Flashcards,"From seated on top bar, hold straps, open hips and lower so bar is at sacrum and invert.  Grab hoop and raise it behind you. Butterfly legs.",,,,,1f029e9a-7ee3-6bc3-89ee-f41eee88d422,1f029e9a-7ee3-6bc3-89ee-f41eee88d422,35327f2b-9205-440f-8e38-f6da18f4dd54,35327f2b-9205-440f-8e38-f6da18f4dd54,2025-05-02T18:15:17.755Z,2025-05-02T18:15:17.755Z
half-back-balance-hands-on,Half Back Balance,,half,back balance,,hands on,,,lyra,2,static,Joanne's Flashcards,,,,,,1f029e9a-7ee3-63c0-9f72-da24b18f09c1,1f029e9a-7ee3-63c0-9f72-da24b18f09c1,35327f2b-9205-440f-8e38-f6da18f4dd54,35327f2b-9205-440f-8e38-f6da18f4dd54,2025-05-02T18:15:17.755Z,2025-05-02T18:15:17.755Z
inverted-hoop-flip-star,Inverted Star Hoop Flip,,,inverted hoop flip,star,,,,lyra,2,static,Joanne's Flashcards,"From seated on top bar, hold straps, open hips and lower so bar is at sacrum and invert.  Grab hoop and raise it behind you.",,,,,1f029e9a-7ee3-6027-98bc-d644af10b618,1f029e9a-7ee3-6027-98bc-d644af10b618,35327f2b-9205-440f-8e38-f6da18f4dd54,35327f2b-9205-440f-8e38-f6da18f4dd54,2025-05-02T18:15:17.755Z,2025-05-02T18:15:17.755Z
inverted-star-stag-legs-top-bar,Inverted Star Stag Legs,,,inverted star,,,stag legs,top bar,lyra,2,static,Joanne's Flashcards,"From seated on top bar, hold straps, open hips and lower so bar is at sacrum and invert. One leg crosses in front of both straps and the other drops back.",,,,,1f029e9a-7ee3-6295-89c7-390c07c3c75f,1f029e9a-7ee3-6295-89c7-390c07c3c75f,35327f2b-9205-440f-8e38-f6da18f4dd54,35327f2b-9205-440f-8e38-f6da18f4dd54,2025-05-02T18:15:17.755Z,2025-05-02T18:15:17.755Z
half-back-balance-hands-off,Half Back Balance - No Hands,,half ,back balance,,hands off,,,lyra,3,static,Joanne's Flashcards,,,,,,1f029e9a-7ee4-6d59-a0f6-568ff0657cce,1f029e9a-7ee4-6d59-a0f6-568ff0657cce,35327f2b-9205-440f-8e38-f6da18f4dd54,35327f2b-9205-440f-8e38-f6da18f4dd54,2025-05-02T18:15:17.755Z,2025-05-02T18:15:17.755Z
jamilla,Jamilla,,,jamilla,,,,,lyra,2,static,Joanne's Flashcards,"Start in Diving Bird or Butt Shelf.  Straight leg moves from side of the bar to the top of the bar.  Food of bent leg hooks around hoop.  Can flex top foot for a block, as well as ankle pressing against bar, and work on letting go with hands.",,,,,1f029e9a-7ee4-615e-99c2-9219e6fb415c,1f029e9a-7ee4-615e-99c2-9219e6fb415c,35327f2b-9205-440f-8e38-f6da18f4dd54,35327f2b-9205-440f-8e38-f6da18f4dd54,2025-05-02T18:15:17.755Z,2025-05-02T18:15:17.755Z
inside-knee-hook-opposite-hand-on-bar,Knee Hang Bottom Bar Single - One Hand,,inside,knee hook,,opposite hand on bar,,,lyra,1,static,Joanne's Flashcards,"From double knee hook, remove one leg (most students will need to externally rotate).",,,,,1f029e9a-7ee1-68e6-ae4b-80a25599233f,1f029e9a-7ee1-68e6-ae4b-80a25599233f,35327f2b-9205-440f-8e38-f6da18f4dd54,35327f2b-9205-440f-8e38-f6da18f4dd54,2025-05-02T18:15:17.755Z,2025-05-02T18:15:17.755Z
half-mill-roll,Half Mill Roll,,half ,mill roll,,,,,lyra,1,dynamic,Joanne's Flashcards,"Start with appropriate progression, then lean forward with hands slightly below belly of hoop, keep knee tightly bent and hands held on. Tuck the chin",,"1. 1 leg on floor, palms away, slowly bring chest down to leg, tuck the chin, keep leg hooked the whole time. Hands slightly lower than belly of the bar
2. Start without the foot on the floor, still keeping chin to chest
3. Don’t bring chin to chest",,,1f029e9a-7ee1-684a-948c-30fc65a3a543,1f029e9a-7ee1-684a-948c-30fc65a3a543,35327f2b-9205-440f-8e38-f6da18f4dd54,35327f2b-9205-440f-8e38-f6da18f4dd54,2025-05-02T18:15:17.755Z,2025-05-02T18:15:17.755Z
half-seated-forward-roll-legs-bent,Half Seated Forward Roll - Legs Bent,,half,seated forward roll,,,legs bent,,lyra,2,dynamic,Joanne's Flashcards,"From seated on bottom bar, bring bar to mid thigh. Bring hands to slightly below belly of hoop. Bend knees into butt and keep them bent the entire time. Tuck yourself into a ball, chin to chest and roll forward. Motorcycle your hands to bring you completely around the bar. Should end in seated again or in DKH if doing half roll, which would be Level 2.",,,,,1f029e9a-7ee4-6d15-87ac-de8475431d53,1f029e9a-7ee4-6d15-87ac-de8475431d53,35327f2b-9205-440f-8e38-f6da18f4dd54,35327f2b-9205-440f-8e38-f6da18f4dd54,2025-05-02T18:15:17.755Z,2025-05-02T18:15:17.755Z
high-layout-one-hand-off,High Layout - 1 Hand,,high,layout,,one hand off,,,lyra,0,static,Joanne's Flashcards,One hand top of the hoop. Lean back with the other arm extended. Scissor legs (higher leg will match hand off of the bar).,,,,,1f029e9a-7ee0-6b73-b478-869c60658fee,1f029e9a-7ee0-6b73-b478-869c60658fee,35327f2b-9205-440f-8e38-f6da18f4dd54,35327f2b-9205-440f-8e38-f6da18f4dd54,2025-05-02T18:15:17.755Z,2025-05-02T18:15:17.755Z
high-layout-hands-on,High Layout - 2 Hands,,high,layout,,hands on,,,lyra,0,static,Joanne's Flashcards,Hands below tabs. Lean back in reverse plank with straight back. Widen legs.,,,,,1f029e9a-7ee0-6991-bb68-a406679d3ab7,1f029e9a-7ee0-6991-bb68-a406679d3ab7,35327f2b-9205-440f-8e38-f6da18f4dd54,35327f2b-9205-440f-8e38-f6da18f4dd54,2025-05-02T18:15:17.755Z,2025-05-02T18:15:17.755Z
hip-hang,Hip Hang,,,hip hang,,,,,lyra,0,static,Joanne's Flashcards,"From hip height hoop, place bar at hip crease with hands by legs. Lower down to hip hang. Chin to chest.",,,,,1f029e9a-7ee0-6cb9-a4cf-910ee35411fb,1f029e9a-7ee0-6cb9-a4cf-910ee35411fb,35327f2b-9205-440f-8e38-f6da18f4dd54,35327f2b-9205-440f-8e38-f6da18f4dd54,2025-05-02T18:15:17.755Z,2025-05-02T18:15:17.755Z
hip-hang-flip-in,Hip Hang Flip In,,,hip hang flip in,,,,,lyra,1,dynamic,Joanne's Flashcards,"Palms facing away is an option, but most students are more successful with palms towards you.  Must maintain flex arm hold until inverted.  Hips to the bar and legs through hoop - not to ceiling.  Will be easier the higher the hoop - able to use more momentum.",,,,,1f029e9a-7ee1-69d5-a908-bd962846e00a,1f029e9a-7ee1-69d5-a908-bd962846e00a,35327f2b-9205-440f-8e38-f6da18f4dd54,35327f2b-9205-440f-8e38-f6da18f4dd54,2025-05-02T18:15:17.755Z,2025-05-02T18:15:17.755Z
inside-knee-hook-layout-under-bar,Knee Hook Layout Under Bar,Layout Under Bar,inside,knee hook,layout,,,under bar,lyra,0,static,Joanne's Flashcards,Hands are cross grip. One leg has an inside knee hook while the other leg is straight. Belly to ceiling. Hips squared.,,,,,1f029e9a-7ee0-6888-a5e5-d2aa9bb2d31a,1f029e9a-7ee0-6888-a5e5-d2aa9bb2d31a,35327f2b-9205-440f-8e38-f6da18f4dd54,35327f2b-9205-440f-8e38-f6da18f4dd54,2025-05-02T18:15:17.755Z,2025-05-02T18:15:17.755Z
l-pop,L Pop,,,l pop,,,,,lyra,1,static,Joanne's Flashcards,"From Inside Lion, cross grip with hand matching leg in hoop palms away and the other palms towards you.  Keep sure knee hook.  Roll forward to single knee hook under the bar.  Progressions can be keeping free leg on the floor and lean forward with chest to leg prior to roll.",,,,,1f029e9a-7ee1-63fd-b536-edafb2aaa09d,1f029e9a-7ee1-63fd-b536-edafb2aaa09d,35327f2b-9205-440f-8e38-f6da18f4dd54,35327f2b-9205-440f-8e38-f6da18f4dd54,2025-05-02T18:15:17.755Z,2025-05-02T18:15:17.755Z
l-sit,L Sit,,,l sit,,,,,lyra,0,static,Joanne's Flashcards,"Hands on top of the bar. Toe pit of one foot on bar, butt heavy, other foot on bar. 

Or enter from Trash Can.",,,one foot stays on the floor.,"legs, arms, and back not straight. ",1f029e9a-7ee0-6c6b-92e9-b8902ec59f98,1f029e9a-7ee0-6c6b-92e9-b8902ec59f98,35327f2b-9205-440f-8e38-f6da18f4dd54,35327f2b-9205-440f-8e38-f6da18f4dd54,2025-05-02T18:15:17.755Z,2025-05-02T18:15:17.755Z
hip-hang-foot-block-one-leg-straight,Hip Hang Foot Block One Leg Straight,,,hip hang foot block,,,one leg straight,,lyra,,static,Joanne's Flashcards,,,,,,,,,,,
leg-block-faint,Leg Block Faint,,,leg block faint,,,,,lyra,2,static,Joanne's Flashcards,Begin from Profile Plank then bring one booty cheek to the other side of the bar (like with Gazelle).  Inside leg bends and place foot of hoop on bar like with MIM. Outside leg straightens and passes thru to other side of hoop and blocks below tab.   Elbow hook the inside arm.  Release other arm.  MIM foot comes off the bar and ankle rests on the front of the bar.,,,,,1f029e9a-7ee3-61ab-9c44-dd40250946c4,1f029e9a-7ee3-61ab-9c44-dd40250946c4,35327f2b-9205-440f-8e38-f6da18f4dd54,35327f2b-9205-440f-8e38-f6da18f4dd54,2025-05-02T18:15:17.755Z,2025-05-02T18:15:17.755Z
hip-hang-zipper,Hip Hang Zipper,,,hip hang,zipper,,,,lyra,1,dynamic,Joanne's Flashcards,Start with flex arm grip.  One leg at a time comes from back of hoop to block on front of hoop.  Zipper feet up hoop and then lower legs to Hip Hang.  May be a progression towards flipping into the hoop.,,,,,1f029e9a-7ee1-6cd6-b6fb-8a3b078f9ac9,1f029e9a-7ee1-6cd6-b6fb-8a3b078f9ac9,35327f2b-9205-440f-8e38-f6da18f4dd54,35327f2b-9205-440f-8e38-f6da18f4dd54,2025-05-02T18:15:17.755Z,2025-05-02T18:15:17.755Z
low-inside-lion,Inside Lion,,low,inside lion,,,,,lyra,,static,Joanne's Flashcards,,,,,,,,,,,
outside-mermaid-low,Low Outside Mermaid,,outside,mermaid,low,,,,lyra,1,static,Joanne's Flashcards,"From seated, bring both hands to one side. Sink booty off hoop then rotate hips away from hoop. Top hand comes below tab to grab.",,,,,1f029e9a-7ee1-6303-8ddb-ce94b5108e3b,1f029e9a-7ee1-6303-8ddb-ce94b5108e3b,35327f2b-9205-440f-8e38-f6da18f4dd54,35327f2b-9205-440f-8e38-f6da18f4dd54,2025-05-02T18:15:17.755Z,2025-05-02T18:15:17.755Z
inside-lion-roll,Inside Lion Roll,,inside,lion roll,,,,,lyra,1,dynamic,Joanne's Flashcards,,,,,,1f029e9a-7ee2-65b9-9f58-003ee438a5ce,1f029e9a-7ee2-65b9-9f58-003ee438a5ce,35327f2b-9205-440f-8e38-f6da18f4dd54,35327f2b-9205-440f-8e38-f6da18f4dd54,2025-05-02T18:15:17.755Z,2025-05-02T18:15:17.755Z
inside-lion-roll-switch-legs,Inside Lion Roll Switch Legs,,inside,lion roll,,,switch legs,,lyra,2,dynamic,Joanne's Flashcards,"Inside Lion Roll, but as rolling, the free leg hooks on the bar. Hook will not happen naturally - must hook free leg.",,,,,,,,,,
inverted-flamingo,Inverted Flamingo,,,inverted flamingo,,,,,lyra,,static,Joanne's Flashcards,,,,,,,,,,,
inverted-running-man-top-bar,Inverted Running Man Top Bar,,,inverted running man,,,,top bar,lyra,2,static,Joanne's Flashcards,"From seated on the top bar, bring one leg behind the bar and one leg in front. Press them against sides of hoop for running man. Grab spanset and slowly tip yourself upside down so that your thighs touch the spanset. May let go with one hand. Only let go with both if feel extremely confident in pose.",,,,,1f029e9a-7ee2-6952-8e43-86aeb1dd0bc8,1f029e9a-7ee2-6952-8e43-86aeb1dd0bc8,35327f2b-9205-440f-8e38-f6da18f4dd54,35327f2b-9205-440f-8e38-f6da18f4dd54,2025-05-02T18:15:17.755Z,2025-05-02T18:15:17.755Z
inverted-star-top-bar,Inverted Star Top Bar,,,inverted star,,,,top bar,lyra,2,static,Joanne's Flashcards,"From seated on top bar, hold straps, open hips and lower so bar is at sacrum and invert.",,,,,1f029e9a-7ee2-6a57-a7d9-45b38e005e54,1f029e9a-7ee2-6a57-a7d9-45b38e005e54,35327f2b-9205-440f-8e38-f6da18f4dd54,35327f2b-9205-440f-8e38-f6da18f4dd54,2025-05-02T18:15:17.755Z,2025-05-02T18:15:17.755Z
double-knee-hang-bottom-bar,Knee Hang Double Bottom Bar,Double Knee Hang,double,knee hang,,,,bottom bar,lyra,1,static,Joanne's Flashcards,"Seated on hoop, hands under tabs, slide down to double knee hook.",,,,,1f029e9a-7ee1-6f92-ae4c-1a6af515e4c5,1f029e9a-7ee1-6f92-ae4c-1a6af515e4c5,35327f2b-9205-440f-8e38-f6da18f4dd54,35327f2b-9205-440f-8e38-f6da18f4dd54,2025-05-02T18:15:17.755Z,2025-05-02T18:15:17.755Z
double-knee-hook-hands-off-top-bar,Knee Hang Double Top Bar - No Hands,,double,knee hook,,hands off,,top bar,lyra,2,static,Joanne's Flashcards,"From DKH on top bar, squeeze heels towards glutes. Let go with hands if feel confident in knee hook. ",,,,,1f029e9a-7ee3-6739-9ede-1be136f8688d,1f029e9a-7ee3-6739-9ede-1be136f8688d,35327f2b-9205-440f-8e38-f6da18f4dd54,35327f2b-9205-440f-8e38-f6da18f4dd54,2025-05-02T18:15:17.755Z,2025-05-02T18:15:17.755Z
inside-mermaid-flamenco-grip,Mermaid Inside Flamenco Grip,,inside,mermaid,,flamenco grip,,,lyra,1,static,Joanne's Flashcards,"From seated, bring both hands to one side. Sink booty off hoop then rotate hips toward inside of hoop. Top hand grabs top bar with flamenco grip (palm toward you by rotating shoulder). If students don’t sink booty off and just rotate, they may roll right out of the hoop.",,,,,1f029e9a-7ee2-6212-855d-6995a59e533f,1f029e9a-7ee2-6212-855d-6995a59e533f,35327f2b-9205-440f-8e38-f6da18f4dd54,35327f2b-9205-440f-8e38-f6da18f4dd54,2025-05-02T18:15:17.755Z,2025-05-02T18:15:17.755Z
inside-mermaid-split,Mermaid Inside Split Legs,,inside,mermaid,,,split,,lyra,1,static,Joanne's Flashcards,"From seated, bring both hands to one side. Sink booty off hoop then rotate hips toward inside of hoop. Maybe let go with bottom hand if you feel stable.Top leg of mermaid reaches across hoop for split. If students don’t sink booty off and just rotate, they may roll right out of the hoop.",,,,,1f029e9a-7ee1-6ac1-b92e-e23b6341c2a8,1f029e9a-7ee1-6ac1-b92e-e23b6341c2a8,35327f2b-9205-440f-8e38-f6da18f4dd54,35327f2b-9205-440f-8e38-f6da18f4dd54,2025-05-02T18:15:17.755Z,2025-05-02T18:15:17.755Z
inside-mermaid,Mermaid Inside,,inside,mermaid,,,,,lyra,1,static,Joanne's Flashcards,"From seated, bring both hands to one side. Sink booty off hoop then rotate hips toward inside of hoop. Maybe let go with bottom hand if you feel stable. If students don’t sink booty off and just rotate, they may roll right out of the hoop.",,,,,1f029e9a-7ee1-6b0f-98f5-ac3017c4d7ab,1f029e9a-7ee1-6b0f-98f5-ac3017c4d7ab,35327f2b-9205-440f-8e38-f6da18f4dd54,35327f2b-9205-440f-8e38-f6da18f4dd54,2025-05-02T18:15:17.755Z,2025-05-02T18:15:17.755Z
double-knee-hang-back-press-away-top-bar,Knee Hang Top Bar Back Press Away,,double,knee hang,back press away,,,top bar,lyra,1,static,Joanne's Flashcards,DKH on top bar. Hands come to belly of hoop. Squeeze heels towards butt to stay in DKH and push arms behind. May come into backbend to make it look prettier.,,,,,1f029e9a-7ee2-6527-a7ce-3e1706abe397,1f029e9a-7ee2-6527-a7ce-3e1706abe397,35327f2b-9205-440f-8e38-f6da18f4dd54,35327f2b-9205-440f-8e38-f6da18f4dd54,2025-05-02T18:15:17.755Z,2025-05-02T18:15:17.755Z
outside-lion-slide,Outside Lion Slide,,outside,lion,slide,,,,lyra,2,dynamic,Joanne's Flashcards,"From DKH on top bar, bring one hand outside of tab further down towards belly. Whatever hand is lower, that opposite leg comes off of top bar and thru hoop. Slide remaining leg down like cuddle slide while bottom hand slides if need be. End in outside lion.",,,,,1f029e9a-7ee3-6ad5-9874-5ec082532753,1f029e9a-7ee3-6ad5-9874-5ec082532753,35327f2b-9205-440f-8e38-f6da18f4dd54,35327f2b-9205-440f-8e38-f6da18f4dd54,2025-05-02T18:15:17.755Z,2025-05-02T18:15:17.755Z
outside-lion-top-bar,Outside Lion Top Bar,,outside,lion,,,,top bar,lyra,2,static,Joanne's Flashcards,"From seated on the top bar, bring one leg to outside of spanset and hook. Keep the other leg in. Hold onto spansets and sink booty off the hoop. Come to armpit of opposite side leg for outside lion.",,,,,1f029e9a-7ee3-6867-aaca-9db42f4d3085,1f029e9a-7ee3-6867-aaca-9db42f4d3085,35327f2b-9205-440f-8e38-f6da18f4dd54,35327f2b-9205-440f-8e38-f6da18f4dd54,2025-05-02T18:15:17.755Z,2025-05-02T18:15:17.755Z
double-knee-hang-forward-press-away-top-bar,Knee Hang Top Bar Forward Press Away,,double,knee hang,forward press away,,,top bar,lyra,1,static,Joanne's Flashcards,DKH on top bar. Hands come to belly of hoop. Squeeze heels towards butt to stay in DKH and duck head to bring hoop in front of you. Push arms away.,,,,,1f029e9a-7ee1-67fd-b0b1-fdd5af2bf574,1f029e9a-7ee1-67fd-b0b1-fdd5af2bf574,35327f2b-9205-440f-8e38-f6da18f4dd54,35327f2b-9205-440f-8e38-f6da18f4dd54,2025-05-02T18:15:17.755Z,2025-05-02T18:15:17.755Z
outside-mermaid-arabesque,Outside Mermaid Arabesque,,outside,mermaid,,,arabesque,,lyra,1,static,Joanne's Flashcards,"From seated, bring both hands to one side. Sink booty off hoop then rotate hips away from hoop. Top hand moves to top of bar. Top leg comes thru hoop and bends at knee. Rotate leg/hips so that belly is facing downward. ",,,,,1f029e9a-7ee1-6ef8-83e3-ff135b0399f2,1f029e9a-7ee1-6ef8-83e3-ff135b0399f2,35327f2b-9205-440f-8e38-f6da18f4dd54,35327f2b-9205-440f-8e38-f6da18f4dd54,2025-05-02T18:15:17.755Z,2025-05-02T18:15:17.755Z
outside-mermaid-crossed-legs,Outside Mermaid Crossed Legs,,outside,mermaid,,,crossed legs,,lyra,1,static,Joanne's Flashcards,"From seated, bring both hands to one side. Sink booty off hoop then rotate hips away from hoop. Top hand moves to top of bar. Top leg comes thru hoop, crosses over bottom leg and straightens.",,,,,1f029e9a-7ee2-60d8-8633-8690132b4493,1f029e9a-7ee2-60d8-8633-8690132b4493,35327f2b-9205-440f-8e38-f6da18f4dd54,35327f2b-9205-440f-8e38-f6da18f4dd54,2025-05-02T18:15:17.755Z,2025-05-02T18:15:17.755Z
pencil-pike-bottom-bar,Pencil Bottom Bar Pike,,,pencil,pike,,,bottom bar,lyra,2,static,Joanne's Flashcards,,,,,,1f029e9a-7ee3-6f66-9ac3-79899cc2196f,1f029e9a-7ee3-6f66-9ac3-79899cc2196f,35327f2b-9205-440f-8e38-f6da18f4dd54,35327f2b-9205-440f-8e38-f6da18f4dd54,2025-05-02T18:15:17.755Z,2025-05-02T18:15:17.755Z
double-knee-hang-hands-inside-tabs-top-bar,Knee Hang Top Bar Hands High,,double,knee hang,,hands inside tabs,,top bar,lyra,1,static,Joanne's Flashcards,Come to DKH by bringing each toe pit to the top bar then bringing each knee pit to the top bar. Squeeze heels toward butt. Hands stay inside of tabs.,,,,,1f029e9a-7ee1-6677-8c5f-e7ba34734d86,1f029e9a-7ee1-6677-8c5f-e7ba34734d86,35327f2b-9205-440f-8e38-f6da18f4dd54,35327f2b-9205-440f-8e38-f6da18f4dd54,2025-05-02T18:15:17.755Z,2025-05-02T18:15:17.755Z
double-knee-hang-hands-outside-tabs-top-bar,Knee Hang Top Bar Hands Low,,double,knee hang,,hands outside tabs,,top bar,lyra,1,static,Joanne's Flashcards,Come to DKH by bringing each toe pit to the top bar then bringing each knee pit to the top bar. Squeeze heels toward butt. Hands slide down bar and come to belly of hoop. ,,,,,1f029e9a-7ee2-62f4-9608-582f404a5618,1f029e9a-7ee2-62f4-9608-582f404a5618,35327f2b-9205-440f-8e38-f6da18f4dd54,35327f2b-9205-440f-8e38-f6da18f4dd54,2025-05-02T18:15:17.755Z,2025-05-02T18:15:17.755Z
lady-in-the-moon,Lady in the Moon,,,lady in the moon,,,,,lyra,0,static,Joanne's Flashcards,"From Man in the Moon, cross legs on opposite sides of the bar.",,,,,1f029e9a-7ee0-681c-8ba5-76c1cc2e1fb2,1f029e9a-7ee0-681c-8ba5-76c1cc2e1fb2,35327f2b-9205-440f-8e38-f6da18f4dd54,35327f2b-9205-440f-8e38-f6da18f4dd54,2025-05-02T18:15:17.755Z,2025-05-02T18:15:17.755Z
pencil-bottom-bar,Pencil Bottom Bar,,,pencil,,,,bottom bar,lyra,2,static,Joanne's Flashcards,"From DKH on the bottom bar, hold hands outside of hips. Bring one leg out of hoop. Hips up to bar and straighten both legs.",,,,,1f029e9a-7ee4-67f8-af3f-d68334125877,1f029e9a-7ee4-67f8-af3f-d68334125877,35327f2b-9205-440f-8e38-f6da18f4dd54,35327f2b-9205-440f-8e38-f6da18f4dd54,2025-05-02T18:15:17.755Z,2025-05-02T18:15:17.755Z
pencil-front-split-top-bar,Pencil Top Bar Front Split,,,pencil,front split,,,top bar,lyra,2,static,Joanne's Flashcards,"From DKH, bring hands inside tabs or just outside of tabs. Bring one leg behind the hoop and keep one in front. Push hips up toward bar and straighten legs. Back leg comes to bar/spanset as front leg extends toward floor. May shift weight forward. The back leg pushing against the hoop prevents you from shifting too far.",,,,,1f029e9a-7ee3-6c17-90ee-28ab4915f49d,1f029e9a-7ee3-6c17-90ee-28ab4915f49d,35327f2b-9205-440f-8e38-f6da18f4dd54,35327f2b-9205-440f-8e38-f6da18f4dd54,2025-05-02T18:15:17.755Z,2025-05-02T18:15:17.755Z
pencil-pike-top-bar,Pencil Top Bar Pike,,,pencil,pike,,,top bar,lyra,2,static,Joanne's Flashcards,"From DKH, bring hands inside tabs or just outside of tabs. Bring one leg behind the hoop and keep one in front. Push hips up toward bar and straighten legs. Bring legs to surround hand of opposite side hand of the leg that is in front. Turn torso toward legs and pike.",,,,,1f029e9a-7ee3-68bd-a340-4aafe5a38e49,1f029e9a-7ee3-68bd-a340-4aafe5a38e49,35327f2b-9205-440f-8e38-f6da18f4dd54,35327f2b-9205-440f-8e38-f6da18f4dd54,2025-05-02T18:15:17.755Z,2025-05-02T18:15:17.755Z
pencil-scorpion-top-bar,Pencil Top Bar Scorpion,,,pencil,scorpion,,,top bar,lyra,2,static,Joanne's Flashcards,"From DKH, bring hands inside tabs or just outside of tabs. Bring one leg behind the hoop and keep one in front. Push hips up toward bar and straighten legs. Turn butt towards hand of leg that is in front. May rest butt/groin on hand. Bend knees and arch back.",,,,,1f029e9a-7ee3-69ef-aa4b-6d93150ffd5c,1f029e9a-7ee3-69ef-aa4b-6d93150ffd5c,35327f2b-9205-440f-8e38-f6da18f4dd54,35327f2b-9205-440f-8e38-f6da18f4dd54,2025-05-02T18:15:17.755Z,2025-05-02T18:15:17.755Z
pencil-side-star-top-bar,Pencil Top Bar Side Star,,,pencil,side star,,,top bar,lyra,2,static,Joanne's Flashcards,"From DKH, bring hands inside tabs or just outside of tabs. Bring one leg behind the hoop and keep one in front. Push hips up toward bar and straighten legs. Front leg rests against same side spanset. Other leg comes to side of hoop to create star shape.",,,,,1f029e9a-7ee3-6785-8e11-948a9420f7f6,1f029e9a-7ee3-6785-8e11-948a9420f7f6,35327f2b-9205-440f-8e38-f6da18f4dd54,35327f2b-9205-440f-8e38-f6da18f4dd54,2025-05-02T18:15:17.755Z,2025-05-02T18:15:17.755Z
pencil-stag-legs-top-bar,Pencil Top Bar Stag Legs,,,pencil,stag legs,,,top bar,lyra,2,static,Joanne's Flashcards,"From DKH, bring hands inside tabs or just outside of tabs. Bring one leg behind the hoop and keep one in front. Push hips up toward bar and straighten legs. Front leg bends behind you, leg behind hoop bends in front of you to create stag legs.",,,,,1f029e9a-7ee3-669d-b083-1bc773467b2b,1f029e9a-7ee3-669d-b083-1bc773467b2b,35327f2b-9205-440f-8e38-f6da18f4dd54,35327f2b-9205-440f-8e38-f6da18f4dd54,2025-05-02T18:15:17.755Z,2025-05-02T18:15:17.755Z
pencil-straddle-split-top-bar,Pencil Top Bar Straddle Split,,,pencil,straddle split,,,top bar,lyra,2,static,Joanne's Flashcards,"From DKH, bring hands inside tabs or just outside of tabs. Bring one leg behind the hoop and keep one in front. Push hips up toward bar and straighten legs. Push legs wide into straddle. ",,,,,1f029e9a-7ee3-6e7a-b4aa-f7c8e536d158,1f029e9a-7ee3-6e7a-b4aa-f7c8e536d158,35327f2b-9205-440f-8e38-f6da18f4dd54,35327f2b-9205-440f-8e38-f6da18f4dd54,2025-05-02T18:15:17.755Z,2025-05-02T18:15:17.755Z
low-man-in-the-moon,Low Man in the Moon,,low,man in the moon,,,,,lyra,1,static,Joanne's Flashcards,"WHen coming into man in moon, lean the torso back and slide down the hoop slightly. Can also get into it by going to regular MIM and using hands to manually slide yourself down lower. ",,,,,1f029e9a-7ee1-6d70-b9d1-50fbed763925,1f029e9a-7ee1-6d70-b9d1-50fbed763925,35327f2b-9205-440f-8e38-f6da18f4dd54,35327f2b-9205-440f-8e38-f6da18f4dd54,2025-05-02T18:15:17.755Z,2025-05-02T18:15:17.755Z
pencil-top-bar,Pencil Top Bar,,,pencil,,,,top bar,lyra,2,static,Joanne's Flashcards,"From DKH, bring hands inside tabs or just outside of tabs. Bring one leg behind the hoop and keep one in front. Push hips up toward bar and straighten legs.",,,,,1f029e9a-7ee4-69da-b821-84cae79ce900,1f029e9a-7ee4-69da-b821-84cae79ce900,35327f2b-9205-440f-8e38-f6da18f4dd54,35327f2b-9205-440f-8e38-f6da18f4dd54,2025-05-02T18:15:17.755Z,2025-05-02T18:15:17.755Z
man-in-the-moon-invert,Man in Moon Invert,,,man in the moon,invert,,,,lyra,2,static,Joanne's Flashcards,,,,,,1f029e9a-7ee3-6a3a-9362-fff4780b3c57,1f029e9a-7ee3-6a3a-9362-fff4780b3c57,35327f2b-9205-440f-8e38-f6da18f4dd54,35327f2b-9205-440f-8e38-f6da18f4dd54,2025-05-02T18:15:17.755Z,2025-05-02T18:15:17.755Z
low-man-in-the-moon-legs-crossed,Man in Moon Low Legs Crossed,,low,man in the moon,,,legs crossed,,lyra,1,static,Joanne's Flashcards,Come into man in moon. May hold on one hand on top bar and one around booty on bottom bar. Straight one leg at a time. May use spanset to support feet.,,,,,1f029e9a-7ee2-6428-bced-945f0cfe06f1,1f029e9a-7ee2-6428-bced-945f0cfe06f1,35327f2b-9205-440f-8e38-f6da18f4dd54,35327f2b-9205-440f-8e38-f6da18f4dd54,2025-05-02T18:15:17.755Z,2025-05-02T18:15:17.755Z
pike-top-bar,Pike Top Bar,,,pike,,,,top bar,lyra,1,static,Joanne's Flashcards,"Starting from a top bar double knee hang. Start by taking off one leg at a time and straightening it, with hands holding onto the bar. When safe, take off the other leg and straighten it. Keep upper body stacked. Hoop may shake slightly, engage core.",,,,,1f029e9a-7ee1-6074-ab14-2c5163889fbd,1f029e9a-7ee1-6074-ab14-2c5163889fbd,35327f2b-9205-440f-8e38-f6da18f4dd54,35327f2b-9205-440f-8e38-f6da18f4dd54,2025-05-02T18:15:17.755Z,2025-05-02T18:15:17.755Z
man-in-the-moon-straddle,Man in Moon Straddle,,,man in the moon,,,straddle,,lyra,1,static,Joanne's Flashcards,"Come to MIM. Hands may come to top bar or one on top bar and one on bottom (personal preference, some people find one way more supportive than the other and vice versa). Use hands to pull up and use core to stabilize yourself while you bring legs off hoop. Maybe also be done with legs bent like butterfly stretch. The butterfly option is less intense on the hip flexors and is slightly less intense on abs since the lever is shorter. ",,,,,1f029e9a-7ee1-6175-bb30-f1c0e7f4e420,1f029e9a-7ee1-6175-bb30-f1c0e7f4e420,35327f2b-9205-440f-8e38-f6da18f4dd54,35327f2b-9205-440f-8e38-f6da18f4dd54,2025-05-02T18:15:17.755Z,2025-05-02T18:15:17.755Z
man-in-the-moon,Man in the Moon,,,man in the moon,,,,,lyra,0,static,Joanne's Flashcards,"From Profile Sit, walk hands back on the top bar until your shoulder rests on the bar (shoulder block). Bottom bar may be on the same booty cheek or the opposite. Knees together. Blocking: feet push against bar and shoulder pushes against bar. Both hands stay on the bar for Intro.",,,Can move down to a lower Man in the Moon of the bar is on the tailbone.,,1f029e9a-7ee0-6bcd-b8c0-0187c2e0a6ec,1f029e9a-7ee0-6bcd-b8c0-0187c2e0a6ec,35327f2b-9205-440f-8e38-f6da18f4dd54,35327f2b-9205-440f-8e38-f6da18f4dd54,2025-05-02T18:15:17.755Z,2025-05-02T18:15:17.755Z
man-in-the-moon-press-away,Man in the Moon Press Away,,,man in the moon,press away,,,,lyra,2,static,Joanne's Flashcards,"Begin in Man in the Moon with legs high on the bar.  Both arms to head side of hoop, and bar goes under armpit of arm closest to hoop.  Cross grip.  Straighten legs.",,,,,1f029e9a-7ee4-63c7-be17-05848c603659,1f029e9a-7ee4-63c7-be17-05848c603659,35327f2b-9205-440f-8e38-f6da18f4dd54,35327f2b-9205-440f-8e38-f6da18f4dd54,2025-05-02T18:15:17.755Z,2025-05-02T18:15:17.755Z
pretzel-hang-hands-off-bottom-bar,Pretzel Hang Low Bar No Hands,,,pretzel hang,,hands off,,bottom bar,lyra,3,static,Joanne's Flashcards,"From SKH on bottom bar, bring both hands to opposite side of bar as the leg thats hooked. Cross opposite side leg knee pit over foot of leg that is hooked. Use the crossed leg to push into other leg to keep knee hook. If you feel confident, you can let go with both hands.",,,,,1f029e9a-7ee4-6e6f-b526-6f325f573e1a,1f029e9a-7ee4-6e6f-b526-6f325f573e1a,35327f2b-9205-440f-8e38-f6da18f4dd54,35327f2b-9205-440f-8e38-f6da18f4dd54,2025-05-02T18:15:17.755Z,2025-05-02T18:15:17.755Z
martini,Martini,,,martini,,,,,lyra,2,static,Joanne's Flashcards,"From DKH on the bottom bar, bring hands to either side of hips. Release one leg off. Elbow hook same arm as leg that is knee hooked. Other hand releases. Straighten free leg toward ceiling. Elbow hook arm can grab free leg to make pretty pose. ",,,,,1f029e9a-7ee4-6112-89b4-d47e9ce48c77,1f029e9a-7ee4-6112-89b4-d47e9ce48c77,35327f2b-9205-440f-8e38-f6da18f4dd54,35327f2b-9205-440f-8e38-f6da18f4dd54,2025-05-02T18:15:17.755Z,2025-05-02T18:15:17.755Z
pretzel-hang-single-arm-no-knee-hook,Pretzel Single Arm No Knee Hook,,,pretzel hang,,single arm,no knee hook,,lyra,2,static,Joanne's Flashcards,SKH bottom bar.  Both hands to free leg side.  Free leg arm under free leg and hand grabs bar.  Remove KH leg.  Can keep both hands on bar or remove free leg arm.,,,,,1f029e9a-7ee2-6a03-8c7b-7226d428e854,1f029e9a-7ee2-6a03-8c7b-7226d428e854,35327f2b-9205-440f-8e38-f6da18f4dd54,35327f2b-9205-440f-8e38-f6da18f4dd54,2025-05-02T18:15:17.755Z,2025-05-02T18:15:17.755Z
profile-plank-elbow-hook,Profile Plank Elbow Hook,,,profile plank,,elbow hook,,,lyra,2,static,Joanne's Flashcards,Cross grip hands right below the tab on one side of the hoop.  Belly to the ceiling.  Bring arm closest to hoop into elbow hook around bar. May let go with other hand.,,,,,1f029e9a-7ee4-690f-b2e2-a77cc73074cd,1f029e9a-7ee4-690f-b2e2-a77cc73074cd,35327f2b-9205-440f-8e38-f6da18f4dd54,35327f2b-9205-440f-8e38-f6da18f4dd54,2025-05-02T18:15:17.755Z,2025-05-02T18:15:17.755Z
martini-top-bar,Martini Top Bar,,,martini,,,,top bar,lyra,2,static,Joanne's Flashcards,"From DKH top bar, take off one leg and replace it with elbow hook.  Can bring head through the hoop.  Can post with opposite hand onto bottom bar.  Careful during entry as hoop may tip.",,,,,1f029e9a-7ee4-61f5-9231-218b754da468,1f029e9a-7ee4-61f5-9231-218b754da468,35327f2b-9205-440f-8e38-f6da18f4dd54,35327f2b-9205-440f-8e38-f6da18f4dd54,2025-05-02T18:15:17.755Z,2025-05-02T18:15:17.755Z
profile-plank,Profile Plank,,,profile plank,,,,,lyra,0,static,Joanne's Flashcards,Cross grip hands right below the tab on one side of the hoop. Belly to the ceiling. May let go with the lower hand.,,,,,1f029e9a-7ee0-6d4e-99ea-dd09e08466c1,1f029e9a-7ee0-6d4e-99ea-dd09e08466c1,35327f2b-9205-440f-8e38-f6da18f4dd54,35327f2b-9205-440f-8e38-f6da18f4dd54,2025-05-02T18:15:17.755Z,2025-05-02T18:15:17.755Z
meathook,Meathook,,,meathook,,,,,lyra,3,static,Joanne's Flashcards,"From straddle back on the bottom bar, bring one leg to meet the other. Engage core, chest, shoulders, etc. Keep hips up to bar by using same arm as leg that comes across to manually pull hips up toward bar. May bend arm to pull hips up. VERY core heavy.",,,,,,,,,,
meathook-one-hand-off,Meathook One Hand,,,meathook,,one hand off,,,lyra,3,static,Joanne's Flashcards,,,,,,,,,,,
running-man-cross-knee-release,Running Man Cross Knee Release,,,running man,cross knee release,,,,lyra,2,static,Joanne's Flashcards,,,,,,1f029e9a-7ee2-6cbf-a54d-7b9b1a03b2e0,1f029e9a-7ee2-6cbf-a54d-7b9b1a03b2e0,35327f2b-9205-440f-8e38-f6da18f4dd54,35327f2b-9205-440f-8e38-f6da18f4dd54,2025-05-02T18:15:17.755Z,2025-05-02T18:15:17.755Z
outside-knee-hook-both-legs-hooked,Outside Knee Hook Both Legs,Outside Knee Hook,outside ,knee hook,,,both legs hooked,,lyra,1,static,Joanne's Flashcards,"Seated, both hands to one side, sink down to knees.",,,,,1f029e9a-7ee2-638e-8c07-f31f939c7898,1f029e9a-7ee2-638e-8c07-f31f939c7898,35327f2b-9205-440f-8e38-f6da18f4dd54,35327f2b-9205-440f-8e38-f6da18f4dd54,2025-05-02T18:15:17.755Z,2025-05-02T18:15:17.755Z
russian-roll,Russian Roll,,,russian roll,,,,,lyra,3,dynamic,Joanne's Flashcards,"Single knee hook on bottom bar. Hands come on either side of leg, palms toward you. May be done with momentum by ticking toking back and forth or done without. Either way, drive free leg thru the center of the hoop. Bring the chest up and motorcycle grip. 

Most common issue is students landing in hok hang. This is most likely caused from not driving leg as much as needed and not bringing the chest up at the end of the roll. 
",,,,,1f029e9a-7ee4-6e2d-af68-5706a735f830,1f029e9a-7ee4-6e2d-af68-5706a735f830,35327f2b-9205-440f-8e38-f6da18f4dd54,35327f2b-9205-440f-8e38-f6da18f4dd54,2025-05-02T18:15:17.755Z,2025-05-02T18:15:17.755Z
sacrum-balance-invert-top-bar,Sacrum Balance Invert Top Bar,,,sacrum balance invert top bar,,,,,lyra,2,static,Joanne's Flashcards,"From seated on the top bar, sink your booty thru the spanset while you lean back, legs going wide for straddle. May need to adjust where bar is on back. Bar should be above the butt, not below. ",,,,,1f029e9a-7ee3-6d00-90ff-bfd6dd0c8a21,1f029e9a-7ee3-6d00-90ff-bfd6dd0c8a21,35327f2b-9205-440f-8e38-f6da18f4dd54,35327f2b-9205-440f-8e38-f6da18f4dd54,2025-05-02T18:15:17.755Z,2025-05-02T18:15:17.755Z
scorpion-top-bar,Scorpion - Knee Hang Outside Top Bar,Knee Hang Outside Top Bar,,scorpion,,,,top bar,lyra,2,,Joanne's Flashcards,"From standing inside the hoop, bring bar to hips and hands thru spansets. Hold onto hoop just below the tabs. Lean forward into hip hang, letting your legs go wide and knees bend to catch spansets. May let go after secured in pose.",,,,,1f029e9a-7ee3-690c-91e3-f4f459fcb3fe,1f029e9a-7ee3-690c-91e3-f4f459fcb3fe,35327f2b-9205-440f-8e38-f6da18f4dd54,35327f2b-9205-440f-8e38-f6da18f4dd54,2025-05-02T18:15:17.755Z,2025-05-02T18:15:17.755Z
outside-knee-hook-one-leg,Outside Knee Hook One Leg,,outside ,knee hook,,,one leg,,lyra,,static,Joanne's Flashcards,,,,,,,,,,,
seated-forward-roll-legs-bent,Seated Forward Roll - Legs Bent,,,seated forward roll,,,legs bent,,lyra,3,dynamic,Joanne's Flashcards,"From seated on bottom bar, bring bar to mid thigh. Bring hands to slightly below belly of hoop. Bend knees into butt and keep them bent the entire time. Tuck yourself into a ball, chin to chest and roll forward. Motorcycle your hands to bring you completely around the bar. Should end in seated again or in DKH if doing half roll, which would be Level 2.",,,,,1f029e9a-7ee4-6d15-87ac-de8475431d53,1f029e9a-7ee4-6d15-87ac-de8475431d53,35327f2b-9205-440f-8e38-f6da18f4dd54,35327f2b-9205-440f-8e38-f6da18f4dd54,2025-05-02T18:15:17.755Z,2025-05-02T18:15:17.755Z
seated-forward-roll-legs-straight,Seated Forward Roll - Legs Straight,,,seated forward roll,,,legs straight,,lyra,3,dynamic,Joanne's Flashcards,,,,,,1f029e9a-7ee4-6cd2-9809-ddcba5ad0cc0,1f029e9a-7ee4-6cd2-9809-ddcba5ad0cc0,35327f2b-9205-440f-8e38-f6da18f4dd54,35327f2b-9205-440f-8e38-f6da18f4dd54,2025-05-02T18:15:17.755Z,2025-05-02T18:15:17.755Z
secretary-sit-under-bar,Secretary Sit Under Bar,,,secretary sit,,,,under bar,lyra,1,static,Joanne's Flashcards,,,,,,1f029e9a-7ee1-653a-af87-cce9893ac03d,1f029e9a-7ee1-653a-af87-cce9893ac03d,35327f2b-9205-440f-8e38-f6da18f4dd54,35327f2b-9205-440f-8e38-f6da18f4dd54,2025-05-02T18:15:17.755Z,2025-05-02T18:15:17.755Z
shoulder-stand-arrow,Shoulder Stand Arrow,,,shoulder stand,,,arrow,,lyra,2,static,Joanne's Flashcards,"From DKH on top bar, bring hands to belly. Let torso extend, head towards the floor. Rest shoulders on hoop. Once shoulders are in place, bring hands inside hoop and around. Grab slightly below belly of hoop.  One leg stays hooked on top bar. Bring other leg behind hoop and straighten to side to make arrow shape.",,,,,1f029e9a-7ee3-64a9-9ebc-61f8cb7da8c2,1f029e9a-7ee3-64a9-9ebc-61f8cb7da8c2,35327f2b-9205-440f-8e38-f6da18f4dd54,35327f2b-9205-440f-8e38-f6da18f4dd54,2025-05-02T18:15:17.755Z,2025-05-02T18:15:17.755Z
shoulder-stand-delilah,Shoulder Stand Delilah,,,shoulder stand,,,delilah,,lyra,2,static,Joanne's Flashcards,"From DKH on top bar, bring hands to belly. Let torso extend, head towards the floor. Rest shoulders on hoop while keeping knee hook. Once shoulders are in place, bring hands inside hoop and around. Grab slightly below belly of hoop.  One leg remains bent on top of hoop while other comes off hoop to behind hoop and bends knee.",,,,,1f029e9a-7ee4-64a9-a3c4-357b24d53706,1f029e9a-7ee4-64a9-a3c4-357b24d53706,35327f2b-9205-440f-8e38-f6da18f4dd54,35327f2b-9205-440f-8e38-f6da18f4dd54,2025-05-02T18:15:17.755Z,2025-05-02T18:15:17.755Z
shoulder-stand-double-knee-hang,Shoulder Stand Double Knee Hang,,,shoulder stand,,,double knee hang,,lyra,2,static,Joanne's Flashcards,"From DKH on top bar, bring hands to belly. Let torso extend, head towards the floor. Rest shoulders on hoop while keeping knee hook. Once shoulders are in place, bring hands inside hoop and around. Grab slightly below belly of hoop.",,,,,1f029e9a-7ee4-6888-b67b-2e3560efcae6,1f029e9a-7ee4-6888-b67b-2e3560efcae6,35327f2b-9205-440f-8e38-f6da18f4dd54,35327f2b-9205-440f-8e38-f6da18f4dd54,2025-05-02T18:15:17.755Z,2025-05-02T18:15:17.755Z
shoulder-stand-pike,Shoulder Stand Pike,,,shoulder stand,,,pike,,lyra,2,static,Joanne's Flashcards,"From Shoulder Stand, use arms to pull up, so pressure is off shoulders, yet bar still resting on neck below bone, then pike one leg at a time.",,,,,1f029e9a-7ee2-6f3e-b67c-2c4cba6b7376,1f029e9a-7ee2-6f3e-b67c-2c4cba6b7376,35327f2b-9205-440f-8e38-f6da18f4dd54,35327f2b-9205-440f-8e38-f6da18f4dd54,2025-05-02T18:15:17.755Z,2025-05-02T18:15:17.755Z
inverted-secretary-sit-side-bar,Side Bar Inverted Secretary Sit,,inverted ,secretary sit,,,,side bar,lyra,2,static,Joanne's Flashcards,,,,,,1f029e9a-7ee2-6d59-8be0-b3c6c174c335,1f029e9a-7ee2-6d59-8be0-b3c6c174c335,35327f2b-9205-440f-8e38-f6da18f4dd54,35327f2b-9205-440f-8e38-f6da18f4dd54,2025-05-02T18:15:17.755Z,2025-05-02T18:15:17.755Z
side-bar-thigh-hold,Side Bar Thigh Hold,,,side bar thigh hold,,,,,lyra,2,static,Joanne's Flashcards,,,,,,1f029e9a-7ee3-6248-b4d6-248b24376ab3,1f029e9a-7ee3-6248-b4d6-248b24376ab3,35327f2b-9205-440f-8e38-f6da18f4dd54,35327f2b-9205-440f-8e38-f6da18f4dd54,2025-05-02T18:15:17.755Z,2025-05-02T18:15:17.755Z
side-star-top-bar,Side Star Top Bar,,,side star ,,,,top bar,lyra,2,static,Joanne's Flashcards,Top bar double knee hang.  One leg zippers up the strap behind the hoop while the other leg comes behind the belly of the hoop.  Hands can be under tabs or between tabs.,,,,,1f029e9a-7ee4-6379-a313-babc4504de67,1f029e9a-7ee4-6379-a313-babc4504de67,35327f2b-9205-440f-8e38-f6da18f4dd54,35327f2b-9205-440f-8e38-f6da18f4dd54,2025-05-02T18:15:17.755Z,2025-05-02T18:15:17.755Z
single-arm-dead-hang,Single Arm Hang,,single arm,dead hang,,,,,lyra,3,static,Joanne's Flashcards,,,,,,1f029e9a-7ee4-6c8f-9d55-2784e7c85081,1f029e9a-7ee4-6c8f-9d55-2784e7c85081,35327f2b-9205-440f-8e38-f6da18f4dd54,35327f2b-9205-440f-8e38-f6da18f4dd54,2025-05-02T18:15:17.755Z,2025-05-02T18:15:17.755Z
outside-lion,Outside Lion,,outside,lion,,,,,lyra,1,static,Joanne's Flashcards,"From dragonfly, bring same leg as posting arm in hoop. Bend that knee. Hoop should be in opposite side armpit. ",,,,,1f029e9a-7ee1-6ba3-b0d4-c979f59d7d7a,1f029e9a-7ee1-6ba3-b0d4-c979f59d7d7a,35327f2b-9205-440f-8e38-f6da18f4dd54,35327f2b-9205-440f-8e38-f6da18f4dd54,2025-05-02T18:15:17.755Z,2025-05-02T18:15:17.755Z
single-knee-hook-hands-off,Single Knee Hook - No Hands,,single,knee hook,,hands off,,,lyra,3,static,Joanne's Flashcards,"From DKH on the bottom bar, squeeze heel toward butt. Release one leg off hoop, bringing it behind you. Hands come off hoop. 

**Requires a very strong knee hook. May modify by doing single knee hook with one hand holding on**",,,,,1f029e9a-7ee4-6bc1-8093-22fb191b9cbb,1f029e9a-7ee4-6bc1-8093-22fb191b9cbb,35327f2b-9205-440f-8e38-f6da18f4dd54,35327f2b-9205-440f-8e38-f6da18f4dd54,2025-05-02T18:15:17.755Z,2025-05-02T18:15:17.755Z
single-knee-hook-back-press-away-top-bar,Single Knee Hook Back Press Away,,single,knee hook,back press away,,,top bar,lyra,3,static,Joanne's Flashcards,,,,,,1f029e9a-7ee4-6f37-980f-7d1539f60cff,1f029e9a-7ee4-6f37-980f-7d1539f60cff,35327f2b-9205-440f-8e38-f6da18f4dd54,35327f2b-9205-440f-8e38-f6da18f4dd54,2025-05-02T18:15:17.755Z,2025-05-02T18:15:17.755Z
single-knee-hook-front-press-away-top-bar,Single Knee Hook Front Press Away,,single,knee hook,front press away,,,top bar,lyra,3,static,Joanne's Flashcards,,,,,,1f029e9a-7ee4-6dde-acaa-852f12dfe769,1f029e9a-7ee4-6dde-acaa-852f12dfe769,35327f2b-9205-440f-8e38-f6da18f4dd54,35327f2b-9205-440f-8e38-f6da18f4dd54,2025-05-02T18:15:17.755Z,2025-05-02T18:15:17.755Z
pencil-scorpion-bottom-bar,Pencil Bottom Bar Scorpion,,,pencil,scorpion,,,bottom bar,lyra,2,static,Joanne's Flashcards,Hook one leg on the bar. Hands come to either side of hooked leg (can be palms away/palms toward/baseball grip). Lift hips up to bar for pencil then rotate butt towards front leg side. Bend knees in that direction and allow hips/butt to come to same side hand.,,,,,1f029e9a-7ee4-6075-8318-1c40e707288d,1f029e9a-7ee4-6075-8318-1c40e707288d,35327f2b-9205-440f-8e38-f6da18f4dd54,35327f2b-9205-440f-8e38-f6da18f4dd54,2025-05-02T18:15:17.755Z,2025-05-02T18:15:17.755Z
skin-the-cat-bottom-bar,Skin the Cat Bottom Bar,,,skin the cat,,,,bottom bar,lyra,2,static,Joanne's Flashcards,"From DKH on bottom bar, palms face toward you. Bring legs off hoop and tuck legs in toward chest. Rotate body and bring toes to floor. Come back up. **Shoulder heavy**",,,,,1f029e9a-7ee3-6c64-ac97-5a7055a1b2bd,1f029e9a-7ee3-6c64-ac97-5a7055a1b2bd,35327f2b-9205-440f-8e38-f6da18f4dd54,35327f2b-9205-440f-8e38-f6da18f4dd54,2025-05-02T18:15:17.755Z,2025-05-02T18:15:17.755Z
pencil-stag-legs-bottom-bar,Pencil Bottom Bar Stag Legs,,,pencil,stag legs,,,bottom bar,lyra,2,static,Joanne's Flashcards,"Hook one leg on the bar. Hands come to either side of hooked leg (can be palms away/palms toward/baseball grip). Lift hips up to bar for pencil. Turn hips to side of bar, facing opposite side of leg in front. Both legs bend. Front leg bends behind you while the back leg bends in front of you for stag.",,,,,1f029e9a-7ee4-65d4-bc7c-6abcadbd5029,1f029e9a-7ee4-65d4-bc7c-6abcadbd5029,35327f2b-9205-440f-8e38-f6da18f4dd54,35327f2b-9205-440f-8e38-f6da18f4dd54,2025-05-02T18:15:17.755Z,2025-05-02T18:15:17.755Z
sky-diver-bottom-bar,Sky Diver Bottom Bar,,,sky diver,,,,bottom bar,lyra,1,static,Joanne's Flashcards,"From DKH on bottom bar, Bring hands outside of legs palms facing toward you. Bring knees off of hoop and hook feet on each side of hoop. The lower your feet, the more of a backbend you come into. To get out bring booty below the bar and rehook legs in DKH. 

May also be done from buttshelf by bringing hands by hips (palms away) and sliding booty off while feet hook. ",,,,,1f029e9a-7ee1-64ea-9b0d-bdb7a85ae48a,1f029e9a-7ee1-64ea-9b0d-bdb7a85ae48a,35327f2b-9205-440f-8e38-f6da18f4dd54,35327f2b-9205-440f-8e38-f6da18f4dd54,2025-05-02T18:15:17.755Z,2025-05-02T18:15:17.755Z
spider-under-bar,Spider Under Bar,,,spider,,,,under bar,lyra,1,static,Joanne's Flashcards,"Starting from double knee hang on bottom bar, bring body up to touch the bar,  move one leg and turn it out to push up against the side of the bar, then take the other leg and do the same thing on the other side.
",,,,,1f029e9a-7ee2-6570-b6bc-bd8075481c40,1f029e9a-7ee2-6570-b6bc-bd8075481c40,35327f2b-9205-440f-8e38-f6da18f4dd54,35327f2b-9205-440f-8e38-f6da18f4dd54,2025-05-02T18:15:17.755Z,2025-05-02T18:15:17.755Z
pencil-straddle-split-bottom-bar,Pencil Bottom Bar Straddle Split,,,pencil,straddle split,,,bottom bar,lyra,2,static,Joanne's Flashcards,Hook one leg on the bar. Hands come to either side of hooked leg (can be palms away/palms toward/baseball grip). Lift hips up to bar for pencil. Front leg extends in front of you and back leg extends toward the opposite side hand of front leg for straddle.,,,,,1f029e9a-7ee3-61f9-8daa-ff07e5e3b436,1f029e9a-7ee3-61f9-8daa-ff07e5e3b436,35327f2b-9205-440f-8e38-f6da18f4dd54,35327f2b-9205-440f-8e38-f6da18f4dd54,2025-05-02T18:15:17.755Z,2025-05-02T18:15:17.755Z
pencil-tick-tocks-top-bar,Pencil Top Bar Tick Tocks,,,pencil,tick tocks,,,top bar,lyra,2,dynamic,Joanne's Flashcards,"From DKH, bring hands inside tabs or just outside of tabs. Bring one leg behind the hoop and keep one in front. Push hips up toward bar and straighten legs. Rock weight forward, using the back leg to prevent you from going to far forward. Rock weight back, using front leg to prevent you from going to far back. Repeat.",,,,,1f029e9a-7ee3-6de2-ad67-65049c4d48e3,1f029e9a-7ee3-6de2-ad67-65049c4d48e3,35327f2b-9205-440f-8e38-f6da18f4dd54,35327f2b-9205-440f-8e38-f6da18f4dd54,2025-05-02T18:15:17.755Z,2025-05-02T18:15:17.755Z
splits-down-hips-squared,Splits Down Hip Squared,,,splits down,,,hips squared,,lyra,1,static,Joanne's Flashcards,"From an L sit, take one foot off and bend the knee. Option for open hip splits down (becomes more of a straddle instead of split)",,,,,1f029e9a-7ee1-63a3-8812-d2f0ce59bc02,1f029e9a-7ee1-63a3-8812-d2f0ce59bc02,35327f2b-9205-440f-8e38-f6da18f4dd54,35327f2b-9205-440f-8e38-f6da18f4dd54,2025-05-02T18:15:17.755Z,2025-05-02T18:15:17.755Z
stag-drop,Stag Drop,,,stag drop,,,,,lyra,2,dynamic,Joanne's Flashcards,"From Stag, knee hook arms reaches across to the other side of the bar, roll out, and hook inside knee hook on straight leg.  For outside knee hook, free leg hand reaches across to the other side of the bar.  Progression:  Use one hand only - free leg hand only for inside knee hook and bent leg hand stays on for outside knee hook.",,,,,1f029e9a-7ee3-6958-869c-94069261af26,1f029e9a-7ee3-6958-869c-94069261af26,35327f2b-9205-440f-8e38-f6da18f4dd54,35327f2b-9205-440f-8e38-f6da18f4dd54,2025-05-02T18:15:17.755Z,2025-05-02T18:15:17.755Z
stag-from-wine-glass,Stag from Wine Glass,,,stag from wine glass,,,,,lyra,2,static,Joanne's Flashcards,"From wine glass, bring both hands to the belly, reaching above wine glass leg. Bring hips to bar and free leg thru hoop to rest against side of hoop with stag legs.",,,,,1f029e9a-7ee4-67b8-8bda-d2820a30dc2b,1f029e9a-7ee4-67b8-8bda-d2820a30dc2b,35327f2b-9205-440f-8e38-f6da18f4dd54,35327f2b-9205-440f-8e38-f6da18f4dd54,2025-05-02T18:15:17.755Z,2025-05-02T18:15:17.755Z
stag,Stag,,,stag,,,,,lyra,0,static,Joanne's Flashcards,"From horse/single knee hook, pull up and lean forward through the hoop with straight arms, palms away. The bar (weight) should be on the back leg. Squeeze booty. Shoulder mobility and hoop diameter may be a factor in entrance and exit - may need to use one shoulder at a time.",,,,,1f029e9a-7ee0-6c1d-8616-f7ede22e86ba,1f029e9a-7ee0-6c1d-8616-f7ede22e86ba,35327f2b-9205-440f-8e38-f6da18f4dd54,35327f2b-9205-440f-8e38-f6da18f4dd54,2025-05-02T18:15:17.755Z,2025-05-02T18:15:17.755Z
pike-bottom-bar,Pike Bottom Bar,,,pike,,,,bottom bar,lyra,1,static,Joanne's Flashcards,"Starting from a bottom bar double knee hang. Start by taking off one leg at a time and straightening it, with hands holding onto the bar. When safe, take off the other leg and straighten it. Keep upper body stacked",,,,,1f029e9a-7ee2-617f-ae91-d9fde5111e89,1f029e9a-7ee2-617f-ae91-d9fde5111e89,35327f2b-9205-440f-8e38-f6da18f4dd54,35327f2b-9205-440f-8e38-f6da18f4dd54,2025-05-02T18:15:17.755Z,2025-05-02T18:15:17.755Z
pike-drop,Pike Drop,,,pike,drop,,,,lyra,2,dynamic,Joanne's Flashcards,"From seated, sink to knees (Trash Can). Keep one hand on top bar and bring other to outside of legs, hands palms away. Move the hand thats on the top bar to the outside of legs on the bottom bar quickly. Once hand has securely grabbed bar, come into pike below bar.",,,,,1f029e9a-7ee3-6fb3-a17f-08ea1616c29f,1f029e9a-7ee3-6fb3-a17f-08ea1616c29f,35327f2b-9205-440f-8e38-f6da18f4dd54,35327f2b-9205-440f-8e38-f6da18f4dd54,2025-05-02T18:15:17.755Z,2025-05-02T18:15:17.755Z
standing-outside-hoop,Stand Outside Hoop,,,standing,,,,outside hoop,lyra,1,static,Joanne's Flashcards,"Toe squat on bottom bar. Grab each spanset in each hand one at a time. Straighten legs and stand up while holding onto spanset. 
",,,,,1f029e9a-7ee2-64de-985d-b14e98f1335d,1f029e9a-7ee2-64de-985d-b14e98f1335d,35327f2b-9205-440f-8e38-f6da18f4dd54,35327f2b-9205-440f-8e38-f6da18f4dd54,2025-05-02T18:15:17.755Z,2025-05-02T18:15:17.755Z
standing-arabesque-inside-leg,Standing Arabesque Inside Leg,,,standing,,,arabesque inside leg,,lyra,1,static,Joanne's Flashcards,"Come to standing outside the hoop. Come into the hoop by bringing one arm in, the head in, then the other arm in. Both legs touch bottom of hoop. Lean to one side. The opposite leg of whatever side you leaned to comes off for arabesque.",,,,,1f029e9a-7ee2-6343-8a69-ab17b64a056a,1f029e9a-7ee2-6343-8a69-ab17b64a056a,35327f2b-9205-440f-8e38-f6da18f4dd54,35327f2b-9205-440f-8e38-f6da18f4dd54,2025-05-02T18:15:17.755Z,2025-05-02T18:15:17.755Z
standing-arabesque-outside-leg,Standing Arabesque Outside Leg,,,standing,,,arabesque outside leg,,lyra,1,static,Joanne's Flashcards,"Come to standing outside the hoop. Come into the hoop by bringing one arm in, the head in, then the other arm in. Both legs touch bottom of hoop. Lean to one side. The same side leg of whatever side you leaned to comes off for arabesque.",,,,,1f029e9a-7ee2-63db-9de8-40ac5c96f8a2,1f029e9a-7ee2-63db-9de8-40ac5c96f8a2,35327f2b-9205-440f-8e38-f6da18f4dd54,35327f2b-9205-440f-8e38-f6da18f4dd54,2025-05-02T18:15:17.755Z,2025-05-02T18:15:17.755Z
popsicle-arch-and-bent-legs,Popsicle - Arch & Bent Legs,,,popsicle,,,arch and bent legs,,lyra,1,static,Joanne's Flashcards,"From horse, pull up so hoop is on inner thigh/right below booty cheek. Squeeze butt like your life depends on it. This will avoid the bar slipping to unfortunate places. Hands come to top bar and may be used to support some of your body weight by pulling up. Arch back and bend legs behind you.",,,,,1f029e9a-7ee1-6fdc-8369-129e44e9e28a,1f029e9a-7ee1-6fdc-8369-129e44e9e28a,35327f2b-9205-440f-8e38-f6da18f4dd54,35327f2b-9205-440f-8e38-f6da18f4dd54,2025-05-02T18:15:17.755Z,2025-05-02T18:15:17.755Z
standing-inside-hoop,Standing Inside Hoop,,,standing,,,,inside hoop,lyra,0,static,Joanne's Flashcards,"From Toe Squat, hands grab span set one at a time. Stand using legs (stand straight and knees forward). Hips to hoop. Can come through and shoulder block with both arms.",,,,,1f029e9a-7ee0-69eb-9ee5-5b16ca1abd02,1f029e9a-7ee0-69eb-9ee5-5b16ca1abd02,35327f2b-9205-440f-8e38-f6da18f4dd54,35327f2b-9205-440f-8e38-f6da18f4dd54,2025-05-02T18:15:17.755Z,2025-05-02T18:15:17.755Z
straddle-back-bottom-bar,Straddle Back Bottom Bar,,,straddle back,,,,bottom bar,lyra,2,static,Joanne's Flashcards,"From DKH on the bottom bar, bring hands inside of legs. Push hips up toward bar and bring legs off hoop and out toward sides. Think about “stacking” everything. Hips, torso, chest, and shoulders should all be in line. Keep chest up and thru hands. May need to bring space between hands if have bigger chest.",,,,,1f029e9a-7ee3-6b2b-a111-705c5885efc3,1f029e9a-7ee3-6b2b-a111-705c5885efc3,35327f2b-9205-440f-8e38-f6da18f4dd54,35327f2b-9205-440f-8e38-f6da18f4dd54,2025-05-02T18:15:17.755Z,2025-05-02T18:15:17.755Z
popsicle-straight-legs,Popsicle - Straight Legs,,,popsicle,,,straight legs,,lyra,1,static,Joanne's Flashcards,"From horse, pull up so hoop is on inner thigh/right below booty cheek. Squeeze butt like your life depends on it. This will avoid the bar slipping to unfortunate places. Hands come to top bar and may be used to support some of your body weight by pulling up. Straighten legs",,,,,1f029e9a-7ee1-6c3c-ae20-92cee6c34b51,1f029e9a-7ee1-6c3c-ae20-92cee6c34b51,35327f2b-9205-440f-8e38-f6da18f4dd54,35327f2b-9205-440f-8e38-f6da18f4dd54,2025-05-02T18:15:17.755Z,2025-05-02T18:15:17.755Z
straddle-back-inside-outside-top-bar,Straddle Back Inside Outside Top Bar,,,straddle back,inside outside,,,top bar,lyra,3,static,Joanne's Flashcards,"From DKH, one hand moves under tab and then other between legs. Straddle back. Hand underneath tab also stops hoop from flipping up.",,,,,1f029e9a-7ee4-6c08-a7bf-a553c132b0fe,1f029e9a-7ee4-6c08-a7bf-a553c132b0fe,35327f2b-9205-440f-8e38-f6da18f4dd54,35327f2b-9205-440f-8e38-f6da18f4dd54,2025-05-02T18:15:17.755Z,2025-05-02T18:15:17.755Z
straddle-back-top-bar,Straddle Back Top Bar,,,straddle back,,,,top bar,lyra,3,static,Joanne's Flashcards,"From DKH on top bar, bring hips toward bar and froggy legs (bend knees into butterfly and bring calves to hoop). Let hoop flip up, this will happen regardless. Extend legs for straddle back. 


**Should have a SOLID straddle back before doing this move**",,,,,1f029e9a-7ee4-6fbd-89e2-4f2d1d5f5477,1f029e9a-7ee4-6fbd-89e2-4f2d1d5f5477,35327f2b-9205-440f-8e38-f6da18f4dd54,35327f2b-9205-440f-8e38-f6da18f4dd54,2025-05-02T18:15:17.755Z,2025-05-02T18:15:17.755Z
pretzel-hang-hands-on-bottom-bar,Pretzel Hang Low Bar Hands On,,,pretzel hang,,hands on,,bottom bar,lyra,2,static,Joanne's Flashcards,"From SKH on bottom bar, bring both hands to opposite side of bar as the leg thats hooked. Cross opposite side leg knee pit over foot of leg that is hooked. Use the crossed leg to push into other leg to keep knee hook.",,,,,1f029e9a-7ee3-681c-bea6-6ca8c499c6fa,1f029e9a-7ee3-681c-bea6-6ca8c499c6fa,35327f2b-9205-440f-8e38-f6da18f4dd54,35327f2b-9205-440f-8e38-f6da18f4dd54,2025-05-02T18:15:17.755Z,2025-05-02T18:15:17.755Z
superman-hands-off,Superman - No Hands,,,superman,,hands off,,,lyra,2,static,Joanne's Flashcards,"From hip hang, engage core and glutes to come up to superman. May use hands to get into position first and find “sweet spot”. Chest should be up. Everything is engaged: glutes, legs, abs, upper back.",,,,,1f029e9a-7ee2-6f8a-ab62-e8d14f4f662e,1f029e9a-7ee2-6f8a-ab62-e8d14f4f662e,35327f2b-9205-440f-8e38-f6da18f4dd54,35327f2b-9205-440f-8e38-f6da18f4dd54,2025-05-02T18:15:17.755Z,2025-05-02T18:15:17.755Z
threaded-leg-elbow-hook,Threaded Leg Elbow Hook,,,threaded leg elbow hook,,,,,lyra,2,static,Joanne's Flashcards,"From standing outside of hoop, bring both hands to one side of spanset. Whatever side you reached to, that foot comes out and around hoop then back in. Other leg crosses over like candlestick pose. Inside arm elbow hooks on spanset, other can leg go. Stay in place by squeezing legs together to avoid slipping.",,,,,1f029e9a-7ee4-61a9-88ea-4945ab53e0b9,1f029e9a-7ee4-61a9-88ea-4945ab53e0b9,35327f2b-9205-440f-8e38-f6da18f4dd54,35327f2b-9205-440f-8e38-f6da18f4dd54,2025-05-02T18:15:17.755Z,2025-05-02T18:15:17.755Z
threaded-leg-exit,Threaded Leg Exit,Around the World Threaded Leg Exit,,threaded leg exit,,,,,lyra,1,dynamic,Joanne's Flashcards,"Start by standing on the bottom bar.  Both hands on one strap.  If holding onto the right strap, the right leg swings around to front of hoop (causing hoop to start to turn) and foot feeds over bar, underneath the leg remaining on hoop. Right had reaches for top bar, palm away.  Foot on hoop comes off, and left hand slides down strap.  Land in Horse.",,,,,1f029e9a-7ee2-6611-8983-c3fbb7dd397b,1f029e9a-7ee2-6611-8983-c3fbb7dd397b,35327f2b-9205-440f-8e38-f6da18f4dd54,35327f2b-9205-440f-8e38-f6da18f4dd54,2025-05-02T18:15:17.755Z,2025-05-02T18:15:17.755Z
toe-squat,Toe Squat,,,toe squat,,,,,lyra,0,static,Joanne's Flashcards,Squat with lower bar at toe pits of both feet. May enter from “L” Sit. Shoulder relaxed - not by ears.,,,,,1f029e9a-7ee0-6b23-9eb6-fcba0c880306,1f029e9a-7ee0-6b23-9eb6-fcba0c880306,35327f2b-9205-440f-8e38-f6da18f4dd54,35327f2b-9205-440f-8e38-f6da18f4dd54,2025-05-02T18:15:17.755Z,2025-05-02T18:15:17.755Z
pretzel-hang-one-hand-off-bottom-bar,Pretzel Hang Low Bar One Hand,,,pretzel hang,,one hand off,,bottom bar,lyra,2,static,Joanne's Flashcards,"From SKH on bottom bar, bring both hands to opposite side of bar as the leg thats hooked. Cross opposite side leg knee pit over foot of leg that is hooked. Use the crossed leg to push into other leg to keep knee hook. Let go with either hand.",,,,,1f029e9a-7ee3-65f0-acb3-5b1b99140a6e,1f029e9a-7ee3-65f0-acb3-5b1b99140a6e,35327f2b-9205-440f-8e38-f6da18f4dd54,35327f2b-9205-440f-8e38-f6da18f4dd54,2025-05-02T18:15:17.755Z,2025-05-02T18:15:17.755Z
tree-frog,Tree Frog,,,tree frog,,,,,lyra,1,static,Joanne's Flashcards,,,,,,1f029e9a-7ee1-6e58-a109-393925225c05,1f029e9a-7ee1-6e58-a109-393925225c05,35327f2b-9205-440f-8e38-f6da18f4dd54,35327f2b-9205-440f-8e38-f6da18f4dd54,2025-05-02T18:15:17.755Z,2025-05-02T18:15:17.755Z
twisted-pike,Twisted Pike,,,twisted pike,,,,,lyra,2,static,Joanne's Flashcards,"Wine Glass
Hands at Hoop Belly
Free Leg from Back to Front of Hoop
Lift Body Off Hoop (inside leg thigh only will be touching hoop)


Hands higher than belly if need more booty clearance.",,,,,1f029e9a-7ee4-62e5-be20-32ecc1fb7cad,1f029e9a-7ee4-62e5-be20-32ecc1fb7cad,35327f2b-9205-440f-8e38-f6da18f4dd54,35327f2b-9205-440f-8e38-f6da18f4dd54,2025-05-02T18:15:17.755Z,2025-05-02T18:15:17.755Z
twisted-v,Twisted V,,,twisted v,,,,,lyra,2,static,Joanne's Flashcards,Start from HH.  Cross ankles.  Legs raise wide to hoop as torso twists.  Hip of inside leg will be touching the bar.  May be easier to bring back leg to hoop first and then front leg.,,,,,1f029e9a-7ee4-6540-8642-7c00d7736b5e,1f029e9a-7ee4-6540-8642-7c00d7736b5e,35327f2b-9205-440f-8e38-f6da18f4dd54,35327f2b-9205-440f-8e38-f6da18f4dd54,2025-05-02T18:15:17.755Z,2025-05-02T18:15:17.755Z
unsupported-mermaid,Unsupported Mermaid,,unsupported ,mermaid,,,,,lyra,2,static,Joanne's Flashcards,"From DKH on the top bar, bring hands away from the tabs slightly (no quite just below tabs but also not at the belly). Come into pencil and allow your legs to come to same hand as the leg that is in front of the hoop. Squeeze legs around hoop. Easiest entrance is from Scorpion top bar.",,,,,1f029e9a-7ee2-6b47-ae91-6e46f26a73f3,1f029e9a-7ee2-6b47-ae91-6e46f26a73f3,35327f2b-9205-440f-8e38-f6da18f4dd54,35327f2b-9205-440f-8e38-f6da18f4dd54,2025-05-02T18:15:17.755Z,2025-05-02T18:15:17.755Z
vine-crawl,Vine Crawl,,,vine crawl,,,,,lyra,1,static,Joanne's Flashcards,"Both hands to one side. One leg comes into the hoop and bends for a knee hook. Hands climb up the side of hoop and eventually make it to the top bar. 

This move is as easy or as hard as you make it. The higher the hands, the less you have to climb. The lower the hands (ex. Starting all the way below the bar) makes it harder. ",,,,,1f029e9a-7ee1-6762-be60-7999c152ae01,1f029e9a-7ee1-6762-be60-7999c152ae01,35327f2b-9205-440f-8e38-f6da18f4dd54,35327f2b-9205-440f-8e38-f6da18f4dd54,2025-05-02T18:15:17.755Z,2025-05-02T18:15:17.755Z
wine-glass,Wine Glass,Outside Lion with Splits,,wine glass,,,,,lyra,1,static,Joanne's Flashcards,"From dragonfly, same leg as posting arm comes through the hoop. Leg straightens. 

Also possible from seated and buttshelf. If performing from buttshelf, cue a REALLY big sit up. If students don’t sit up and just take their leg out of hoop while in buttshelf, they will fall out.",,,,,1f029e9a-7ee2-62a9-a5a5-f830ced5eb50,1f029e9a-7ee2-62a9-a5a5-f830ced5eb50,35327f2b-9205-440f-8e38-f6da18f4dd54,35327f2b-9205-440f-8e38-f6da18f4dd54,2025-05-02T18:15:17.755Z,2025-05-02T18:15:17.755Z
profile-plank-l-pop,Profile Plank L Pop,,,profile plank,l pop,,,,lyra,,,Joanne's Flashcards,"Get into a profile plank and lift outside leg up and point it straight up, pushing against the bar.",,,,,,,,,,
profile-plank-l-pop-with-split,Profile Plank L Pop with Split,,,profile plank,l pop with split,,,,lyra,1,static,Joanne's Flashcards,"Get into a profile plank and lift outside leg up and point it straight up, pushing against the bar. Rotate hips toward bar if need be. Bottom leg reaches toward floor to create split/straddle shape.",,,,,1f029e9a-7ee1-649c-8480-fa366655637c,1f029e9a-7ee1-649c-8480-fa366655637c,35327f2b-9205-440f-8e38-f6da18f4dd54,35327f2b-9205-440f-8e38-f6da18f4dd54,2025-05-02T18:15:17.755Z,2025-05-02T18:15:17.755Z
profile-sit,Profile Sit,,,profile sit,,,,,lyra,0,static,Joanne's Flashcards,"Seated on bottom bar. One hand to the belly of the hoop, other by booty. Turn towards the hand on the belly of the hoop. Hand by booty crosses over on top of the other hand.",,,,,1f029e9a-7ee0-6a89-83bd-9dd1e379d136,1f029e9a-7ee0-6a89-83bd-9dd1e379d136,35327f2b-9205-440f-8e38-f6da18f4dd54,35327f2b-9205-440f-8e38-f6da18f4dd54,2025-05-02T18:15:17.755Z,2025-05-02T18:15:17.755Z
prowl,Prowl,,,prowl,,,,,lyra,1,static,Joanne's Flashcards,"From L sit, reach hips toward top bar while one leg comes off and hooks on top bar. Squeeze knee and push bottom foot into bar. Hands inside tabs. This move requires a degree of hip flexibility. ",,,,,1f029e9a-7ee1-67ad-889f-503db14f8f4a,1f029e9a-7ee1-67ad-889f-503db14f8f4a,35327f2b-9205-440f-8e38-f6da18f4dd54,35327f2b-9205-440f-8e38-f6da18f4dd54,2025-05-02T18:15:17.755Z,2025-05-02T18:15:17.755Z
running-man-diagonalhands-on,Running Man,,,running man,diagonal,hands on ,,,lyra,1,static,Joanne's Flashcards,"From horse, pull up so hoop is on inner thigh. Both hands to opposite side of the leg in the hoop. Bring your torso out of the hoop and rotate leg that’s inside hoop to touch bottom bar.The bar should be touching the inner thigh/ calf of horse leg.  Free leg comes through hoop. The outside of that foot should be pushing against the bar. 

Most common issue is hips not being to the bar and students not pushing their legs against hoop to stay up. ",,,,,1f029e9a-7ee1-6f43-b487-0664b930560b,1f029e9a-7ee1-6f43-b487-0664b930560b,35327f2b-9205-440f-8e38-f6da18f4dd54,35327f2b-9205-440f-8e38-f6da18f4dd54,2025-05-02T18:15:17.755Z,2025-05-02T18:15:17.755Z
running-man-hands-off,Running Man - Hands Off,,,running man,,hands off,,,lyra,,static,Joanne's Flashcards,,,,,,,,,,,
scissor-seat,Scissor Seat,,,scissor seat,,,,,lyra,0,static,Joanne's Flashcards,,,,,,,,,,,
seated-bottom-bar,Seated on Bottom Bar,,,seated,,,,bottom bar,lyra,0,static,Joanne's Flashcards,,,,,,,,,,,
seated-ground,Seated on Ground,,,seated,,,,ground,floor,0,static,Joanne's Flashcards,,,,,,,,,,,
shopping-cart,Shopping Cart,,,shopping cart,,,,,lyra,,,Joanne's Flashcards,"Start from flying saucer, bend legs",,,,,,,,,,
shoulder-stand-front-split,Shoulder Stand Front Split,,,shoulder stand,,,front split,,lyra,2,static,Joanne's Flashcards,"From DKH on top bar, bring hands to belly. Let torso extend, head towards the floor. Rest shoulders on hoop. Once shoulders are in place, bring hands inside hoop and around. Grab slightly below belly of hoop.One leg comes behind hoop while other one stays in front. Bring leg that is behind hoop to rest on hoop, bring front leg off of bar and straighten it in front of you for split. Keep the majority of your weight forward. Your back leg will prevent you from going too far.",,,,,,,,,,
shoulder-stand-pencil,Shoulder Stand Pencil,,,shoulder stand,,,pencil,,lyra,2,static,Joanne's Flashcards,"From DKH on top bar, bring hands to belly. Let torso extend, head towards the floor. Rest shoulders on hoop. Once shoulders are in place, bring hands inside hoop and around. Grab slightly below belly of hoop.  Extend both legs and bring one in front of hoop and one behind for pencil shape.",,,,,,,,,,
single-knee-hook-hands-on-bottom-bar,Single Knee Hang Bottom Bar 2 Hands,Single Knee Hang,single,knee hook,,hands on,,bottom bar,lyra,1,static,Joanne's Flashcards,"From double knee hang, remove one leg.  Most students will need to externally rotate to release the leg.  If hoop is low enough, from standing, can hook one leg and then take the other leg off the floor.",,,,,1f029e9a-7ee1-62b3-9af3-385e94adf5f4,1f029e9a-7ee1-62b3-9af3-385e94adf5f4,35327f2b-9205-440f-8e38-f6da18f4dd54,35327f2b-9205-440f-8e38-f6da18f4dd54,2025-05-02T18:15:17.755Z,2025-05-02T18:15:17.755Z
seated-top-bar,Sitting Top Bar,,,seated,,,,top bar,lyra,1,static,Joanne's Flashcards,"From seated on bottom bar, lift toe pit and toe pit on the top bar, then knee hook to knee hook on top bar. Reach one hand at a time on each strap and use the strap to ladder climb to seated on the bar",,,,,1f029e9a-7ee1-6bec-8ec6-69224a7f00a5,1f029e9a-7ee1-6bec-8ec6-69224a7f00a5,35327f2b-9205-440f-8e38-f6da18f4dd54,35327f2b-9205-440f-8e38-f6da18f4dd54,2025-05-02T18:15:17.755Z,2025-05-02T18:15:17.755Z
skin-the-cat-top-bar,Skin the Cat Top Bar,,,skin the cat,,,,top bar,lyra,3,static,Joanne's Flashcards,"From DKH on top bar, hands come to hoop either in tabs or just outside of tabs. Bring legs off hoop and pike legs. Rotate body so feet are closer to ground. Only go down as far as you can come back up. Must have confident skin the cat on bottom bar. Very shoulder heavy. Don’t go down further than you can come back up. You will get stuck there since you can't push off the ground for leverage.",,,,,1f029e9a-7ee4-6d9a-b05b-85b10b19364f,1f029e9a-7ee4-6d9a-b05b-85b10b19364f,35327f2b-9205-440f-8e38-f6da18f4dd54,35327f2b-9205-440f-8e38-f6da18f4dd54,2025-05-02T18:15:17.755Z,2025-05-02T18:15:17.755Z
split-leg-thru-window,Split Leg Thru Window,,,split leg thru window,,,,,lyra,2,static,Joanne's Flashcards,"From DKH on the top bar, bring one leg off and between you and the hoop. Slide it around the hoop while externally rotating hip. May keep top leg bent or straighten it for full split.",,,,,1f029e9a-7ee3-6fff-a698-e236a4999263,1f029e9a-7ee3-6fff-a698-e236a4999263,35327f2b-9205-440f-8e38-f6da18f4dd54,35327f2b-9205-440f-8e38-f6da18f4dd54,2025-05-02T18:15:17.755Z,2025-05-02T18:15:17.755Z
split-leg-thru-window-reverse,Split Leg Thru Window Reverse,,,split leg thru window ,reverse,,,,lyra,2,static,Joanne's Flashcards,"Starts from DKH top bar.  Straighten one leg and thread foot around strap.  Remove the other leg, cross over body, feed the foot thru the arm and bar (the window).  Slide leg around the hoop while externally rotating hip. Thread foot on strap higher so that leg is fully straight.",,,,,1f029e9a-7ee3-6083-b6d4-75770d1ed8a6,1f029e9a-7ee3-6083-b6d4-75770d1ed8a6,35327f2b-9205-440f-8e38-f6da18f4dd54,35327f2b-9205-440f-8e38-f6da18f4dd54,2025-05-02T18:15:17.755Z,2025-05-02T18:15:17.755Z
splits-down-hips-rotated,Splits Down Hips Rotated,,,splits down,,,hips rotated,,lyra,,static,Joanne's Flashcards,,,,,,,,,,,
standing-star-both-legs-off-inside-hoop,Stand in Hoop Star,,,standing,,,star both legs off,inside hoop ,lyra,1,static,Joanne's Flashcards,"From standing in hoop, where your body is in between the straps and hands are holding onto the hoop to push yourself up. Shoulders should not be up by your ears. Slowly take one leg off and then the other. Push both legs out to opposite sides, in a star position.",,,,,1f029e9a-7ee1-6021-95d7-6b5468db0150,1f029e9a-7ee1-6021-95d7-6b5468db0150,35327f2b-9205-440f-8e38-f6da18f4dd54,35327f2b-9205-440f-8e38-f6da18f4dd54,2025-05-02T18:15:17.755Z,2025-05-02T18:15:17.755Z
standing-star-one-leg-inside-hoop,Stand in Hoop Star One Leg,,,standing,,,star one leg,inside hoop ,lyra,1,static,Joanne's Flashcards,"From standing in hoop, with body in between straps, take one leg off and push it straight behind while the other leg remains on the bar and pushes in the opposite direction. When pushing forward, toes, remain on the bar.",,,,,1f029e9a-7ee1-6a75-9078-108cd5de9b6c,1f029e9a-7ee1-6a75-9078-108cd5de9b6c,35327f2b-9205-440f-8e38-f6da18f4dd54,35327f2b-9205-440f-8e38-f6da18f4dd54,2025-05-02T18:15:17.755Z,2025-05-02T18:15:17.755Z
standing-stag-legs-inside-hoop,Standing in Hoop Stag Legs,,,standing,,,stag legs,inside hoop ,lyra,1,static,Joanne's Flashcards,"From standing in hoop, where your body is in between the straps and hands are holding onto the hoop to push yourself up. Shoulders should not be up by your ears. Slowly take one leg off and bend it backward in the air. When safe, take the other leg off and bend forward in the air.",,,,,1f029e9a-7ee1-6713-84b7-9ab8519ede3b,1f029e9a-7ee1-6713-84b7-9ab8519ede3b,35327f2b-9205-440f-8e38-f6da18f4dd54,35327f2b-9205-440f-8e38-f6da18f4dd54,2025-05-02T18:15:17.755Z,2025-05-02T18:15:17.755Z
standing-ground,Standing On Ground,,,standing,,,,ground,floor,0,static,Joanne's Flashcards,,,,,,,,,,,
standing-ground-side,Standing On Ground Side of Hoop,,,standing,,,,ground side,floor,0,static,Joanne's Flashcards,,,,,,,,,,,
standing-star-no-legs-inside-hoop,Star in Hoop No Legs,,,standing,,,star no legs,inside hoop ,lyra,,static,Joanne's Flashcards,,,,,,,,35327f2b-9205-440f-8e38-f6da18f4dd54,35327f2b-9205-440f-8e38-f6da18f4dd54,2025-05-02T18:15:17.755Z,2025-05-02T18:15:17.755Z
straddle-back-drop,Straddle Back Drop,,,straddle back drop,,,,,lyra,2,dynamic,Joanne's Flashcards,"From seated on bottom bar, drop back to Trash Can with legs wide.  One hand top bar and one between legs hands - both hands palms away.  Release top hand and grab bottom bar between legs - palms away. Momentum will bring legs overhead to straddleback.  First time spot - hold each ankle until top hand grabs bottom bar and then release ankle hold.",,,,,1f029e9a-7ee3-640d-b552-03c1dc096879,1f029e9a-7ee3-640d-b552-03c1dc096879,35327f2b-9205-440f-8e38-f6da18f4dd54,35327f2b-9205-440f-8e38-f6da18f4dd54,2025-05-02T18:15:17.755Z,2025-05-02T18:15:17.755Z
superman-hands-on,Superman - Hands On,,,superman,,hands on,,,lyra,1,static,Joanne's Flashcards,"From hip hang, grab both sides of the bar with palms facing away on the belly of the bar. Lift your body up, with legs straight, pointed behind in a “superman” position.",,,,,1f029e9a-7ee2-625f-9559-7ce73ece0eca,1f029e9a-7ee2-625f-9559-7ce73ece0eca,35327f2b-9205-440f-8e38-f6da18f4dd54,35327f2b-9205-440f-8e38-f6da18f4dd54,2025-05-02T18:15:17.755Z,2025-05-02T18:15:17.755Z
seated-reach-for-hoop-top-bar,Top Bar Sit Reach for Hoop,,,seated,reach for hoop,,,top bar,lyra,1,static,Joanne's Flashcards,"From seated on bottom bar, lift toe pit and toe pit on the top bar, then knee hook to knee hook on top bar. Reach one hand at a time on each strap and use the strap to ladder climb to seated on the bar. As the bar flips up, slowly remove one hand from a strap and reach behind to hold onto the hoop.",,,,,1f029e9a-7ee1-60d6-aa23-31813bc421e5,1f029e9a-7ee1-60d6-aa23-31813bc421e5,35327f2b-9205-440f-8e38-f6da18f4dd54,35327f2b-9205-440f-8e38-f6da18f4dd54,2025-05-02T18:15:17.755Z,2025-05-02T18:15:17.755Z
