display_name,level,description,teaching_cues,safety_cues,progressions,modifications,common_errors,alt_name,slug,prefix,base_name,suffix,hand_position,leg_position,position_in_bar,apparatus,pose_type,id,primary_media_path,primary_media_id,created_by,updated_by,created_at,updated_at,is_synced,data_notes (to address),image_model
Clock - Hands On,0,,"From layout, one leg crosses over the other and traces the hoop. No rounded back - back straight.",,,,,,clock-hands-on,,clock,,hands on,,,lyra,static,d9a3d128-676d-4e1f-b0a0-4854ba9a5ead,uplift/clock.jpg,82599e22-edda-47d6-99fc-f56631bf350e,35327f2b-9205-440f-8e38-f6da18f4dd54,35327f2b-9205-440f-8e38-f6da18f4dd54,2025-05-02T18:15:17.755Z,2025-05-02T18:15:17.755Z,0,Pic is actually one hand off need new pic,Brandi
Clock - One Hand Off,0,,"From layout, leg matching the hand on top of the hoop crosses over the other leg and traces the hoop. No rounded back - back straight.",,,,,,clock-one-hand-off,,clock,,one hand off,,,lyra,static,7fd99a29-3d6a-4dfd-bc46-ac5d3ead9204,uplift/clock.jpg,82599e22-edda-47d6-99fc-f56631bf350e,35327f2b-9205-440f-8e38-f6da18f4dd54,35327f2b-9205-440f-8e38-f6da18f4dd54,2025-05-02T18:15:17.755Z,2025-05-02T18:15:17.755Z,0,,Brandi
Cuddle,0,,Shoulder block on one side. Booty drops back off the bar.,,,,,,cuddle,,cuddle,,,,,lyra,static,83042c53-6a75-4184-a1ca-17002fc54c67,uplift/cuddle.jpg,7875d014-bf6e-472b-8fff-a0f8a569fb46,35327f2b-9205-440f-8e38-f6da18f4dd54,35327f2b-9205-440f-8e38-f6da18f4dd54,2025-05-02T18:15:17.755Z,2025-05-02T18:15:17.755Z,0,,Cydney
Double Knee Hook - Trash Can,0,,Seated on bottom bar. Hands to top of the bar. Drop back to knee pits.,,,,,,double-knee-hook-trash-can,double,knee hook,trash can,,,,lyra,static,4af387a7-3b0d-4b10-81f0-8339d8e065d2,uplift/double_knee_hook_trash_can.jpg,6db7cec8-3d29-420b-9874-5f95e6339bd8,35327f2b-9205-440f-8e38-f6da18f4dd54,35327f2b-9205-440f-8e38-f6da18f4dd54,2025-05-02T18:15:17.755Z,2025-05-02T18:15:17.755Z,0,,Meredith
Flamingo,0,,,,,,,,flamingo,,flamingo,,,,,lyra,static,530941e0-9455-4fdf-998c-e769c044da47,uplift/flamingo.jpg,5c4e9a6e-5995-4b89-a57a-e80ed3ea5eba,35327f2b-9205-440f-8e38-f6da18f4dd54,35327f2b-9205-440f-8e38-f6da18f4dd54,2025-05-02T18:15:17.755Z,2025-05-02T18:15:17.755Z,0,,?
High Layout - One Hand,0,,One hand top of the hoop. Lean back with the other arm extended. Scissor legs (higher leg will match hand off of the bar).,,,,,,high-layout-one-hand-off,high,layout,,one hand off,,,lyra,static,3884bf91-d318-47c0-a071-44c6b81b3c0c,uplift/high_layout_1_hand.jpg,371c03bd-23f5-4256-893b-1fa9ba37d9d0,35327f2b-9205-440f-8e38-f6da18f4dd54,35327f2b-9205-440f-8e38-f6da18f4dd54,2025-05-02T18:15:17.755Z,2025-05-02T18:15:17.755Z,0,,?
High Layout - Two Hands,0,,Hands below tabs. Lean back in reverse plank with straight back. Widen legs.,,,,,,high-layout-hands-on,high,layout,,hands on,,,lyra,static,5d490a03-fdcc-4da1-81ad-9ba854d49a89,uplift/high_layout_2_hands.jpg,2bbc994a-fd72-4c7b-a92a-327cca3f16f8,35327f2b-9205-440f-8e38-f6da18f4dd54,35327f2b-9205-440f-8e38-f6da18f4dd54,2025-05-02T18:15:17.755Z,2025-05-02T18:15:17.755Z,0,,?
Hip Hang,0,,"From hip height hoop, place bar at hip crease with hands by legs. Lower down to hip hang. Chin to chest.",,,,,,hip-hang,,hip hang,,,,,lyra,static,6cc4b235-ffc4-4813-8f94-2b127f0ba5ce,uplift/hip_hang.jpg,f7eee9c6-1c9b-4379-8088-f72d771cf80f,35327f2b-9205-440f-8e38-f6da18f4dd54,35327f2b-9205-440f-8e38-f6da18f4dd54,2025-05-02T18:15:17.755Z,2025-05-02T18:15:17.755Z,0,,?
Horse,0,,"From seated on bottom bar, slide back, straighten one leg, take other leg off hoop and behind. Back to seated - straighten leg on hoop, bring other leg back onto hoop.",,,,,Single Knee Hook,horse,,horse,,,,,lyra,static,c0cfda63-569a-4711-9f70-2833543c8459,uplift/horse.jpg,2cbacc2f-4cd0-48ef-870f-80763872dcbe,35327f2b-9205-440f-8e38-f6da18f4dd54,35327f2b-9205-440f-8e38-f6da18f4dd54,2025-05-02T18:15:17.755Z,2025-05-02T18:15:17.755Z,0,,Lilly?
Inside Lion,0,,"From single knee hook/horse, slide up, block with opposite shoulder from leg in hoop.",,,,,,inside-lion,,inside lion,,,,,lyra,static,550a68c4-b000-41e5-b236-a62290d6f8b8,uplift/inside_lion.jpg,2bacb459-9b2e-4910-92bd-09dd8772f686,35327f2b-9205-440f-8e38-f6da18f4dd54,35327f2b-9205-440f-8e38-f6da18f4dd54,2025-05-02T18:15:17.755Z,2025-05-02T18:15:17.755Z,0,,Lilly?
Inverted Flamingo,0,,"From seated on bottom bar, one toe pit to top of hoop.  Use arms to pull hips up towards top bar.  Straight back.",,,,,,inverted-flamingo-top-bar,inverted ,flamingo,,,,top bar,lyra,static,5a9302d2-2147-4f69-85a9-34b819f25695,default/missing_image.jpg,32f9c19c-e936-41f4-8a29-ed663b9c6d45,35327f2b-9205-440f-8e38-f6da18f4dd54,35327f2b-9205-440f-8e38-f6da18f4dd54,2025-06-26T18:15:17.755Z,2025-06-26T18:15:17.755Z,0,,
Knee Hook Layout Under Bar,0,,Hands are cross grip. One leg has an inside knee hook while the other leg is straight. Belly to ceiling. Hips squared.,,,,,Layout Under Bar,inside-knee-hook-layout-under-bar,inside,knee hook,layout,,,under bar,lyra,static,2cc0b868-7d5f-4cee-8ef6-83f745d569c3,uplift/knee_hook_layout_under_bar.jpg,56463918-1d82-428b-92d6-e06c57613ddc,35327f2b-9205-440f-8e38-f6da18f4dd54,35327f2b-9205-440f-8e38-f6da18f4dd54,2025-05-02T18:15:17.755Z,2025-05-02T18:15:17.755Z,0,,Cydney
L Sit,0,,"Hands on top of the bar. Toe pit of one foot on bar, butt heavy, other foot on bar. 

Or enter from Trash Can.",,,one foot stays on the floor.,"legs, arms, and back not straight.",,l-sit,,l sit,,,,,lyra,static,61cb551d-8949-4980-93fb-399ea5e61c7c,uplift/l_sit.jpg,1e9b1767-15db-460e-b6de-1f8853b226b8,35327f2b-9205-440f-8e38-f6da18f4dd54,35327f2b-9205-440f-8e38-f6da18f4dd54,2025-05-02T18:15:17.755Z,2025-05-02T18:15:17.755Z,0,,Lilly?
Lady in the Moon,0,,"From Man in the Moon, cross legs on opposite sides of the bar.",,,,,,lady-in-the-moon,,lady in the moon,,,,,lyra,static,5639c11b-d70b-4592-9280-4e89343ced8f,uplift/lady_in_the_moon.jpg,2c87d387-65b5-4cd8-b8dc-da8ea10d2f93,35327f2b-9205-440f-8e38-f6da18f4dd54,35327f2b-9205-440f-8e38-f6da18f4dd54,2025-05-02T18:15:17.755Z,2025-05-02T18:15:17.755Z,0,,?
Man in the Moon,0,,"From Profile Sit, walk hands back on the top bar until your shoulder rests on the bar (shoulder block). Bottom bar may be on the same booty cheek or the opposite. Knees together. Blocking: feet push against bar and shoulder pushes against bar. Both hands stay on the bar for Intro.",,,Can move down to a lower Man in the Moon of the bar is on the tailbone.,,,man-in-the-moon,,man in the moon,,,,,lyra,static,7fa27e26-9959-4d13-8da1-d2751fff94ec,uplift/man_in_the_moon.jpg,6610697c-d9eb-4fd1-8536-6a4ccc10bd32,35327f2b-9205-440f-8e38-f6da18f4dd54,35327f2b-9205-440f-8e38-f6da18f4dd54,2025-05-02T18:15:17.755Z,2025-05-02T18:15:17.755Z,0,,?
Profile Plank,0,,Cross grip hands right below the tab on one side of the hoop. Belly to the ceiling. May let go with the lower hand.,,,,,,profile-plank,,profile plank,,,,,lyra,static,a5f7d350-43e7-4fe5-98f8-09233d7993ed,uplift/profile_plank.jpg,5ba41ae5-50d4-4221-ad51-1e00a8cee95b,35327f2b-9205-440f-8e38-f6da18f4dd54,35327f2b-9205-440f-8e38-f6da18f4dd54,2025-05-02T18:15:17.755Z,2025-05-02T18:15:17.755Z,0,,Courtney
Profile Sit,0,,"Seated on bottom bar. One hand to the belly of the hoop, other by booty. Turn towards the hand on the belly of the hoop. Hand by booty crosses over on top of the other hand.",,,,,,profile-sit,,profile sit,,,,,lyra,static,f04a0165-485f-4916-bf90-e9b3997e705c,uplift/profile_sit.jpg,66b78a6a-9fce-43a4-b2d7-4b0368f944d7,35327f2b-9205-440f-8e38-f6da18f4dd54,35327f2b-9205-440f-8e38-f6da18f4dd54,2025-05-02T18:15:17.755Z,2025-05-02T18:15:17.755Z,0,,?
Scissor Seat,0,,,,,,,,scissor-seat,,scissor seat,,,,,lyra,static,40796406-430d-42f2-a80a-5e5012f8cc53,default/missing_image.jpg,32f9c19c-e936-41f4-8a29-ed663b9c6d45,35327f2b-9205-440f-8e38-f6da18f4dd54,35327f2b-9205-440f-8e38-f6da18f4dd54,2025-05-02T18:15:17.755Z,2025-05-02T18:15:17.755Z,0,Need actual name for this one,
Seated - Bottom Bar,0,,,,,,,,seated-bottom-bar,,seated,,,,bottom bar,lyra,static,34902490-04e9-4ef6-9140-1125d147cce8,uplift/seated_bottom_bar.jpg,a27d92f7-dc5b-4d72-b42b-58c6af71c293,35327f2b-9205-440f-8e38-f6da18f4dd54,35327f2b-9205-440f-8e38-f6da18f4dd54,2025-05-02T18:15:17.755Z,2025-05-02T18:15:17.755Z,0,,
Seated - Ground,0,,,,,,,,seated-ground,,seated,,,,ground,floor,static,e743a3c6-4f9a-4189-a14f-79d86e295c78,default/missing_image.jpg,32f9c19c-e936-41f4-8a29-ed663b9c6d45,35327f2b-9205-440f-8e38-f6da18f4dd54,35327f2b-9205-440f-8e38-f6da18f4dd54,2025-05-02T18:15:17.755Z,2025-05-02T18:15:17.755Z,0,,
Stag,0,,"From horse/single knee hook, pull up and lean forward through the hoop with straight arms, palms away. The bar (weight) should be on the back leg. Squeeze booty. Shoulder mobility and hoop diameter may be a factor in entrance and exit - may need to use one shoulder at a time.",,,,,,stag,,stag,,,,,lyra,static,2094fd91-f460-429e-a1d9-073d61dc2622,uplift/stag.jpg,cab32f9d-9441-4020-83ce-479a39d8e3ff,35327f2b-9205-440f-8e38-f6da18f4dd54,35327f2b-9205-440f-8e38-f6da18f4dd54,2025-05-02T18:15:17.755Z,2025-05-02T18:15:17.755Z,0,,Lilly
Standing Inside Hoop,0,,"From Toe Squat, hands grab span set one at a time. Stand using legs (stand straight and knees forward). Hips to hoop. Can come through and shoulder block with both arms.",,,,,,standing-inside-hoop,,standing,,,,inside hoop,lyra,static,fa858bb4-69b3-4ea6-981d-bae07563eb52,uplift/standing_inside_hoop.jpg,c8771265-6e49-4bec-8fd8-506e0f918d84,35327f2b-9205-440f-8e38-f6da18f4dd54,35327f2b-9205-440f-8e38-f6da18f4dd54,2025-05-02T18:15:17.755Z,2025-05-02T18:15:17.755Z,0,,Courtney
Standing On Ground,0,,,,,,,,standing-ground,,standing,,,,ground,floor,static,50d8bbd1-28f0-4303-b1c9-a26a96f236af,uplift/standing_behind_bar.jpg,2e8e5a4a-34f6-4254-8082-34c779ed39b9,35327f2b-9205-440f-8e38-f6da18f4dd54,35327f2b-9205-440f-8e38-f6da18f4dd54,2025-05-02T18:15:17.755Z,2025-05-02T18:15:17.755Z,0,,
Standing On Ground Side of Hoop,0,,,,,,,,standing-ground-side,,standing,,,,ground side,floor,static,424044da-412f-42b9-908d-4bbf2a1a8a15,uplift/standing_side_bar.jpg,25cf6c13-6ad9-41a3-b0a9-b55681b8e262,35327f2b-9205-440f-8e38-f6da18f4dd54,35327f2b-9205-440f-8e38-f6da18f4dd54,2025-05-02T18:15:17.755Z,2025-05-02T18:15:17.755Z,0,,
Toe Squat,0,,Squat with lower bar at toe pits of both feet. May enter from “L” Sit. Shoulder relaxed - not by ears.,,,,,,toe-squat,,toe squat,,,,,lyra,static,cf96a271-58fd-4d98-b21b-0c45adc2965b,uplift/toe_squat.jpg,660b0f2f-000f-4fa9-8baf-2d2ae38039b2,35327f2b-9205-440f-8e38-f6da18f4dd54,35327f2b-9205-440f-8e38-f6da18f4dd54,2025-05-02T18:15:17.755Z,2025-05-02T18:15:17.755Z,0,,Lilly
Amazon - Hands On,1,,"Three different entries in order of difficulty: 1) Hoop at hip height. Stand to the side of the hoop. Bring head thru to the other side of the hoop. Arm that matches side head is on is the posting arm and the other arm is palm towards you below the tab. Hoop will be placed at the groove at the bottom of skull. Remove feet from ground. Two blocking points are posting arm and groove below skull. 2) From Man in the Moon, hand that matches lower leg is placed below tab. Other hand is posting arm. Remove top leg and then lower leg. Head is always on one side of the hoop and body on the other side of the hoop. Removing one leg at a time will allow student to stabilize without all weight dropping at one time. 3) From Man in the Moon as in progression 2, but both legs come off the hoop at the same time. Booty slides to the side which allows the posting arm to be placed.",,,,,,amazon-hands-on,,amazon,,hands on,,,lyra,static,1c63685c-99e6-4843-8483-5caadc426eb8,uplift/amazon_-_hands_on.jpg,6cc413a6-d560-43dc-aee9-35458ef0a04d,35327f2b-9205-440f-8e38-f6da18f4dd54,35327f2b-9205-440f-8e38-f6da18f4dd54,2025-05-02T18:15:17.755Z,2025-05-02T18:15:17.755Z,0,,Meredith
Amazon Split,1,,"From Man in the Moon, place bar in groove at base of skill, lower leg straightens and comes to top belly of hoop, same hand under tab. Slide booty to the side to place posting arm, other leg comes off the hoop on side opposite of head.",,,,,,amazon-hands-on-split,,amazon,,hands on,split,,lyra,static,dbe2f538-45ed-40f0-a3e5-c020ec530f3a,uplift/amazon_split.jpg,2b7db605-7319-4161-a89c-54e2d338d671,35327f2b-9205-440f-8e38-f6da18f4dd54,35327f2b-9205-440f-8e38-f6da18f4dd54,2025-05-02T18:15:17.755Z,2025-05-02T18:15:17.755Z,0,,?
Angel,1,,"From High Layout, back leg crosses over front leg to other side of hoop and may bend or be straight. Belly towards floor.",,,,,,angel,,angel,,,,,lyra,static,90d8ecd7-8422-46e8-a819-4f79cfdea44e,uplift/angel.jpg,f14edcc0-b471-469d-b764-3aefcdc22d5e,35327f2b-9205-440f-8e38-f6da18f4dd54,35327f2b-9205-440f-8e38-f6da18f4dd54,2025-07-06T18:15:17.755Z,2025-07-06T18:15:17.755Z,0,,
Ankle Cuddle,1,,"From Dragonfly, knees to chest, roll belly to hoop and block with top of ankles.",,,,,,ankle-cuddle,,ankle cuddle,,,,,lyra,static,36677b94-a109-4945-aa35-e79cc77632a3,uplift/ankle_cuddle.jpg,c70c83b9-5163-4e10-8e7e-ebbfd2b58db8,35327f2b-9205-440f-8e38-f6da18f4dd54,35327f2b-9205-440f-8e38-f6da18f4dd54,2025-05-02T18:15:17.755Z,2025-05-02T18:15:17.755Z,0,,?
Arabesque From Seated,1,,"From Single Knee Hook/Horse, hand matching leg in hoop holds top bar. Other hand releases. Free leg bends towards leg in hoop. To lessen bar pressure on leg in hoop, engage leg.",,,,,,arabesque,,arabesque,,,,,lyra,static,2f05976e-560c-485d-a3a4-d4fc6eb61d59,uplift/arabesque_from_seated.jpg,2d4ae6cc-50c4-41ad-85a0-b7dab9a6a54b,35327f2b-9205-440f-8e38-f6da18f4dd54,35327f2b-9205-440f-8e38-f6da18f4dd54,2025-05-02T18:15:17.755Z,2025-05-02T18:15:17.755Z,0,are there other arabesques? (other than from seated),Meredith
Around the World,1,,"From standing on the bottom bar, both hands on one strap. If hands are on right strap, then right leg swings around to hoop and foot is placed toes forward on that side - remaining leg follows, so now standing on bottom bar of opposite side of the hoop. Both hands then on left strap, and repeat above until standing back on original side of hoop.",,,,,,around-the-world,,around the world,,,,,lyra,dynamic,6f3ff83c-15a7-4412-a5e7-4633c4737789,uplift/around_the_world.jpg,8734a1ba-970f-4d53-97b6-4d19e97854d7,35327f2b-9205-440f-8e38-f6da18f4dd54,35327f2b-9205-440f-8e38-f6da18f4dd54,2025-05-02T18:15:17.755Z,2025-05-02T18:15:17.755Z,0,,Joanne
Bottom Bar Bird’s Nest - Both Legs On,1,,"From Butt Shelf, remove back arch, and let booty slide off the bar, block with ankles.",,,,,,bird’s-nest-both-legs-on-bottom-bar,,bird’s nest,,,both legs on,bottom bar,lyra,static,c77fb2ce-1264-4626-8a27-ca920d7edf89,uplift/bird’s_nest_bottom_bar.jpg,fd26d2db-e5ec-465b-a744-492b3ea6ed81,35327f2b-9205-440f-8e38-f6da18f4dd54,35327f2b-9205-440f-8e38-f6da18f4dd54,2025-05-02T18:15:17.755Z,2025-05-02T18:15:17.755Z,0,,Joanne
Bottom Bar Flip Out,1,,,,,,,,flip-out-bottom-bar,,flip out,,,,bottom bar,lyra,dynamic,be6993ce-4911-4c87-96c9-23fdae41fab8,uplift/bottom_bar_flip_out.jpg,2bd93ef5-265d-482b-8b15-cba956fdbafe,35327f2b-9205-440f-8e38-f6da18f4dd54,35327f2b-9205-440f-8e38-f6da18f4dd54,2025-05-02T18:15:17.755Z,2025-05-02T18:15:17.755Z,0,diff between this and hip hang flip out,Joanne
Butt Shelf - Hands On - Straight Legs,1,,"From Butt Shelf Legs Wide Holding On, bring legs together.",,,,,"Butt Shelf Pike, Star in the Bar Pike",butt-shelf-hands-on-legs-straight,,butt shelf,,hands on,legs straight,,lyra,static,a8d58b60-9f45-4de8-b2fd-084ad16d6de2,uplift/butt_shelf_straight_legs.jpg,2ce05da0-6d4c-4346-8a82-ffa2cb615e51,35327f2b-9205-440f-8e38-f6da18f4dd54,35327f2b-9205-440f-8e38-f6da18f4dd54,2025-05-02T18:15:17.755Z,2025-05-02T18:15:17.755Z,0,,Trisha
Butt Shelf - Hands On - Wide Legs,1,,"Bar at sacrum, forearms resting behind hoop, grip below belly. Arch back and straight legs come up behind bar to top of hoop. Back stays arched.",,,,,Star in the Bar,butt-shelf-hands-on-legs-wide,,butt shelf,,hands on,legs wide,,lyra,static,1e06ad5d-4b41-4ea2-bee9-769643d4710f,uplift/butt_shelf_hands_on.jpg,8289bd7c-827b-4ad2-900d-ea4f0c0f65bb,35327f2b-9205-440f-8e38-f6da18f4dd54,35327f2b-9205-440f-8e38-f6da18f4dd54,2025-05-02T18:15:17.755Z,2025-05-02T18:15:17.755Z,0,,?
Candlestick,1,,"Start from Knee Hook Layout Under Bar, straighten hooked leg, then free leg comes up and crosses over the ankle of the other leg. Bar between feet.",,,,,,candlestick,,candlestick,,,,,lyra,static,2f51715a-f4e4-43e0-bb3f-63c5ab42ff4d,uplift/candlestick.jpg,41e52b7a-e259-44c6-b5fa-b8eeaea095e1,35327f2b-9205-440f-8e38-f6da18f4dd54,35327f2b-9205-440f-8e38-f6da18f4dd54,2025-05-02T18:15:17.755Z,2025-05-02T18:15:17.755Z,0,,?
Crossed Ankle Toe Squat,1,,"From “L” Sit, one foot crosses over the other and pull up to Toe Squat.",,,,,,cross-ankle-toe-squat-crossed,cross ankle,toe squat,,,crossed,,lyra,static,89cb680d-4967-4f73-be7d-eabd7d247d69,uplift/crossed_ankle_toe_squat.jpg,12ab5175-74f2-4a7f-b700-e9bb9eae5bad,35327f2b-9205-440f-8e38-f6da18f4dd54,35327f2b-9205-440f-8e38-f6da18f4dd54,2025-05-02T18:15:17.755Z,2025-05-02T18:15:17.755Z,0,,
Delilah - One Leg Bent - Top Bar,1,,Come to DKH by bringing each toe pit to the top bar then bringing each knee pit to the top bar. Squeeze heels toward butt. Hands stay inside or slightly below tabs. One leg comes off and thru hoop. Free leg bends.,,,,,Knee Hang Top Bar Straight Leg Delilah (free leg bent),delilah-one-leg-bent-top-bar,,delilah,,,one leg bent,top bar,lyra,static,60baaaf9-6cbe-4888-acc0-35783398e8f1,default/missing_image.jpg,32f9c19c-e936-41f4-8a29-ed663b9c6d45,35327f2b-9205-440f-8e38-f6da18f4dd54,35327f2b-9205-440f-8e38-f6da18f4dd54,2025-05-02T18:15:17.755Z,2025-05-02T18:15:17.755Z,0,,
Delilah - Top Bar,1,,"From seated, come to DKH on top bar. Both hands inside the tabs. One leg comes off and thru hoop. Straighten free leg.",,,,,Knee Hang Top Bar Straight Leg Delilah (free leg straight),delilah-one-leg-straight-top-bar,,delilah,,,one leg straight,top bar,lyra,static,695a7413-ce35-4e66-a515-9f2c81954200,uplift/delilah.jpg,340beb44-be44-4a3c-9013-c4b9a124e000,35327f2b-9205-440f-8e38-f6da18f4dd54,35327f2b-9205-440f-8e38-f6da18f4dd54,2025-05-02T18:15:17.755Z,2025-05-02T18:15:17.755Z,0,,Trisha
Double Knee Hang - Back Press Away - Top Bar ,1,,DKH on top bar. Hands come to belly of hoop. Squeeze heels towards butt to stay in DKH and push arms behind. May come into backbend to make it look prettier.,,,,,,double-knee-hang-back-press-away-top-bar,double,knee hang,back press away,,,top bar,lyra,static,62251bc1-52a9-4cbd-a2c9-fb8cd2c7bd7f,uplift/knee_hang_top_bar_back_press_away.jpg,4b9a5924-0521-4889-b30a-51859f2d4300,35327f2b-9205-440f-8e38-f6da18f4dd54,35327f2b-9205-440f-8e38-f6da18f4dd54,2025-05-02T18:15:17.755Z,2025-05-02T18:15:17.755Z,0,,?
Double Knee Hang - Bottom Bar,1,,"Seated on hoop, hands under tabs, slide down to double knee hook.",,,,,Double Knee Hang,double-knee-hang-bottom-bar,double,knee hang,,,,bottom bar,lyra,static,dc593209-5999-43a8-a631-da387f0c661d,uplift/knee_hang_double_bottom_bar.jpg,d240c686-c416-4caa-b064-dabfdeafd4ee,35327f2b-9205-440f-8e38-f6da18f4dd54,35327f2b-9205-440f-8e38-f6da18f4dd54,2025-05-02T18:15:17.755Z,2025-05-02T18:15:17.755Z,0,,?
Double Knee Hang - Front Press Away - Top Bar ,1,,DKH on top bar. Hands come to belly of hoop. Squeeze heels towards butt to stay in DKH and duck head to bring hoop in front of you. Push arms away.,,,,,,double-knee-hang-front-press-away-top-bar,double,knee hang,front press away,,,top bar,lyra,static,6709e9e5-d356-4dd4-8513-86aa4acc11bf,uplift/knee_hang_top_bar_forward_press_away.jpg,daa03d95-667e-486f-9f9b-db53a2119aa4,35327f2b-9205-440f-8e38-f6da18f4dd54,35327f2b-9205-440f-8e38-f6da18f4dd54,2025-05-02T18:15:17.755Z,2025-05-02T18:15:17.755Z,0,,?
Double Knee Hang - Hands High - Top Bar ,1,,Come to DKH by bringing each toe pit to the top bar then bringing each knee pit to the top bar. Squeeze heels toward butt. Hands stay inside of tabs.,,,,,,double-knee-hang-hands-inside-tabs-top-bar,double,knee hang,,hands inside tabs,,top bar,lyra,static,d869ac14-43fe-44d3-8de8-cadaec99db0f,uplift/knee_hang_top_bar_hands_high.jpg,60cfb77b-6526-463f-8836-c93d07fd64c1,35327f2b-9205-440f-8e38-f6da18f4dd54,35327f2b-9205-440f-8e38-f6da18f4dd54,2025-05-02T18:15:17.755Z,2025-05-02T18:15:17.755Z,0,,?
Double Knee Hang - Hands Low - Top Bar ,1,,Come to DKH by bringing each toe pit to the top bar then bringing each knee pit to the top bar. Squeeze heels toward butt. Hands slide down bar and come to belly of hoop.,,,,,,double-knee-hang-hands-outside-tabs-top-bar,double,knee hang,,hands outside tabs,,top bar,lyra,static,92015d72-5ec9-4d1d-b5a7-5feaa8b46f42,uplift/knee_hang_top_bar_hands_low.jpg,a941441f-a217-442b-bd05-aa35fa5260b2,35327f2b-9205-440f-8e38-f6da18f4dd54,35327f2b-9205-440f-8e38-f6da18f4dd54,2025-05-02T18:15:17.755Z,2025-05-02T18:15:17.755Z,0,,Morgan
Dragonfly,1,,"Start from standing on floor, slide over to one side of the bar, with bar placed under that armpit. Post with other hand at about 4:00 and keep that arm straight and pushing (post). When comfortable, lift both legs with knees bent. Make sure shoulders aren’t shrugged.",,,,,,dragonfly,,dragonfly,,,,,lyra,static,88171582-a0e1-44a5-955e-2dc5e7825ffb,uplift/dragonfly.jpg,4e97cdcf-fea5-4550-8cf4-794057b7a032,35327f2b-9205-440f-8e38-f6da18f4dd54,35327f2b-9205-440f-8e38-f6da18f4dd54,2025-05-02T18:15:17.755Z,2025-05-02T18:15:17.755Z,0,,?
Figure Head,1,,"From Standing Outside of Hoop (toe squat, duck head under to other side of top bar, arms under top bar and grab straps as high as possible, arch back and stand). Reaching high on straps, lean forward, on leg off hoop/bend leg/toes pointed towards other leg, arch back). Pose can only be done with long straps.",,,,,,figure-head,,figure head,,,,,lyra,static,b8e15ef0-069b-4ce0-b775-907fa47c8d77,uplift/figure_head.jpg,982b5fe4-85be-4b35-b4c4-2a9d2e06259c,35327f2b-9205-440f-8e38-f6da18f4dd54,35327f2b-9205-440f-8e38-f6da18f4dd54,2025-05-02T18:15:17.755Z,2025-05-02T18:15:17.755Z,0,,Lilly?
Fish,1,,"Start from “L” Sit. With legs and arms straight, raise hips to the bar and arch back.",,,,,,fish-legs-on,,fish,,,legs on,,lyra,static,bb32b859-2621-4a17-8186-f43113db2f60,uplift/fish.jpg,7fa79f54-37d4-4084-b00c-018051fddf6f,35327f2b-9205-440f-8e38-f6da18f4dd54,35327f2b-9205-440f-8e38-f6da18f4dd54,2025-05-02T18:15:17.755Z,2025-05-02T18:15:17.755Z,0,,Meredith
Gazelle - Hands On,1,,"From Profile Plank, one bootie check on the other side of the bar. Leg that matches the lower hand is the Gazelle leg. Gazelle leg bends (past bar - hip mobility may limit that). Gazelle leg presses against hoop as well as free leg for blocking.",,,,,,gazelle-hands-on,,gazelle,,hands on,,,lyra,static,39cba776-1df7-4f24-9bee-26b3268f3168,uplift/gazelle_-_hands_on.jpg,75fce4dc-c526-4be2-8c23-1cc52560aac7,35327f2b-9205-440f-8e38-f6da18f4dd54,35327f2b-9205-440f-8e38-f6da18f4dd54,2025-05-02T18:15:17.755Z,2025-05-02T18:15:17.755Z,0,,Brandi
Gazelle - Hands on Knee,1,,"From Gazelle, with leg blocks in place, remove one hand at a time and place them on bent knee.",,,,,,gazelle-hands-on-knee,,gazelle,,hands on knee,,,lyra,static,a26bf2e7-5156-4d11-8f19-72c7e823c571,uplift/gazelle_-_hands_on_knee.jpg,730aae21-1184-4c92-8d74-c530fc98da7b,35327f2b-9205-440f-8e38-f6da18f4dd54,35327f2b-9205-440f-8e38-f6da18f4dd54,2025-05-02T18:15:17.755Z,2025-05-02T18:15:17.755Z,0,,Brandi
Gazelle - One Hand Knee,1,,"From Gazelle, remove hand that matches bent leg, and place it on bent knee.",,,,,,gazelle-one-hand-on-knee,,gazelle,,one hand on knee,,,lyra,static,944016d7-c0ec-4fc9-9317-db719d5d6c3f,uplift/gazelle_-_one_hand_knee.jpg,2b89b894-a2fd-4b61-a3ff-f76277f64a75,35327f2b-9205-440f-8e38-f6da18f4dd54,35327f2b-9205-440f-8e38-f6da18f4dd54,2025-05-02T18:15:17.755Z,2025-05-02T18:15:17.755Z,0,,Brandi
Genie Dismount,1,,Starts from Hip Hang. Flip and come to the floor with legs crossed. Common Misalignment: shoulders by ears. Will not be able to land with legs crossed if the hoop is too high. Can also Genie Dismount from single knee hook on bottom bar with hands cross grip on side of hoop.,,,,,,genie-dismount,,genie dismount,,,,,lyra,dynamic,ac644c5c-7857-4e08-aae9-576829fa7937,uplift/genie_dismount.jpg,745b7427-1b22-4f5f-9e6b-311cd537176d,35327f2b-9205-440f-8e38-f6da18f4dd54,35327f2b-9205-440f-8e38-f6da18f4dd54,2025-05-02T18:15:17.755Z,2025-05-02T18:15:17.755Z,0,,Alicia
Half Angel Roll,1,,"From Inside Mermaid with cross grip right under tab, top leg bends towards chest.",,,,,,half-angel-roll,half,angel roll,,,,,lyra,dynamic,d5e40a1d-7b2d-4a4c-8636-c8060e28218c,uplift/half_angel_roll.jpg,33fb27fa-a99f-4c7f-a635-fcb367f6f4d6,35327f2b-9205-440f-8e38-f6da18f4dd54,35327f2b-9205-440f-8e38-f6da18f4dd54,2025-05-02T18:15:17.755Z,2025-05-02T18:15:17.755Z,0,,Cydney
Half Angel Roll Low,1,,"From Inside Mermaid with cross grip at belly of hoop, top leg bends towards chest.",,,,,,low-half-angel-roll,low half,angel roll,,,,,lyra,static,61237664-f9c0-4fbd-9e59-d24ce179c0a8,uplift/half_angel_roll_low.jpg,207e17fb-6757-49a9-8d6a-b1b2e0b8c8a2,35327f2b-9205-440f-8e38-f6da18f4dd54,35327f2b-9205-440f-8e38-f6da18f4dd54,2025-05-02T18:15:17.755Z,2025-05-02T18:15:17.755Z,0,,Trisha
Half Mill Roll,1,,"Start with appropriate progression, then lean forward with hands slightly below belly of hoop, keep knee tightly bent and hands held on. Tuck the chin",,"1. 1 leg on floor, palms away, slowly bring chest down to leg, tuck the chin, keep leg hooked the whole time. Hands slightly lower than belly of the bar
2. Start without the foot on the floor, still keeping chin to chest
3. Don’t bring chin to chest",,,,half-mill-roll,half,mill roll,,,,,lyra,dynamic,71be1f5e-dc7b-4906-980f-912f54a4a9d4,uplift/half_mill_roll.jpg,180776cd-b2ea-4156-8f56-1416825ae94b,35327f2b-9205-440f-8e38-f6da18f4dd54,35327f2b-9205-440f-8e38-f6da18f4dd54,2025-05-02T18:15:17.755Z,2025-05-02T18:15:17.755Z,0,,?
High Outside Mermaid,1,,"From seated, bring both hands to one side. Sink booty off hoop then rotate hips away from hoop. Top hand moves to top of bar.",,,,,,outside-mermaid-high,outside,mermaid,high,,,,lyra,static,2b3c9830-3dff-4b03-accf-ffc5d6c3c39e,uplift/high_outside_mermaid.jpg,72ec54fb-1100-409c-9651-ca54703a07c6,35327f2b-9205-440f-8e38-f6da18f4dd54,35327f2b-9205-440f-8e38-f6da18f4dd54,2025-05-02T18:15:17.755Z,2025-05-02T18:15:17.755Z,0,,Courtney
Hip Hang - Flip In,1,,"Palms facing away is an option, but most students are more successful with palms towards you. Must maintain flex arm hold until inverted. Hips to the bar and legs through hoop - not to ceiling. Will be easier the higher the hoop - able to use more momentum.",,,,,,hip-hang-flip-in,,hip hang,flip in,,,,lyra,dynamic,db5a1a71-b747-4125-b0cf-8238fb870aa6,uplift/hip_hang_flip_in.jpg,e4c4aa17-66aa-4a95-9579-3f1fa617b116,35327f2b-9205-440f-8e38-f6da18f4dd54,35327f2b-9205-440f-8e38-f6da18f4dd54,2025-05-02T18:15:17.755Z,2025-05-02T18:15:17.755Z,0,,Brandi
Hip Hang - Flip Out,1,,,,"1. one leg at a time, so remaining leg offsets gravity, 
2. both legs at the same time, 
3. pike legs with legs sliding against hoop",,,,hip-hang-flip-out,,hip hang,flip out,,,,lyra,dynamic,d2285ed0-8754-44b7-8b50-793e5e78d67c,uplift/hip_hang_flip_out.jpg,db31ee76-f92f-4909-9df5-6c35da127da9,35327f2b-9205-440f-8e38-f6da18f4dd54,35327f2b-9205-440f-8e38-f6da18f4dd54,2025-05-02T18:15:17.755Z,2025-05-02T18:15:17.755Z,0,,Lilly
Hip Hang - Zipper,1,,Start with flex arm grip. One leg at a time comes from back of hoop to block on front of hoop. Zipper feet up hoop and then lower legs to Hip Hang. May be a progression towards flipping into the hoop.,,,,,,hip-hang-zipper,,hip hang,zipper,,,,lyra,dynamic,bed35930-ef80-4567-b364-a0b29f5c23b6,uplift/hip_hang_zipper.jpg,c59f42f4-fb98-469f-9f91-3608dca1d255,35327f2b-9205-440f-8e38-f6da18f4dd54,35327f2b-9205-440f-8e38-f6da18f4dd54,2025-05-02T18:15:17.755Z,2025-05-02T18:15:17.755Z,0,,?
Hip Hang Foot Block - One Leg Bent,1,,Lower leg can also be straight. Hoop size will determine where straight leg blocks - may be off to side instead of at top.,,,,,,hip-hang-foot-block-one-leg-bent,,hip hang,foot block,,one leg bent,,lyra,static,b8d44b98-0345-49d9-8fe6-cae50f42731b,uplift/hip_hang_foot_block.jpg,95919b62-a0ed-4f40-aae2-470dd38be9bd,35327f2b-9205-440f-8e38-f6da18f4dd54,35327f2b-9205-440f-8e38-f6da18f4dd54,2025-05-02T18:15:17.755Z,2025-05-02T18:15:17.755Z,0,,Courtney
Injured Fish,1,,"From Fish, one leg points to the ceiling. Can also start from Prowl and the raise one leg with toes pointing the ceiling.",,,,,,injured-fish-one-leg-off,injured,fish,,,one leg off,,lyra,static,a1cdb430-b92d-4002-b6d6-48bc95c4f003,uplift/fish_injured.jpg,e4b4e826-84de-43c3-b1f5-234baa253e1b,35327f2b-9205-440f-8e38-f6da18f4dd54,35327f2b-9205-440f-8e38-f6da18f4dd54,2025-05-02T18:15:17.755Z,2025-05-02T18:15:17.755Z,0,note: this contains two – Bent and straight,?
Inside Lion Arabesque,1,,"Starts from Inside Lion. Hand, that matches leg in hoop, palms away to top of hoop. Shoulder that is blocked moves from in front of the hoop to behind the hoop.",,,,,,inside-lion-arabesque,,inside lion,,,arabesque,,lyra,static,97061c60-eaa2-4d1d-90e6-5b3821717da2,uplift/inside_lion_arabesque.jpg,d15d4b6d-1818-41b0-98d8-40d718b45de2,35327f2b-9205-440f-8e38-f6da18f4dd54,35327f2b-9205-440f-8e38-f6da18f4dd54,2025-05-02T18:15:17.755Z,2025-05-02T18:15:17.755Z,0,,Courtney
Inside Lion Roll,1,,"From Inside Lion, hands cross grip between legs with the hand matching the knee hook leg to be a palms away grip. Solid knee hook and roll forward to Delilah.",,Regression would be to pancake chest to leg prior to rolling. ,,,,inside-lion-roll-same-leg,inside,lion roll,,,same leg,,lyra,dynamic,cb185204-7e28-46b8-bf98-dcc1551a7119,uplift/lion_roll.jpg,fa06198d-57e5-4de1-8fc8-c17c84ff0506,35327f2b-9205-440f-8e38-f6da18f4dd54,35327f2b-9205-440f-8e38-f6da18f4dd54,2025-05-02T18:15:17.755Z,2025-05-02T18:15:17.755Z,0,,?
Inside Lion Roll - Switch Legs,1,,"From Inside Lion, hands cross grip between legs with the hand matching the knee hook leg to be a palms away grip. Solid knee hook and roll forward to Delilah. As rolling, the free leg hooks on the bar. Hook will not happen naturally - must hook free leg.",,Regression would be to pancake chest to leg prior to rolling. ,,,,inside-lion-roll-switch-legs,inside,lion roll,,,switch legs,,lyra,dynamic,5484d02c-6095-4066-8f5e-b839e8c27ad2,default/missing_image.jpg,32f9c19c-e936-41f4-8a29-ed663b9c6d45,35327f2b-9205-440f-8e38-f6da18f4dd54,35327f2b-9205-440f-8e38-f6da18f4dd54,2025-05-02T18:15:17.755Z,2025-05-02T18:15:17.755Z,0,,
Inside Mermaid,1,,"From seated, bring both hands to one side. Sink booty off hoop then rotate hips toward inside of hoop. Maybe let go with bottom hand if you feel stable. If students don’t sink booty off and just rotate, they may roll right out of the hoop.",,,,,,inside-mermaid,inside,mermaid,,,,,lyra,static,d6150e64-33bd-44c0-aee5-c9b866c4e01a,uplift/mermaid_inside.jpg,847c9691-4dcc-463b-9d86-f5a63ef12a99,35327f2b-9205-440f-8e38-f6da18f4dd54,35327f2b-9205-440f-8e38-f6da18f4dd54,2025-05-02T18:15:17.755Z,2025-05-02T18:15:17.755Z,0,,Courtney
Inside Mermaid - Flamenco Grip,1,,"From seated, bring both hands to one side. Sink booty off hoop then rotate hips toward inside of hoop. Top hand grabs top bar with flamenco grip (palm toward you by rotating shoulder). If students don’t sink booty off and just rotate, they may roll right out of the hoop.",,,,,,inside-mermaid-flamenco-grip,inside,mermaid,,flamenco grip,,,lyra,static,74e4c4a4-c5b3-4e53-80f0-3e3a5a8326bb,uplift/mermaid_inside_flamenco_grip.jpg,abdadf94-f260-49c5-b277-29eb7e71280f,35327f2b-9205-440f-8e38-f6da18f4dd54,35327f2b-9205-440f-8e38-f6da18f4dd54,2025-05-02T18:15:17.755Z,2025-05-02T18:15:17.755Z,0,,Courtney
Inside Mermaid - Split,1,,"From seated, bring both hands to one side. Sink booty off hoop then rotate hips toward inside of hoop. Maybe let go with bottom hand if you feel stable.Top leg of mermaid reaches across hoop for split. If students don’t sink booty off and just rotate, they may roll right out of the hoop.",,,,,,inside-mermaid-split,inside,mermaid,,,split,,lyra,static,2b2186db-e329-472f-9e2c-4edc73c1f84f,uplift/mermaid_inside_split_legs.jpg,bb3600ea-f6cd-4bda-8195-2cc03d39da29,35327f2b-9205-440f-8e38-f6da18f4dd54,35327f2b-9205-440f-8e38-f6da18f4dd54,2025-05-02T18:15:17.755Z,2025-05-02T18:15:17.755Z,0,,Courtney
Inside Mermaid - Split Leg,1,,"From Low Layout, remove leg that matches free hand.  Either leg may be straight or bent.  Hint for feeling steadier is to hook leg of arm on hoop prior to removing free leg.",,,,,,inside-mermaid-split-leg,inside,mermaid,,,split leg,,lyra,static,24ceccae-4b17-417e-911f-665516463704,uplift/inside_mermaid_split_leg.jpg,089c813d-452a-464a-a7fb-48928e89dcc6,35327f2b-9205-440f-8e38-f6da18f4dd54,35327f2b-9205-440f-8e38-f6da18f4dd54,2025-05-02T18:15:17.755Z,2025-05-02T18:15:17.755Z,0,,
L Pop,1,,"From Inside Lion, cross grip with hand matching leg in hoop palms away and the other palms towards you. Keep sure knee hook. Roll forward to single knee hook under the bar. Progressions can be keeping free leg on the floor and lean forward with chest to leg prior to roll.",,,,,,l-pop,,l pop,,,,,lyra,static,3897ad4f-869d-4c88-8931-5863c45f50f2,uplift/l_pop.jpg,4cb794c4-d297-4422-a3da-485737a9ce06,35327f2b-9205-440f-8e38-f6da18f4dd54,35327f2b-9205-440f-8e38-f6da18f4dd54,2025-05-02T18:15:17.755Z,2025-05-02T18:15:17.755Z,0,,Lilly?
Low Layout,1,,"Hand below the tab and layout.  The farther down the hand, the more core work is needed.  Flows nicely from High Layout with the hand between the tabs.",,,,,,low-layout,low,layout,,,,,lyra,static,307eecc5-c623-43ff-842a-f153146dfbfa,uplift/low_layout.jpg,45386ff8-3b8a-4a4b-8ad8-59f778069f59,35327f2b-9205-440f-8e38-f6da18f4dd54,35327f2b-9205-440f-8e38-f6da18f4dd54,2025-05-02T18:15:17.755Z,2025-05-02T18:15:17.755Z,0,,
Low Layout - Arabesque,1,,"From Low Layout, remove leg that matches free hand.  Either leg may be straight or bent.  Hint for feeling steadier is to hook leg of arm on hoop prior to removing free leg.",,,,,,low-layout-arabesque,low,layout,,,arabesque,,lyra,static,52326130-f1a1-4f9e-b6da-cdcf971e00a8,uplift/low_layout_arabesque.jpg,1ae42d6a-c6f7-4d32-95ae-f20a93355763,35327f2b-9205-440f-8e38-f6da18f4dd54,35327f2b-9205-440f-8e38-f6da18f4dd54,2025-05-02T18:15:17.755Z,2025-05-02T18:15:17.755Z,0,,
Low Man in Moon - Legs Crossed,1,,Come into man in moon. May hold on one hand on top bar and one around booty on bottom bar. Straight one leg at a time. May use spanset to support feet.,,,,,,low-man-in-the-moon-legs-crossed,low,man in the moon,,,legs crossed,,lyra,static,00ad025b-702e-4a85-a4d8-ff56ac5fc6e6,uplift/man_in_moon_low_legs_crossed.jpg,54eec285-c4c3-4ae2-a4e7-34f5ca09338d,35327f2b-9205-440f-8e38-f6da18f4dd54,35327f2b-9205-440f-8e38-f6da18f4dd54,2025-05-02T18:15:17.755Z,2025-05-02T18:15:17.755Z,0,,Brandi
Low Man in the Moon,1,,"WHen coming into man in moon, lean the torso back and slide down the hoop slightly. Can also get into it by going to regular MIM and using hands to manually slide yourself down lower.",,,,,,low-man-in-the-moon,low,man in the moon,,,,,lyra,static,b872cbce-be47-451b-8d5c-202dca5da676,uplift/low_man_in_the_moon.jpg,f1d5e090-d247-48cf-82f8-fc19eb392dd9,35327f2b-9205-440f-8e38-f6da18f4dd54,35327f2b-9205-440f-8e38-f6da18f4dd54,2025-05-02T18:15:17.755Z,2025-05-02T18:15:17.755Z,0,,Brandi
Low Outside Mermaid,1,,"From seated, bring both hands to one side. Sink booty off hoop then rotate hips away from hoop. Top hand comes below tab to grab.",,,,,,outside-mermaid-low,outside,mermaid,low,,,,lyra,static,a2ee85ec-4165-4304-84f8-c82d0130b590,uplift/low_outside_mermaid.jpg,705b878b-a448-463f-8a8a-f860182b5383,35327f2b-9205-440f-8e38-f6da18f4dd54,35327f2b-9205-440f-8e38-f6da18f4dd54,2025-05-02T18:15:17.755Z,2025-05-02T18:15:17.755Z,0,,Courtney
Man in Moon Straddle,1,,"Come to MIM. Hands may come to top bar or one on top bar and one on bottom (personal preference, some people find one way more supportive than the other and vice versa). Use hands to pull up and use core to stabilize yourself while you bring legs off hoop. Maybe also be done with legs bent like butterfly stretch. The butterfly option is less intense on the hip flexors and is slightly less intense on abs since the lever is shorter.",,,,,,man-in-the-moon-straddle,,man in the moon,,,straddle,,lyra,static,32a3207d-858f-429f-85af-34843221c65d,uplift/man_in_moon_straddle.jpg,fe0acbce-8c84-4ef6-9b90-b167c7c712b5,35327f2b-9205-440f-8e38-f6da18f4dd54,35327f2b-9205-440f-8e38-f6da18f4dd54,2025-05-02T18:15:17.755Z,2025-05-02T18:15:17.755Z,0,,?
Outside Knee Hook - Both Legs,1,,"Seated, both hands to one side, sink down to knees.",,,,,Outside Knee Hook,outside-knee-hook-both-legs-hooked,outside,knee hook,,,both legs hooked,,lyra,static,861b9f5a-25df-494b-99b4-31fc17b70dcb,uplift/outside_knee_hook_both_legs.jpg,3d984208-4c69-4b2d-a5e5-6bb6daac8139,35327f2b-9205-440f-8e38-f6da18f4dd54,35327f2b-9205-440f-8e38-f6da18f4dd54,2025-05-02T18:15:17.755Z,2025-05-02T18:15:17.755Z,0,,Brandi
Outside Lion,1,,"From dragonfly, bring same leg as posting arm in hoop. Bend that knee. Hoop should be in opposite side armpit.",,,,,,outside-lion,,outside lion,,,,,lyra,static,c5a37f9f-6eb5-4d7d-ab00-66be890bbf9c,uplift/outside_lion.jpg,0fee9b96-8532-43d8-af99-00b6b43ebe31,35327f2b-9205-440f-8e38-f6da18f4dd54,35327f2b-9205-440f-8e38-f6da18f4dd54,2025-05-02T18:15:17.755Z,2025-05-02T18:15:17.755Z,0,,?
Outside Mermaid - Arabesque,1,,"From seated, bring both hands to one side. Sink booty off hoop then rotate hips away from hoop. Top hand moves to top of bar. Top leg comes thru hoop and bends at knee. Rotate leg/hips so that belly is facing downward.",,,,,,outside-mermaid-arabesque,outside,mermaid,,,arabesque,,lyra,static,af36b11d-b2e3-4688-8cb7-0a7d1866e032,uplift/outside_mermaid_arabesque.jpg,acf20ded-c6ad-4a3e-a264-a306926c4026,35327f2b-9205-440f-8e38-f6da18f4dd54,35327f2b-9205-440f-8e38-f6da18f4dd54,2025-05-02T18:15:17.755Z,2025-05-02T18:15:17.755Z,0,,Courtney
Outside Mermaid - Crossed Legs,1,,"From seated, bring both hands to one side. Sink booty off hoop then rotate hips away from hoop. Top hand moves to top of bar. Top leg comes thru hoop, crosses over bottom leg and straightens.",,,,,,outside-mermaid-crossed-legs,outside,mermaid,,,crossed legs,,lyra,static,44b917bc-d7a4-46d4-b5c0-f420bf169ca5,uplift/outside_mermaid_crossed_legs.jpg,55f80c3a-333f-4bab-ba40-cf1c670e0f05,35327f2b-9205-440f-8e38-f6da18f4dd54,35327f2b-9205-440f-8e38-f6da18f4dd54,2025-05-02T18:15:17.755Z,2025-05-02T18:15:17.755Z,0,,Courtney
Pike - Bottom Bar,1,,"Starting from a bottom bar double knee hang. Start by taking off one leg at a time and straightening it, with hands holding onto the bar. When safe, take off the other leg and straighten it. Keep upper body stacked",,,,,,pike-bottom-bar,,pike,,,,bottom bar,lyra,static,adad9d23-dcfb-4b47-a822-665ebc967bdb,uplift/pike_bottom_bar.jpg,02a46f6c-20fd-4384-95a6-c60579300dd7,35327f2b-9205-440f-8e38-f6da18f4dd54,35327f2b-9205-440f-8e38-f6da18f4dd54,2025-05-02T18:15:17.755Z,2025-05-02T18:15:17.755Z,0,looks same as bottom bar flip out?,?
Pike - Top Bar ,1,,"Starting from a top bar double knee hang. Start by taking off one leg at a time and straightening it, with hands holding onto the bar. When safe, take off the other leg and straighten it. Keep upper body stacked. Hoop may shake slightly, engage core.",,,,,,pike-top-bar,,pike,,,,top bar,lyra,static,5d83df1c-c54d-4726-8ad9-b130a0c4f266,uplift/pike_top_bar.jpg,d302718f-c1ae-4296-b3a9-4003d5d40e50,35327f2b-9205-440f-8e38-f6da18f4dd54,35327f2b-9205-440f-8e38-f6da18f4dd54,2025-05-02T18:15:17.755Z,2025-05-02T18:15:17.755Z,0,"See Knee Hang Top Bar Pike in level 2 section. Is same? Desc: Starting from a top bar double knee hang. Start by taking off one leg at a time and straightening it, with hands holding onto the bar. When safe, take off the other leg and straighten it. Keep upper body stacked. Hoop may shake slightly, engage core. 
",Cydney
Popsicle - Arch & Bent Legs,1,,"From horse, pull up so hoop is on inner thigh/right below booty cheek. Squeeze butt like your life depends on it. This will avoid the bar slipping to unfortunate places. Hands come to top bar and may be used to support some of your body weight by pulling up. Arch back and bend legs behind you.",,,,,,popsicle-arch-and-bent-legs,,popsicle,,,arch and bent legs,,lyra,static,207b2f04-169e-4c4e-a4da-9f6bfce47abf,uplift/popsicle_-_arch_&_bent_legs.jpg,d8afd0b3-2b79-4704-af59-c4e69f2a17e6,35327f2b-9205-440f-8e38-f6da18f4dd54,35327f2b-9205-440f-8e38-f6da18f4dd54,2025-05-02T18:15:17.755Z,2025-05-02T18:15:17.755Z,0,,?
Popsicle - Straight Legs,1,,"From horse, pull up so hoop is on inner thigh/right below booty cheek. Squeeze butt like your life depends on it. This will avoid the bar slipping to unfortunate places. Hands come to top bar and may be used to support some of your body weight by pulling up. Straighten legs",,,,,,popsicle-straight-legs,,popsicle,,,straight legs,,lyra,static,4e00749b-7534-4768-8f1b-758e1fddb9bc,uplift/popsicle_-_straight_legs.jpg,ff47358b-8f7f-4a0b-b1d6-f4e4d3411e5c,35327f2b-9205-440f-8e38-f6da18f4dd54,35327f2b-9205-440f-8e38-f6da18f4dd54,2025-05-02T18:15:17.755Z,2025-05-02T18:15:17.755Z,0,,?
Profile Plank - L Pop,1,,"Get into a profile plank and lift outside leg up and point it straight up, pushing against the bar.",,,,,,profile-plank-l-pop,,profile plank,l pop,,,,lyra,static,7d9392df-98dc-4f56-876a-ae36e14b7282,uplift/profile_plank_l_pop.jpg,4b5bb9af-7db9-41a3-a922-a37e8a1588be,35327f2b-9205-440f-8e38-f6da18f4dd54,35327f2b-9205-440f-8e38-f6da18f4dd54,2025-05-02T18:15:17.755Z,2025-05-02T18:15:17.755Z,0,check if diff from l-pop,
Profile Plank - L Pop with Split,1,,"Get into a profile plank and lift outside leg up and point it straight up, pushing against the bar. Rotate hips toward bar if need be. Bottom leg reaches toward floor to create split/straddle shape.",,,,,,profile-plank-l-pop-with-split,,profile plank,l pop with split,,,,lyra,static,0f8a133d-e81c-410d-bcb0-7f70a34f56b0,uplift/profile_plank_l_pop_with_split.jpg,9cbfad7a-16ff-41d6-81e4-b7dcd4b94315,35327f2b-9205-440f-8e38-f6da18f4dd54,35327f2b-9205-440f-8e38-f6da18f4dd54,2025-05-02T18:15:17.755Z,2025-05-02T18:15:17.755Z,0,,?
Prowl,1,,"From L sit, reach hips toward top bar while one leg comes off and hooks on top bar. Squeeze knee and push bottom foot into bar. Hands inside tabs. This move requires a degree of hip flexibility.",,,,,,prowl,,prowl,,,,,lyra,static,ccab7e38-ac5b-42c7-9e66-d4af180e91a9,uplift/prowl.jpg,d97c4d43-b05e-4de0-9d41-86ea02b238d5,35327f2b-9205-440f-8e38-f6da18f4dd54,35327f2b-9205-440f-8e38-f6da18f4dd54,2025-05-02T18:15:17.755Z,2025-05-02T18:15:17.755Z,0,,?
Running Man - Hands On,1,,"From horse, pull up so hoop is on inner thigh. Both hands to opposite side of the leg in the hoop. Bring your torso out of the hoop and rotate leg that’s inside hoop to touch bottom bar.The bar should be touching the inner thigh/ calf of horse leg. Free leg comes through hoop. The outside of that foot should be pushing against the bar. 

Most common issue is hips not being to the bar and students not pushing their legs against hoop to stay up.",,,,,,running-man-diagonal-hands-on,,running man,diagonal,hands on,,,lyra,static,6e01a15e-97f9-4f0c-91f9-309695089b1a,uplift/running_man.jpg,0aa4913c-feb8-4d57-ba90-726b6d088d33,35327f2b-9205-440f-8e38-f6da18f4dd54,35327f2b-9205-440f-8e38-f6da18f4dd54,2025-05-02T18:15:17.755Z,2025-05-02T18:15:17.755Z,0,,?
Seated - Top Bar,1,,"From seated on bottom bar, lift toe pit and toe pit on the top bar, then knee hook to knee hook on top bar. Reach one hand at a time on each strap and use the strap to ladder climb to seated on the bar",,,,,,seated-top-bar,,seated,,,,top bar,lyra,static,65d715fe-2801-4f87-a489-9b0e3a17f617,uplift/sitting_top_bar.jpg,88ac83f6-6671-4688-b250-3609e56a7548,35327f2b-9205-440f-8e38-f6da18f4dd54,35327f2b-9205-440f-8e38-f6da18f4dd54,2025-05-02T18:15:17.755Z,2025-05-02T18:15:17.755Z,0,,?
Seated Reach for Hoop - Top Bar,1,,"From seated on bottom bar, lift toe pit and toe pit on the top bar, then knee hook to knee hook on top bar. Reach one hand at a time on each strap and use the strap to ladder climb to seated on the bar. As the bar flips up, slowly remove one hand from a strap and reach behind to hold onto the hoop.",,,,,,seated-reach-for-hoop-top-bar,,seated,reach for hoop,,,top bar,lyra,static,0572e302-30ed-4a64-b365-d44219ec2c75,uplift/top_bar_sit_reach_for_hoop.jpg,99f922d6-dc4f-4f47-ae4b-3a4b820a80b8,35327f2b-9205-440f-8e38-f6da18f4dd54,35327f2b-9205-440f-8e38-f6da18f4dd54,2025-05-02T18:15:17.755Z,2025-05-02T18:15:17.755Z,0,,?
Secretary Sit Under Bar,1,,,,,,,,secretary-sit-under-bar,,secretary sit,,,,under bar,lyra,static,4f57af20-0778-476a-a8f7-c9f5c27e18cd,uplift/secretary_sit_under_bar.jpg,e9a96b94-b9a3-4653-9bdd-f2b8ec6fa70c,35327f2b-9205-440f-8e38-f6da18f4dd54,35327f2b-9205-440f-8e38-f6da18f4dd54,2025-05-02T18:15:17.755Z,2025-05-02T18:15:17.755Z,0,,Courtney
Single Inside Knee Hook - One Hand,1,,"From double knee hook, remove one leg (most students will need to externally rotate).",,,,,,inside-knee-hook-opposite-hand-on-bar,inside,knee hook,,opposite hand on bar,,,lyra,static,929454ad-3d8f-4fe1-ae0e-a33641fef228,uplift/knee_hang_bottom_bar_single_-_one_hand.jpg,24b55d45-5605-4d07-90cd-4ef2e3ea8e05,35327f2b-9205-440f-8e38-f6da18f4dd54,35327f2b-9205-440f-8e38-f6da18f4dd54,2025-05-02T18:15:17.755Z,2025-05-02T18:15:17.755Z,0,,Cydney
Single Knee Hang - Both Hands - Bottom Bar,1,,"From double knee hang, remove one leg. Most students will need to externally rotate to release the leg. If hoop is low enough, from standing, can hook one leg and then take the other leg off the floor.",,,,,Single Knee Hang,single-knee-hook-hands-on-bottom-bar,single,knee hook,,hands on,,bottom bar,lyra,static,e85a4de9-306c-4ed4-894f-dcd9c79a89b4,uplift/single_knee_hang_bottom_bar_2_hands.jpg,99f0ecc5-8f61-479d-a07f-1e62bbf3177d,35327f2b-9205-440f-8e38-f6da18f4dd54,35327f2b-9205-440f-8e38-f6da18f4dd54,2025-05-02T18:15:17.755Z,2025-05-02T18:15:17.755Z,0,,?
Sky Diver - Bottom Bar,1,,"From DKH on bottom bar, Bring hands outside of legs palms facing toward you. Bring knees off of hoop and hook feet on each side of hoop. The lower your feet, the more of a backbend you come into. To get out bring booty below the bar and rehook legs in DKH. 

May also be done from buttshelf by bringing hands by hips (palms away) and sliding booty off while feet hook.",,,,,,sky-diver-bottom-bar,,sky diver,,,,bottom bar,lyra,static,ca09dee6-7a6d-4506-b20b-8047af372423,uplift/sky_diver_bottom_bar.jpg,f0ad7a21-e34a-44ea-9521-be25fadb87cf,35327f2b-9205-440f-8e38-f6da18f4dd54,35327f2b-9205-440f-8e38-f6da18f4dd54,2025-05-02T18:15:17.755Z,2025-05-02T18:15:17.755Z,0,,Joanne
Spider - Under Bar,1,,"Starting from double knee hang on bottom bar, bring body up to touch the bar, move one leg and turn it out to push up against the side of the bar, then take the other leg and do the same thing on the other side.",,,,,,spider-under-bar,,spider,,,,under bar,lyra,static,20d933c6-3d3c-4a9f-83f2-20a9239335f9,uplift/spider_under_bar.jpg,e7e40678-f267-4495-9b52-dbd621efbfd4,35327f2b-9205-440f-8e38-f6da18f4dd54,35327f2b-9205-440f-8e38-f6da18f4dd54,2025-05-02T18:15:17.755Z,2025-05-02T18:15:17.755Z,0,,Cydney
Splits Down - Hip Squared,1,,"From an L sit, take one foot off and bend the knee. Option for open hip splits down (becomes more of a straddle instead of split)",,,,,,splits-down-hips-squared,,splits down,,,hips squared,,lyra,static,92676a40-5911-40b9-ad09-743a9c9cb25c,uplift/splits_down_hip_squared.jpg,1cc9db46-dd9b-41e6-b73f-b7afc13cd863,35327f2b-9205-440f-8e38-f6da18f4dd54,35327f2b-9205-440f-8e38-f6da18f4dd54,2025-05-02T18:15:17.755Z,2025-05-02T18:15:17.755Z,0,,Trisha
Splits Down - Hips Rotated,1,,,,,,,,splits-down-hips-rotated,,splits down,,,hips rotated,,lyra,static,1ab291bb-d378-4f8c-9108-782ea73153fd,default/missing_image.jpg,32f9c19c-e936-41f4-8a29-ed663b9c6d45,35327f2b-9205-440f-8e38-f6da18f4dd54,35327f2b-9205-440f-8e38-f6da18f4dd54,2025-05-02T18:15:17.755Z,2025-05-02T18:15:17.755Z,0,,
Stand in Hoop Star,1,,"From standing in hoop, where your body is in between the straps and hands are holding onto the hoop to push yourself up. Shoulders should not be up by your ears. Slowly take one leg off and then the other. Push both legs out to opposite sides, in a star position.",,,,,,standing-star-both-legs-off-inside-hoop,,standing,,,star both legs off,inside hoop,lyra,static,4e5dfdce-53b4-45ae-99dc-0baf1c2506ae,uplift/stand_in_hoop_star.jpg,7ecf6d10-ffd7-40c7-a1cc-0734d4c498e8,35327f2b-9205-440f-8e38-f6da18f4dd54,35327f2b-9205-440f-8e38-f6da18f4dd54,2025-05-02T18:15:17.755Z,2025-05-02T18:15:17.755Z,0,,?
Stand in Hoop Star One Leg,1,,"From standing in hoop, with body in between straps, take one leg off and push it straight behind while the other leg remains on the bar and pushes in the opposite direction. When pushing forward, toes, remain on the bar.",,,,,,standing-star-one-leg-inside-hoop,,standing,,,star one leg,inside hoop,lyra,static,13af5f80-ff68-4ff7-95b9-d2f828cdaf51,uplift/stand_in_hoop_star_one_leg.jpg,98292bb5-39b1-4f93-a0c8-2ab37b9d6490,35327f2b-9205-440f-8e38-f6da18f4dd54,35327f2b-9205-440f-8e38-f6da18f4dd54,2025-05-02T18:15:17.755Z,2025-05-02T18:15:17.755Z,0,,?
Stand Outside Hoop,1,,Toe squat on bottom bar. Grab each spanset in each hand one at a time. Straighten legs and stand up while holding onto spanset.,,,,,,standing-outside-hoop,,standing,,,,outside hoop,lyra,static,7d6b626d-1ce4-435e-8c21-98f04c53a23c,uplift/stand_outside_hoop.jpg,c1109a1a-f78d-42b6-b542-cecd9d716c1b,35327f2b-9205-440f-8e38-f6da18f4dd54,35327f2b-9205-440f-8e38-f6da18f4dd54,2025-05-02T18:15:17.755Z,2025-05-02T18:15:17.755Z,0,,Joanne
Standing Arabesque Inside Leg,1,,"Come to standing outside the hoop. Come into the hoop by bringing one arm in, the head in, then the other arm in. Both legs touch bottom of hoop. Lean to one side. The opposite leg of whatever side you leaned to comes off for arabesque.",,,,,,standing-arabesque-inside-leg,,standing,,,arabesque inside leg,,lyra,static,43ee7564-b60a-405d-bcd2-1dd8d3e80a07,uplift/standing_arabesque_inside_leg.jpg,dee98ea2-49cd-4078-adf7-4b50feef21d8,35327f2b-9205-440f-8e38-f6da18f4dd54,35327f2b-9205-440f-8e38-f6da18f4dd54,2025-05-02T18:15:17.755Z,2025-05-02T18:15:17.755Z,0,,Trisha
Standing Arabesque Outside Leg,1,,"Come to standing outside the hoop. Come into the hoop by bringing one arm in, the head in, then the other arm in. Both legs touch bottom of hoop. Lean to one side. The same side leg of whatever side you leaned to comes off for arabesque.",,,,,,standing-arabesque-outside-leg,,standing,,,arabesque outside leg,,lyra,static,7295d109-21c6-4932-9878-c940604f4582,uplift/standing_arabesque_outside_leg.jpg,d864f49e-4c9a-4b89-9a06-c47fbab078ce,35327f2b-9205-440f-8e38-f6da18f4dd54,35327f2b-9205-440f-8e38-f6da18f4dd54,2025-05-02T18:15:17.755Z,2025-05-02T18:15:17.755Z,0,,Trisha
Standing in Hoop Stag Legs,1,,"From standing in hoop, where your body is in between the straps and hands are holding onto the hoop to push yourself up. Shoulders should not be up by your ears. Slowly take one leg off and bend it backward in the air. When safe, take the other leg off and bend forward in the air.",,,,,,standing-stag-legs-inside-hoop,,standing,,,stag legs,inside hoop,lyra,static,288c5086-013e-4daa-9eab-c67f87e82740,uplift/standing_in_hoop_stag_legs.jpg,3f7cfcd6-add1-40e1-acbd-3bbba940fe11,35327f2b-9205-440f-8e38-f6da18f4dd54,35327f2b-9205-440f-8e38-f6da18f4dd54,2025-05-02T18:15:17.755Z,2025-05-02T18:15:17.755Z,0,,?
Superman - Hands On,1,,"From hip hang, grab both sides of the bar with palms facing away on the belly of the bar. Lift your body up, with legs straight, pointed behind in a “superman” position.",,,,,,superman-hands-on,,superman,,hands on,,,lyra,static,d242efe6-3bb2-481f-959e-23a5982629ed,uplift/superman_-_hands_on.jpg,58cd3edc-b535-486c-a3d0-32d5e453131e,35327f2b-9205-440f-8e38-f6da18f4dd54,35327f2b-9205-440f-8e38-f6da18f4dd54,2025-05-02T18:15:17.755Z,2025-05-02T18:15:17.755Z,0,,?
Threaded Leg Exit,1,,"Start by standing on the bottom bar. Both hands on one strap. If holding onto the right strap, the right leg swings around to front of hoop (causing hoop to start to turn) and foot feeds over bar, underneath the leg remaining on hoop. Right had reaches for top bar, palm away. Foot on hoop comes off, and left hand slides down strap. Land in Horse.",,,,,Around the World Threaded Leg Exit,threaded-leg-exit,,threaded leg exit,,,,,lyra,dynamic,6f504b3a-6800-4a47-bcf3-17d75ab2c2e8,uplift/threaded_leg_exit.jpg,b7a3881e-7d1a-4ac1-b47a-88e2fca7c7fa,35327f2b-9205-440f-8e38-f6da18f4dd54,35327f2b-9205-440f-8e38-f6da18f4dd54,2025-05-02T18:15:17.755Z,2025-05-02T18:15:17.755Z,0,,Cydney
Tree Frog,1,,,,,,,,tree-frog,,tree frog,,,,,lyra,static,7680c193-67f0-47e5-9557-997be0b7ecf9,uplift/tree_frog.jpg,72576fec-c735-4295-8361-f01dcf6c56ee,35327f2b-9205-440f-8e38-f6da18f4dd54,35327f2b-9205-440f-8e38-f6da18f4dd54,2025-05-02T18:15:17.755Z,2025-05-02T18:15:17.755Z,0,,Trisha
Vine Crawl,1,,"Both hands to one side. One leg comes into the hoop and bends for a knee hook. Hands climb up the side of hoop and eventually make it to the top bar. 

This move is as easy or as hard as you make it. The higher the hands, the less you have to climb. The lower the hands (ex. Starting all the way below the bar) makes it harder.",,,,,,vine-crawl,,vine crawl,,,,,lyra,static,dd9c2fd6-a63e-4e5a-88a8-488ec7d96bc0,uplift/vine_crawl.jpg,ecf30e85-019f-43f0-9c36-75af3cb5632c,35327f2b-9205-440f-8e38-f6da18f4dd54,35327f2b-9205-440f-8e38-f6da18f4dd54,2025-05-02T18:15:17.755Z,2025-05-02T18:15:17.755Z,0,,Joanne
Wine Glass,1,,"From dragonfly, same leg as posting arm comes through the hoop. Leg straightens. 

Also possible from seated and buttshelf. If performing from buttshelf, cue a REALLY big sit up. If students don’t sit up and just take their leg out of hoop while in buttshelf, they will fall out.",,,,,Outside Lion with Splits,wine-glass,,wine glass,,,,,lyra,static,7b3c2489-c2a0-40c4-9654-1726026f1d66,uplift/wine_glass.jpg,0c628298-f2f8-44da-888a-ec053ec6cf62,35327f2b-9205-440f-8e38-f6da18f4dd54,35327f2b-9205-440f-8e38-f6da18f4dd54,2025-05-02T18:15:17.755Z,2025-05-02T18:15:17.755Z,0,,Meredith
Amazon - Top Hand Off,2,,"From dragonfly, post into dragon fly arm and move bar from armpit to shoulder/head/neck. If you feel comfortable with the set up, can let go with top hand. 

More entries to pose in Amazon in Level 1 section.",,,,,,amazon-top-hand-off,,amazon,,top hand off,,,lyra,static,90e0dae1-1f5c-4fed-83b6-c62ed00a1974,uplift/amazon_top_hand_off.jpg,bbedf4cf-c224-4ea2-8135-ffa1e9515040,35327f2b-9205-440f-8e38-f6da18f4dd54,35327f2b-9205-440f-8e38-f6da18f4dd54,2025-05-02T18:15:17.755Z,2025-05-02T18:15:17.755Z,0,,Courtney
Arm Pit Block Top Bar,2,,"From standing inside hoop, bend knees to get armpits closer to top bar. Put bar directly in armpits and push shoulders away from ears. Straight legs and take them off the hoop. May put one foot in front of hoop and one behind to avoid the hoop flipping.",,,,,,arm-pit-block-top-bar,,arm pit block,,,,top bar,lyra,static,0c9e6f20-24cf-4c88-a288-4d034f7ef48d,uplift/arm_pit_block_top_bar.jpg,286e1d77-8ace-43c9-9607-155faa543bf7,35327f2b-9205-440f-8e38-f6da18f4dd54,35327f2b-9205-440f-8e38-f6da18f4dd54,2025-05-02T18:15:17.755Z,2025-05-02T18:15:17.755Z,0,,Cydney
Arrow Criss Cross,2,,"From Fallen Angel, free leg foot hooks around bar.",,,,,,arrow-criss-cross,,arrow criss cross,,,,,lyra,static,d3c06d8b-a551-42be-9e36-1b22eecf3319,uplift/arrow_criss_cross.jpg,bdb78115-619e-49b7-ac29-67ee271a4dfa,35327f2b-9205-440f-8e38-f6da18f4dd54,35327f2b-9205-440f-8e38-f6da18f4dd54,2025-05-02T18:15:17.755Z,2025-06-27T18:15:17.755Z,0,,
Back Balance - Hands On,2,,"From Butt shelf, hold onto bar by hips. Let your legs fall behind you while you arch your back. May take trial and error to find perfect balance point. Once you are balanced, you may let go with one hand or both. **Very back heavy**",,,,,,back-balance-hands-on,,back balance,,hands on,,,lyra,static,51b9b36d-c824-46b6-9d68-d386ecadeef8,uplift/back_balance_-_hands_on.jpg,c24e5845-08cb-4800-889d-6fab8125aa37,35327f2b-9205-440f-8e38-f6da18f4dd54,35327f2b-9205-440f-8e38-f6da18f4dd54,2025-05-02T18:15:17.755Z,2025-05-02T18:15:17.755Z,0,,Meredith
Bottom Bar Bird’s Nest - Single Leg,2,,"From Butt Shelf, remove back arch, and let booty slide off the bar, block with ankles. Remove one leg and drop it forwards or backwards. Leg on hoop can bend at knee or stay straight.",,,,,,bird’s-nest-one-leg-off-bottom-bar,,bird’s nest,,,one leg off,bottom bar,lyra,static,fa7cb553-7782-4756-8cea-702a65892d41,uplift/bird’s_nest_bottom_bar_one_leg.jpg,2b58955a-ca38-4b15-a8be-089278dd239e,35327f2b-9205-440f-8e38-f6da18f4dd54,35327f2b-9205-440f-8e38-f6da18f4dd54,2025-05-02T18:15:17.755Z,2025-05-02T18:15:17.755Z,0,,Joanne
Broken Knees,2,,,,,,,,broken-knees,,broken knees,,,,,lyra,static,93a3a15c-c58a-458d-a569-4c69aa80056c,uplift/broken_knees.jpg,7089c129-6732-43ab-9dc8-a016371cdf49,35327f2b-9205-440f-8e38-f6da18f4dd54,35327f2b-9205-440f-8e38-f6da18f4dd54,2025-06-26T18:15:17.755Z,2025-06-26T18:15:17.755Z,0,,
Butt Shelf - Hands Off - Legs Straight,2,,"From regular buttshelf, bring legs closer together. Use the tops of your feet to hook on hoop for stability. If you feel comfortable, you can let go.",,,,,Star in the Bar ,butt-shelf-hands-off-legs-straight-above,,butt shelf,,hands off,legs straight above,,lyra,static,886b3ef2-1728-47ba-8caa-cec05cc81b6f,uplift/butt_shelf_-_legs_straight_above_no_hands.jpg,432b69d8-1584-475e-ae83-5310f6ce087f,35327f2b-9205-440f-8e38-f6da18f4dd54,35327f2b-9205-440f-8e38-f6da18f4dd54,2025-05-02T18:15:17.755Z,2025-05-02T18:15:17.755Z,0,,Trisha
Butt Shelf - Hands Off - One Leg Straight Other Bent Behind,2,,"From butthshelf, bring one leg to the middle but keep it behind the hoop. Other leg extends behind. May be done with foot in front of hoop or bending the knee and pushing the bottom of the foot against the top bar.",,,,,Star in the Bar,butt-shelf-hands-off-one-leg-straight-one-leg-bent-behind,,butt shelf,,hands off,one leg straight one leg bent behind,,lyra,static,bf2ba77f-48cd-4fe2-a567-2e05f983ad6d,uplift/butt_shelf_-_one_leg_straight_other_bent_behind.jpg,3462c749-bfd1-4845-a046-4ff10fe3b509,35327f2b-9205-440f-8e38-f6da18f4dd54,35327f2b-9205-440f-8e38-f6da18f4dd54,2025-05-02T18:15:17.755Z,2025-05-02T18:15:17.755Z,0,,Cydney
Butt Shelf - Hands Off - Wide Legs,2,,"From buttshelf, think about keeping a “shelf” by the booty by arching the back slightly and pushing legs into hoop. This will happen naturally for some people who have a booty. If you feel stable, you may leg go with both hands.",,,,,Star in the Bar ,butt-shelf-hands-off-legs-wide,,butt shelf,,hands off,legs wide,,lyra,static,86ed6d01-2d98-4980-a7a2-4562f238f2c5,uplift/butt_shelf_-_no_hands.jpg,9e4d1d05-9845-41ea-8e8d-dc497dec2777,35327f2b-9205-440f-8e38-f6da18f4dd54,35327f2b-9205-440f-8e38-f6da18f4dd54,2025-05-02T18:15:17.755Z,2025-05-02T18:15:17.755Z,0,,Trisha
Cannon Ball,2,,"From DKH on the top bar, bring one hand to the knees then the other. Think about engaging the hamstrings and squeezing heels toward butt. Hoop may flip up. May manually flip the hoop up first before cannonball to feel more comfortable if need be.",,,,,,cannon-ball,,cannon ball,,,,,lyra,static,0fc0906c-45e5-4164-82f4-97c9e748ec1d,uplift/cannon_ball.jpg,f4b2eb96-bad0-4290-a14c-4ac4e41ed99c,35327f2b-9205-440f-8e38-f6da18f4dd54,35327f2b-9205-440f-8e38-f6da18f4dd54,2025-05-02T18:15:17.755Z,2025-05-02T18:15:17.755Z,0,,?
Chest Stand - Arrow,2,,"From Chest Stand, one leg comes off and behind the hoop to straighten by belly of hoop.",,,,,,chest-stand-arrow,,chest stand arrow,,,,,lyra,static,cc9c8c64-69bd-4947-b66d-26b515156be9,uplift/chest_stand_arrow.jpg,08704d4a-f14e-4744-9783-2a9fa969607d,35327f2b-9205-440f-8e38-f6da18f4dd54,35327f2b-9205-440f-8e38-f6da18f4dd54,2025-05-02T18:15:17.755Z,2025-05-02T18:15:17.755Z,0,,Alicia
Chest Stand - Delilah,2,,"From Chest Stand, one leg comes off the hoop, and drops behind bent.",,,,,,chest-stand-delilah,,chest stand delilah,,,,,lyra,static,b473711e-79b0-4da1-a96a-0014e89e93c4,uplift/chest_stand_delilah.jpg,1e947173-88b1-47dd-ad8d-8c790a8f2b3c,35327f2b-9205-440f-8e38-f6da18f4dd54,35327f2b-9205-440f-8e38-f6da18f4dd54,2025-05-02T18:15:17.755Z,2025-05-02T18:15:17.755Z,0,,Courtney
Chest Stand - Pencil,2,,"From DKH on the top bar, bring hoop in front of you by ducking head while moving hoop. Hands come to belly of hoop. Bring bar to chest then straight legs toward ceiling.",,,,,,chest-stand-pencil,,chest stand pencil,,,,,lyra,static,c44da0f9-c88b-437c-a8ae-2727fed0e52b,uplift/chest_stand_pencil.jpg,83d9f43a-6ead-4b76-a50d-fa87e17e9bc5,35327f2b-9205-440f-8e38-f6da18f4dd54,35327f2b-9205-440f-8e38-f6da18f4dd54,2025-05-02T18:15:17.755Z,2025-05-02T18:15:17.755Z,0,,Brandi
Chest Stand - Pike,2,,"From DKH on the top bar, bring hoop in front of you by ducking head while moving hoop. Hands come to belly of hoop. Bring bar to chest. Take legs off of hoop and bring into pike position. Your weight should now be in your hands and where your chest meets the bar.",,,,,,chest-stand-pike,,chest stand pike,,,,,lyra,static,3ceffd98-3922-447d-a19d-4841da6b1a59,uplift/chest_stand_pike.jpg,cbbad36b-a6ff-479b-9051-519f4233df00,35327f2b-9205-440f-8e38-f6da18f4dd54,35327f2b-9205-440f-8e38-f6da18f4dd54,2025-05-02T18:15:17.755Z,2025-05-02T18:15:17.755Z,0,,Courtney
Circus Mermaid,2,,"From Profile Plank, release top hand and roll away from hoop (hoop will be behind you).",,,,,,circus-mermaid,,circus mermaid,,,,,lyra,static,38161e33-cf53-4c2a-8f21-0e96ff7d7cfa,uplift/circus_mermaid.jpg,0610ae6b-4ce7-43ed-bc5b-6e7a81c3a0b5,35327f2b-9205-440f-8e38-f6da18f4dd54,35327f2b-9205-440f-8e38-f6da18f4dd54,2025-05-02T18:15:17.755Z,2025-05-02T18:15:17.755Z,0,,Lilly
Cuddle Slide,2,,"From DKH, on the top bar, move both hands to the outside of the tabs, one hand being closer to the belly. 

Option one: Unhook the same leg as hand on belly. Rehook outside of the tab. Do the same for the other leg hooking next to the first leg. Slightly release grip with knees to slide down, letting your hand slide with you. Should end in cuddle. 

Option two: Unhook both legs from DKH, bring to outside of hoop below tab. Slide legs and hand down at the same time.",,,,,,cuddle-slide,,cuddle slide,,,,,lyra,dynamic,99f604bb-a07c-4ab5-a862-3d1fe2fa5924,uplift/cuddle_slide.jpg,3d64a63d-ac5a-447f-8be2-849a42ecf342,35327f2b-9205-440f-8e38-f6da18f4dd54,35327f2b-9205-440f-8e38-f6da18f4dd54,2025-05-02T18:15:17.755Z,2025-05-02T18:15:17.755Z,0,,Trisha
Cuddle Top Bar,2,,"From seated on the top bar, lean to one side, bringing one hand to the same side spanset and other hand to the bar. You stay in the hoop by maintaining the spanset in the hip crease. Weight should be in hip crease. May let go if you feel stable.",,,,,,cuddle-top-bar,,cuddle top bar,,,,,lyra,static,b3619447-db79-4b5a-929b-833fa4043fb8,uplift/cuddle_top_bar.jpg,56604899-eb21-4de3-8dee-1a3be0af48fe,35327f2b-9205-440f-8e38-f6da18f4dd54,35327f2b-9205-440f-8e38-f6da18f4dd54,2025-05-02T18:15:17.755Z,2025-05-02T18:15:17.755Z,0,,Lilly?
Delilah - Foot Press Away - Top Bar,2,,"From Delilah, release same hand as free leg and hold bottom center of the bar. Arch the back. Free leg comes forward with pointed toes and replaces hand that was at bottom center.",,,,,,delilah-foot-press-away-top-bar,,delilah,foot press away,,,top bar,lyra,static,1852d9b9-b888-4b33-a37a-4a2ddcbd29e4,uplift/delilah_foot_press_away.jpg,b8aeef4b-b30d-4b08-b2c0-80624f7c387a,35327f2b-9205-440f-8e38-f6da18f4dd54,35327f2b-9205-440f-8e38-f6da18f4dd54,2025-05-02T18:15:17.755Z,2025-05-02T18:15:17.755Z,0,,Joanne
Delilah - Hand Press Away - Top Bar,2,,"From Delilah, release same hand as free leg and hold bottom center of the bar. Arch the back.",,,,,,delilah-hand-press-away,,delilah,hand press away,,,,lyra,static,41c33b62-a58a-42fd-86cb-7705a74c2902,uplift/delilah_hand_press_away.jpg,90b845d4-0ef9-4b8b-a45e-91b558cb6b63,35327f2b-9205-440f-8e38-f6da18f4dd54,35327f2b-9205-440f-8e38-f6da18f4dd54,2025-05-02T18:15:17.755Z,2025-05-02T18:15:17.755Z,0,,Lilly
Delilah - Sideways - Top Bar,2,,"Starts from Man in the Moon. One hand top of the bar and the other bottom of the bar. Using arms, pull up/push up, and hook outside leg to the top of the hoop.",,,,,,delilah-sideways-top-bar,,delilah,sideways,,,top bar,lyra,static,20ae2172-1b04-4e4e-9737-8fe85a29f673,uplift/delilah_sideways_top_bar.jpg,6bccad2e-a622-410b-a00c-0036f06ade7b,35327f2b-9205-440f-8e38-f6da18f4dd54,35327f2b-9205-440f-8e38-f6da18f4dd54,2025-05-02T18:15:17.755Z,2025-05-02T18:15:17.755Z,0,,?
Diving Bird,2,,"Dragon Fly
Lean back over bar with belly to the ceiling
Leg of posting arm hooks at hip crease on bottom bar
Other leg straightens under tab of opposite side of bar",,,,,,diving-bird,,diving bird,,,,,lyra,static,7cd6c385-c9d3-4830-bae9-e004c5058d28,uplift/diving_bird.jpg,22b228f0-da9f-461b-b292-e5180b87080a,35327f2b-9205-440f-8e38-f6da18f4dd54,35327f2b-9205-440f-8e38-f6da18f4dd54,2025-05-02T18:15:17.755Z,2025-05-02T18:15:17.755Z,0,,Trisha
Double Knee Hang - No Hands - Top Bar,2,,"From DKH on top bar, squeeze heels towards glutes. Let go with hands if feel confident in knee hook.",,,,,,double-knee-hook-hands-off-top-bar,double,knee hook,,hands off,,top bar,lyra,static,3b061ed3-fd82-4bd1-9bec-a7bdcb8d91ca,uplift/knee_hang_double_top_bar_-_no_hands.jpg,70db1d9b-721b-4746-a052-a9b54498d9ae,35327f2b-9205-440f-8e38-f6da18f4dd54,35327f2b-9205-440f-8e38-f6da18f4dd54,2025-05-02T18:15:17.755Z,2025-05-02T18:15:17.755Z,0,,Morgan
Dragonfly Straddle Back,2,,From Dragon Fly invert to Straddle Back. May exit to Wine Glass by bringing leg on face side of hoop to rest on bar.,,,,,Straddle Back Side Bar,dragonfly-straddle-back,dragonfly,straddle back,,,,,lyra,static,0ee78268-4c87-4d93-a16c-e35d6e3fb1ef,uplift/dragonfly_straddleback.jpg,fda62c94-2e6b-4812-8100-9e330e5400c8,35327f2b-9205-440f-8e38-f6da18f4dd54,35327f2b-9205-440f-8e38-f6da18f4dd54,2025-05-02T18:15:17.755Z,2025-05-02T18:15:17.755Z,0,,Joanne
Fallen Angel,2,,Top bar double knee hook. Hand that will match single knee hook moves to under the tab. Release matching arm and leg.,,,,,,fallen-angel,,fallen angel,,,,,lyra,static,de7f012d-a8c1-4fe2-926a-58d5e016cc23,uplift/fallen_angel.jpg,59f2dfcb-47b5-4b7e-8b70-5c6f537819d8,35327f2b-9205-440f-8e38-f6da18f4dd54,35327f2b-9205-440f-8e38-f6da18f4dd54,2025-05-02T18:15:17.755Z,2025-05-02T18:15:17.755Z,0,,?
Faux Butt Shelf,2,,"From Wine Glass, hand underneath Wine Glass leg, and invert.",,,,,,faux-butt-shelf,faux,butt shelf,,,,,lyra,static,0657b20f-058f-4a13-ab40-7b4b7c4792e1,uplift/faux_butt_shelf.jpg,76538905-48b5-470d-b811-2a1777ab1d51,35327f2b-9205-440f-8e38-f6da18f4dd54,35327f2b-9205-440f-8e38-f6da18f4dd54,2025-05-02T18:15:17.755Z,2025-05-02T18:15:17.755Z,0,,Trisha
Flag,2,,"Standing to the side of the hoop, if hoop at right hip, left hand to top center of bar (palms away), and right hand to bottom center of bar. Feet come off the floor. Shoulders away from ears.",,,,,,flag,,flag,,,,,lyra,static,6497e91a-f1c5-4d2a-82d3-5eb19bca3d6a,uplift/flag.jpg,ec1acf45-016f-4eba-a9ec-8c3be155eb8b,35327f2b-9205-440f-8e38-f6da18f4dd54,35327f2b-9205-440f-8e38-f6da18f4dd54,2025-05-02T18:15:17.755Z,2025-05-02T18:15:17.755Z,0,,Cydney
Flying Saucer,2,,Starts from Standing Outside the Hoop. Lower down so the bar is underneath the shoulder blades. Hands grab belly of bar and raise the hoop.,,,,,,flying-saucer,,flying saucer,,,,,lyra,static,c458fd16-716d-4f4d-be10-6fd284243cce,uplift/flying_saucer.jpg,d551603c-333b-4f0f-a6de-6c45ce76ecce,35327f2b-9205-440f-8e38-f6da18f4dd54,35327f2b-9205-440f-8e38-f6da18f4dd54,2025-05-02T18:15:17.755Z,2025-05-02T18:15:17.755Z,0,,Trisha
French Gazelle,2,,"From Profile Plank, one bootie check on the other side of the bar. Leg that matches the lower hand is the Gazelle leg. Gazelle leg bends (past bar - hip mobility may limit that). Gazelle leg presses against hoop as well as free leg for blocking. Front leg hooks around bar and foot comes around as well. Hip mobility is a limiting factor.",,,,,,french-gazelle,french,gazelle,,,,,lyra,static,87753377-22c8-4465-b5af-d65042eccabe,uplift/gazelle_french.jpg,777d8817-e1f9-4aee-a5bb-f697082d837a,35327f2b-9205-440f-8e38-f6da18f4dd54,35327f2b-9205-440f-8e38-f6da18f4dd54,2025-05-02T18:15:17.755Z,2025-05-02T18:15:17.755Z,0,,Trisha
French Gazelle - Stag Legs,2,,,,,,,,french-gazelle-stag-legs,french,gazelle,,,stag legs,,lyra,static,6d463b7f-2c3c-42ef-a12c-aadf40ef11c3,uplift/gazelle_french_stag_legs.jpg,bf4aa097-5ad4-465c-9d59-5001c2813a8a,35327f2b-9205-440f-8e38-f6da18f4dd54,35327f2b-9205-440f-8e38-f6da18f4dd54,2025-05-02T18:15:17.755Z,2025-05-02T18:15:17.755Z,0,,?
Gazelle - Front Split,2,,"From Profile Plank, one bootie check on the other side of the bar. Leg that matches the lower hand is the Gazelle leg. Gazelle leg bends (past bar - hip mobility may limit that). Gazelle leg presses against hoop as well as free leg for blocking. Straighten front leg.",,,,,,gazelle-front-split,,gazelle,,,front split,,lyra,static,53ec54bc-5c33-4319-8baf-93f248d6751b,uplift/gazelle_front_split.jpg,b71a39f6-e216-4d86-ab44-f045139e87a8,35327f2b-9205-440f-8e38-f6da18f4dd54,35327f2b-9205-440f-8e38-f6da18f4dd54,2025-05-02T18:15:17.755Z,2025-05-02T18:15:17.755Z,0,,Meredith
Gazelle - No Hands,2,,"From Profile Plank, one bootie check on the other side of the bar. Leg that matches the lower hand is the Gazelle leg. Gazelle leg bends (past bar - hip mobility may limit that). Gazelle leg presses against hoop as well as free leg for blocking.

May let go with both hands if feeling confident.",,,,,,gazelle-hands-off,,gazelle,,hands off,,,lyra,static,abd9185c-8e36-4ed5-bbe3-de87acdf47bf,uplift/gazelle_no_hands.jpg,114f204a-4e1f-4e52-a564-77da2c2fd7d9,35327f2b-9205-440f-8e38-f6da18f4dd54,35327f2b-9205-440f-8e38-f6da18f4dd54,2025-05-02T18:15:17.755Z,2025-05-02T18:15:17.755Z,0,,Meredith
Gazelle - Top Bar,2,,"From seated on the top bar, wiggle one booty cheek off hoop while the other stays on. Whichever booty cheek is off, that leg wraps around same side spanset.",,,,,,gazelle-top-bar,,gazelle,,,,top bar,lyra,static,71711861-2026-44c6-87bb-ee79f8040821,uplift/gazelle_top_bar.jpg,534230bb-a79e-45b1-8178-ef3c32d21627,35327f2b-9205-440f-8e38-f6da18f4dd54,35327f2b-9205-440f-8e38-f6da18f4dd54,2025-05-02T18:15:17.755Z,2025-05-02T18:15:17.755Z,0,,
Gazelle - Twist Full Split ,2,,,,,,,,gazelle-twist-full-split,,gazelle,twist full split,,,,lyra,static,01d7e3ba-4d8b-4e7e-a672-7f2e464ce6dd,uplift/gazelle_twist_split_full.jpg,1babe1da-1c27-4f7f-bb46-ae15853b2134,35327f2b-9205-440f-8e38-f6da18f4dd54,35327f2b-9205-440f-8e38-f6da18f4dd54,2025-05-02T18:15:17.755Z,2025-05-02T18:15:17.755Z,0,,Lilly
Gazelle - Twist Half Split,2,,,,,,,,gazelle-twist-half-split,,gazelle,twist half split,,,,lyra,static,fb33d765-57e1-4169-8f7d-275615955851,uplift/gazelle_twist_half_split.jpg,80a9a709-36ee-4a30-ae76-b45ac413d553,35327f2b-9205-440f-8e38-f6da18f4dd54,35327f2b-9205-440f-8e38-f6da18f4dd54,2025-05-02T18:15:17.755Z,2025-05-02T18:15:17.755Z,0,,Courtney
Gazelle Allegra - Bent Leg,2,,"Profile Plank with one booty cheek on each side of the bar. Outside leg hooks over the same arm as outside leg. Release opposite arm from hoop. 

Arm length and thigh diameter may make this move not possible to achieve.",,,,,Allegra,allegra-gazelle-bent-leg,allegra,gazelle,,,bent leg,,lyra,static,6bb92ce4-15d0-4101-9617-d0f1d38f299c,uplift/gazelle_allegra_bent_leg.jpg,7e3a4052-bfaa-461d-be7e-80f544363035,35327f2b-9205-440f-8e38-f6da18f4dd54,35327f2b-9205-440f-8e38-f6da18f4dd54,2025-05-02T18:15:17.755Z,2025-05-02T18:15:17.755Z,0,,?
Gazelle Allegra - Straight Leg,2,,"Profile Plank with one booty cheek on each side of the bar. Outside leg hooks over the same arm as the outside leg and then straightens. Release opposite arm from hoop. 

Arm length and thigh diameter may make this move not possible to achieve.",,,,,Allegra,allegra-gazelle-straight-leg,allegra,gazelle,,,straight leg,,lyra,static,53edf6b7-97fa-4397-8c89-4fef733bff7c,uplift/gazelle_allegra_straight_leg.jpg,77b1a0f8-376d-426d-be61-82fd98f74143,35327f2b-9205-440f-8e38-f6da18f4dd54,35327f2b-9205-440f-8e38-f6da18f4dd54,2025-05-02T18:15:17.755Z,2025-05-02T18:15:17.755Z,0,,Courtney
Half Back Balance - Hands On,2,,"From Butt Shelf, one leg bends towards chest and other straight behind.",,,,,,half-back-balance-hands-on,half,back balance,,hands on,,,lyra,static,8980bc64-b4d7-4f34-8457-9ee6a0688012,uplift/half_back_balance.jpg,e5126edb-9f91-4682-887a-717afe75aaef,35327f2b-9205-440f-8e38-f6da18f4dd54,35327f2b-9205-440f-8e38-f6da18f4dd54,2025-05-02T18:15:17.755Z,2025-05-02T18:15:17.755Z,0,,?
Half Beauty Roll From High Outside Mermaid,2,,"High Outside Mermaid (hand between top of hoop and tab to leave room for body to pass thru) and bend top leg.
Rotate belly towards ceiling and bent leg with pass through arm and side of hoop.
Free arm then passes through by straightening arm and using that arm to push the hoop away.
Pull up with top arm, straightening legs (to avoid crotch), and pass body through space by following the arm
Inside Lion",,,,,,half-beauty-roll-from-high-outside-mermaid,half,beauty roll,from high outside mermaid,,,,lyra,dynamic,0930111c-2849-4429-a570-775c4960a645,uplift/half_beauty_roll_-_from_high_outside_mermaid.jpg,8fc7e8f4-3367-40f7-9b34-892904748d69,35327f2b-9205-440f-8e38-f6da18f4dd54,35327f2b-9205-440f-8e38-f6da18f4dd54,2025-05-02T18:15:17.755Z,2025-05-02T18:15:17.755Z,0,https://drive.google.com/open?id=1HbxQglv3tA8_61OmOA5yOo6LR5STOR3Z&usp=drive_fs,Alicia
Half Beauty Roll From Inside Lion,2,,"Inside Lion
Arm of free leg reaches up and through hoop for Flamenco Grip (hand between top of hoop and tab so there is room for head to pass through)
Head slides out between arm and hoop
Lean back so free arm can pass through body and side of hoop
As arm passes through, turn shoulders to face it, straighten arm and use the back of that arm to push hoop away
Pull up with top arm, straightening legs (to avoid crotch), and pass body through space by following the arm
Inside Lion on opposite side",,,,,,half-beauty-roll-from-inside-lion,half,beauty roll,from inside lion,,,,lyra,dynamic,14c58a1e-9897-417c-927c-fed80364e9be,uplift/half_beauty_roll_-_from_inside_lion.jpg,49cb2c78-e861-4df9-80de-3f6ef4499e75,35327f2b-9205-440f-8e38-f6da18f4dd54,35327f2b-9205-440f-8e38-f6da18f4dd54,2025-05-02T18:15:17.755Z,2025-05-02T18:15:17.755Z,0,https://drive.google.com/open?id=1q-f3l4RSpQ2BtToas70RHPBUoUGVnVDl&usp=drive_fs,Alicia
Half Crescent Moon,2,,,,,,,,half-crescent-moon,,half crescent moon,,,,,lyra,static,bc412bb9-e43b-46ce-82e2-a5cdac642756,uplift/half_crescent_moon.jpg,19dbed9e-ef78-4f62-81e5-1fc0a2d86e0e,35327f2b-9205-440f-8e38-f6da18f4dd54,35327f2b-9205-440f-8e38-f6da18f4dd54,2025-05-02T18:15:17.755Z,2025-05-02T18:15:17.755Z,0,,Meredith
Half Popsicle Roll,2,,"From seated, bring one leg off hoop and behind hoop. Straighten legs. Grab both hands to the side of the leg that is behind the hoop. Keep hoop near upper thigh of leg that is still in hoop. Think about swinging your legs in an arch/rainbow and squeeze your thighs together. Bring your legs through the center of the hoop, using your arms to support yourself. Bar should move from one inner thigh to the other inner thigh. Roll out the opposite side of booty block.",,,,,,half-popsicle-roll,half,popsicle roll,,,,,lyra,dynamic,40e4e491-aca7-4826-8bd7-43070440a984,uplift/half_popsicle_roll.jpg,695d1316-d828-47fb-9567-308d7d21fea9,35327f2b-9205-440f-8e38-f6da18f4dd54,35327f2b-9205-440f-8e38-f6da18f4dd54,2025-05-02T18:15:17.755Z,2025-05-02T18:15:17.755Z,0,,Trisha
Half Seated Forward Roll - Legs Bent,2,,"From seated on bottom bar, bring bar to mid thigh. Bring hands to slightly below belly of hoop. Bend knees into butt and keep them bent the entire time. Tuck yourself into a ball, chin to chest and roll forward. Motorcycle your hands to bring you completely around the bar. Should end in seated again or in DKH if doing half roll, which would be Level 2.",,,,,,half-seated-forward-roll-legs-bent,half,seated forward roll,,,legs bent,,lyra,dynamic,7f563c9c-54e6-4b5a-bbd0-9fd3c14b2997,default/missing_image.jpg,32f9c19c-e936-41f4-8a29-ed663b9c6d45,35327f2b-9205-440f-8e38-f6da18f4dd54,35327f2b-9205-440f-8e38-f6da18f4dd54,2025-05-02T18:15:17.755Z,2025-05-02T18:15:17.755Z,0,,
Hip Hang - Scorpion,2,,"From hip hang, grab by your hips. Allow your legs to come to the outside of the hoop while keeping legs wide. Bend knees to hook around bar. Let go with hands.",,,,,,hip-hang-scorpion,,hip hang,scorpion,,,,lyra,static,8ddad6ce-4ca8-44ac-a609-36fb7e391f9c,uplift/hip_hang_scorpion.jpg,adb57b5e-c4e4-485d-8208-313f519cbe09,35327f2b-9205-440f-8e38-f6da18f4dd54,35327f2b-9205-440f-8e38-f6da18f4dd54,2025-05-02T18:15:17.755Z,2025-05-02T18:15:17.755Z,0,,Courtney
Hip Hang - Top Bar,2,,"From seated on the bottom bar, bring hands to the outside of the tabs. Bring hips up and feet to either side of spanset. Zipper the legs up and thru the hoop. Bring hips to bar. Fold into bar for hip hang. 

Can also be done from standing and zippering legs up from there. This variation is significantly harder.",,,,,,hip-hang-top-bar,,hip hang,,,,top bar,lyra,static,16ffddb8-e6aa-4c99-97a7-c34ed508f9a6,uplift/hip_hang_top_bar.jpg,66baf0fe-6d12-417b-a421-c93e1d44076d,35327f2b-9205-440f-8e38-f6da18f4dd54,35327f2b-9205-440f-8e38-f6da18f4dd54,2025-05-02T18:15:17.755Z,2025-05-02T18:15:17.755Z,0,,Alicia
Hip Hang Foot Block - Both Legs,2,,"From hip hang, bring both hands to grab by the hips. Straighten one leg up to press against the top bar. Straighten other leg to meet it.

This pose is more grip heavy than it seems. Because the hoop is no longer in your hip crease, the majority of your weight is now in your hands.",,,,,,hip-hang-foot-block-both-legs-above,,hip hang,foot block,,both legs above,,lyra,static,681e7eb3-8a7d-47e9-b1b9-a7bea35df6ca,uplift/hh_foot_block_-_both_legs.jpg,b6f6aa1d-3673-4a10-a456-d50793f54d7d,35327f2b-9205-440f-8e38-f6da18f4dd54,35327f2b-9205-440f-8e38-f6da18f4dd54,2025-05-02T18:15:17.755Z,2025-05-02T18:15:17.755Z,0,,Courtney
Hip Hang Foot Block - Figure Four,2,,"From hip hang, grab both hands by hips (either palms away or towards). One leg extends up toward top bar and presses against bar. Other leg comes out of hoop and around to front of hoop to make 4 shape. 

This pose is more grip heavy than it seems. Because the hoop is no longer in your hip crease, the majority of your weight is now in your hands.",,,,,,hip-hang-foot-block-figure-four,,hip hang,foot block,,figure four,,lyra,static,f9f16c51-5035-4319-b68d-c19cf663fe54,uplift/figure_four_foot_block_under_bar.jpg,0f12ac14-bb1f-4086-95af-ee53b9a8658e,35327f2b-9205-440f-8e38-f6da18f4dd54,35327f2b-9205-440f-8e38-f6da18f4dd54,2025-05-02T18:15:17.755Z,2025-05-02T18:15:17.755Z,0,,Cydney
Hip Hang Foot Block - Inverted Flamingo,2,,"From hip hang, hold one hand on either side. Extend one leg to top bar and push against it. Other leg bends knee toward chest to keep bar in hip crease. May leg go if feel confident.",,,,,,hip-hang-foot-block-inverted-flamingo,,hip hang,foot block,,inverted flamingo,,lyra,static,539f1b36-1529-4d19-8b24-cff2851146fb,uplift/hip_hang_inverted_flamingo.jpg,bec24fe9-669f-4dbb-86e6-9db778116725,35327f2b-9205-440f-8e38-f6da18f4dd54,35327f2b-9205-440f-8e38-f6da18f4dd54,2025-05-02T18:15:17.755Z,2025-05-02T18:15:17.755Z,0,,Cydney
Hock Hang - Bottom Bar,2,,"From hip hang, bring both hands to one side. Bring the opposite leg of whatever side you're leaning to out of hoop and around. Keep leg that’s in piked toward facer to keep leg inside hoop. 

Will feel very pinchy at first. Most common mistake is people not piking the leg towards the face. Without this step, the bar comes out of the hip crease. May use hand to hold leg that’s staying in hoop. May be done without hands with feel confident. 

Another option is to bring one hand to the side of hoop and other in between the legs. Some people find this grip to be more supportive.",,,,,,hock-hang-bottom-bar,,hock hang,,,,bottom bar,lyra,static,ee6fa573-8fa0-45ec-aeb9-ff29da00402a,uplift/hock_hang.jpg,3620f7cf-d40d-4091-b0eb-e6708d980395,35327f2b-9205-440f-8e38-f6da18f4dd54,35327f2b-9205-440f-8e38-f6da18f4dd54,2025-05-02T18:15:17.755Z,2025-05-02T18:15:17.755Z,0,,Trisha
Horse Drop to Delilah,2,,Start from Horse (SKH) on bottom bar with hand of leg hooked on the top bar and the other on the bottom bar.  Release top hand and grab bottom bar to transition to Delilah (SHK).  More advanced is to skip grabbing the bottom bar and drop right into Delilah (SKH).,,,,,,horse-drop-to-delilah,,horse,drop to delilah,,,,lyra,dynamic,c504c2cd-6601-49e4-9751-f5816b3e98df,uplift/horse_drop_to_delilah.jpg,c0caed1f-b0f6-4db6-ac7b-d36cbbfa4c97,35327f2b-9205-440f-8e38-f6da18f4dd54,35327f2b-9205-440f-8e38-f6da18f4dd54,2025-05-02T18:15:17.755Z,2025-05-02T18:15:17.755Z,0,,
Inside Lion Roll - Back Drop to Delilah,2,,"From Inside Lion, knee hook hand grabs bar between legs in a palm away direction.  Engage core with strong knee hook.  Head and shoulders out the back, and drop to Delilah (SKH).",,,,,,inside-lion-roll-back-drop-to-delilah,inside,lion roll,back drop to delilah,,,,lyra,dynamic,9e23a51f-978c-4391-a49c-2d2d9d62295a,uplift/inside_lion_roll_back_drop_to_delilah.jpg,b866d059-c2b2-44b7-bfd6-f40c0f024da1,35327f2b-9205-440f-8e38-f6da18f4dd54,35327f2b-9205-440f-8e38-f6da18f4dd54,2025-05-02T18:15:17.755Z,2025-05-02T18:15:17.755Z,0,,
Inside Lion Roll - Split Hands,2,,"From Inside Lion, hand that matches knee hook is on the outside of that leg with palms away.  The other hand is between legs with palm towards you. Solid knee hook on bent leg.  Roll forward to Delilah (SKH).",,,,,,inside-lion-roll-split-hands,inside,lion roll,,split hands,,,lyra,dynamic,414c7b42-3d29-48d4-a048-34637579a29b,uplift/inside_lion_roll_split_hands.jpg,6d39e2ae-5dbe-4118-81d1-60700853d9f6,35327f2b-9205-440f-8e38-f6da18f4dd54,35327f2b-9205-440f-8e38-f6da18f4dd54,2025-05-02T18:15:17.755Z,2025-05-02T18:15:17.755Z,0,,
Inside Lion Slide,2,,"From DKH on top bar, bring one hand outside of tab down towards belly of hoop. Whatever hand is lower, that leg comes off of top bar and thru hoop. Slide remaining leg down like cuddle slide while bottom hand slides if need be. End in inside lion.",,,,,,inside-lion-slide,,inside lion,slide,,,,lyra,dynamic,8ed82ac9-0a16-421d-8326-922994780216,uplift/inside_lion_slide.jpg,ff6698fd-207e-4423-abd3-56bccd015223,35327f2b-9205-440f-8e38-f6da18f4dd54,35327f2b-9205-440f-8e38-f6da18f4dd54,2025-05-02T18:15:17.755Z,2025-05-02T18:15:17.755Z,0,,Shweta
Inside Lion Top Bar,2,,"From standing outside of the hoop, Bring both hands on either spanset and bring one leg into the hoop. Bring head and upper body thru the hoop. Bring spanset to armpit. Leg should be on one side and torso on the other. May hold on to spanset and hoop near opposite side of hooked leg. Other leg stays behind hoop and straightens.",,,,,,inside-lion-top-bar,,inside lion,,,,top bar,lyra,static,d1aa8574-eaad-4fd4-8844-3e042c14703f,uplift/inside_lion_top_bar.jpg,e3539c57-4fd3-48a5-98cb-5258905a2a71,35327f2b-9205-440f-8e38-f6da18f4dd54,35327f2b-9205-440f-8e38-f6da18f4dd54,2025-05-02T18:15:17.755Z,2025-05-02T18:15:17.755Z,0,,Cydney
Inside Mermaid Knee Hook - Flamenco Grip ,2,,"From Flamenco Grip Inside Mermaid, leg that matches Flamenco Grip hand hooks over that arm.

Grip must be low under tab, so knee can hook.",,,,,,inside-mermaid-knee-hook-flamenco-grip,inside,mermaid knee hook,flamenco grip,,,,lyra,static,35442843-f61d-409b-9d92-4f21af034bc7,uplift/flamenco_grip_inside_mermaid_knee_hook.jpg,1a3f348a-89ea-4778-abbe-1a0d965568d8,35327f2b-9205-440f-8e38-f6da18f4dd54,35327f2b-9205-440f-8e38-f6da18f4dd54,2025-05-02T18:15:17.755Z,2025-05-02T18:15:17.755Z,0,,Joanne
Inverted Hoop Flip - Bent Legs,2,,"From seated on top bar, hold straps, open hips and lower so bar is at sacrum and invert. Grab hoop and raise it behind you. Butterfly legs.",,,,,,inverted-hoop-flip-legs-bent,inverted ,hoop flip,,,legs bent,,lyra,static,19aae969-71c4-43d2-91a2-3f313fca7c71,uplift/inverted_hoop_flip_bent_legs.jpg,be7326da-41e1-4d62-86fa-a6741da8df2d,35327f2b-9205-440f-8e38-f6da18f4dd54,35327f2b-9205-440f-8e38-f6da18f4dd54,2025-05-02T18:15:17.755Z,2025-05-02T18:15:17.755Z,0,,Alicia
Inverted Running Man - Top Bar,2,,"From seated on the top bar, bring one leg behind the bar and one leg in front. Press them against sides of hoop for running man. Grab spanset and slowly tip yourself upside down so that your thighs touch the spanset. May let go with one hand. Only let go with both if feel extremely confident in pose.",,,,,,inverted-running-man-top-bar,inverted ,running man,,,,top bar,lyra,static,b75ba1d8-4ee5-436c-8691-7e49673d2a08,uplift/inverted_running_man_top_bar.jpg,419b103a-33e3-4ca6-b16a-89756ea21682,35327f2b-9205-440f-8e38-f6da18f4dd54,35327f2b-9205-440f-8e38-f6da18f4dd54,2025-05-02T18:15:17.755Z,2025-05-02T18:15:17.755Z,0,,?
Inverted Secretary Sit - Side Bar,2,,,,,,,,inverted-secretary-sit-side-bar,inverted,secretary sit,,,,side bar,lyra,static,601c82dd-b8b5-4a2d-88d8-de17572fd884,uplift/side_bar_inverted_secretary_sit.jpg,397a33d9-acd1-499b-97ac-2fe89f848aae,35327f2b-9205-440f-8e38-f6da18f4dd54,35327f2b-9205-440f-8e38-f6da18f4dd54,2025-05-02T18:15:17.755Z,2025-05-02T18:15:17.755Z,0,https://drive.google.com/file/d/1ld--6aLx7J6VmI0z6tSY5j45MisNqYbu/view?usp=sharing,Courtney
Inverted Star - Stag Legs - Top Bar,2,,"From seated on top bar, hold straps, open hips and lower so bar is at sacrum and invert. One leg crosses in front of both straps and the other drops back.",,,,,,inverted-star-stag-legs-top-bar,inverted ,star,,,stag legs,top bar,lyra,static,b4824154-0815-4419-845b-584b5d7143e8,uplift/inverted_star_stag_legs.jpg,58cf891d-f426-4362-b4b6-848b5534cd03,35327f2b-9205-440f-8e38-f6da18f4dd54,35327f2b-9205-440f-8e38-f6da18f4dd54,2025-05-02T18:15:17.755Z,2025-05-02T18:15:17.755Z,0,,Lilly?
Inverted Star - Top Bar,2,,"From seated on top bar, hold straps, open hips and lower so bar is at sacrum and invert.",,,,,,inverted-star-top-bar,inverted ,star,,,,top bar,lyra,static,fbce11c1-5390-430e-b46b-e0a8ae92a592,uplift/inverted_star_top_bar.jpg,c0770448-66b9-4985-8afe-f54f2ac3b265,35327f2b-9205-440f-8e38-f6da18f4dd54,35327f2b-9205-440f-8e38-f6da18f4dd54,2025-05-02T18:15:17.755Z,2025-05-02T18:15:17.755Z,0,diff between this and inverted hoop flip star??,?
Inverted Star Hoop Flip,2,,"From seated on top bar, hold straps, open hips and lower so bar is at sacrum and invert. Grab hoop and raise it behind you.",,,,,,inverted-hoop-flip-star,inverted ,hoop flip,star,,,,lyra,static,95c7bc00-68e7-4dd1-b0dd-9c0e26e209c8,uplift/inverted_star_hoop_flip.jpg,3f33e4c2-61ca-4eef-b6da-5a050126cda2,35327f2b-9205-440f-8e38-f6da18f4dd54,35327f2b-9205-440f-8e38-f6da18f4dd54,2025-05-02T18:15:17.755Z,2025-05-02T18:15:17.755Z,0,,Alicia
Jamilla,2,,"Start in Diving Bird or Butt Shelf. Straight leg moves from side of the bar to the top of the bar. Food of bent leg hooks around hoop. Can flex top foot for a block, as well as ankle pressing against bar, and work on letting go with hands.",,,,,,jamilla,,jamilla,,,,,lyra,static,7d0ac604-3c4f-47bd-99d7-7f7c96fbce1b,uplift/jamilla.jpg,59ca27ef-71d0-49b2-b10f-e0b98fcc288e,35327f2b-9205-440f-8e38-f6da18f4dd54,35327f2b-9205-440f-8e38-f6da18f4dd54,2025-05-02T18:15:17.755Z,2025-05-02T18:15:17.755Z,0,,Trisha
Leg Block Faint,2,,Begin from Profile Plank then bring one booty cheek to the other side of the bar (like with Gazelle). Inside leg bends and place foot of hoop on bar like with MIM. Outside leg straightens and passes thru to other side of hoop and blocks below tab. Elbow hook the inside arm. Release other arm. MIM foot comes off the bar and ankle rests on the front of the bar.,,,,,,leg-block-faint,,leg block faint,,,,,lyra,static,e4de8a24-0141-437f-b962-93abb6f1993b,uplift/leg_block_faint.jpg,2e94ca7d-6257-43a7-97aa-d66036cda8fd,35327f2b-9205-440f-8e38-f6da18f4dd54,35327f2b-9205-440f-8e38-f6da18f4dd54,2025-05-02T18:15:17.755Z,2025-05-02T18:15:17.755Z,0,,Joanne
Man in Moon Invert,2,,,,,,,,man-in-the-moon-invert,,man in the moon,invert,,,,lyra,static,4f81bcd4-8131-4f0d-ab97-815d9659b6f8,uplift/man_in_moon_invert.jpg,de239a0d-63c1-4486-9b96-fa485d50e385,35327f2b-9205-440f-8e38-f6da18f4dd54,35327f2b-9205-440f-8e38-f6da18f4dd54,2025-05-02T18:15:17.755Z,2025-05-02T18:15:17.755Z,0,,?
Man in the Moon Faint,2,,"Cross grip to one side of the hoop.  This is the one exception to hand crossing over goes on top.  In this pose, the hand crossing over goes below.  Double outside knee hook on bottom bar.  Pull up to Profile Plank.  Outside leg (leg matching hand on top) comes up to the hoop first.  This will bring the booty onto the hoop.  Then bring up inside leg to hoop.  Remove top hand.",,,,,,man-in-the-moon-faint,,man in the moon ,faint,,,,lyra,static,80e2b9e9-eb6b-4852-9c06-a9f4332ee7d1,uplift/man_in_the_moon_faint.jpg,3a0bf04c-04b6-4216-b05a-948e49cd268f,35327f2b-9205-440f-8e38-f6da18f4dd54,35327f2b-9205-440f-8e38-f6da18f4dd54,2025-06-26T18:15:17.755Z,2025-06-26T18:15:17.755Z,0,,
Man in the Moon Press Away,2,,"Begin in Man in the Moon with legs high on the bar. Both arms to head side of hoop, and bar goes under armpit of arm closest to hoop. Cross grip. Straighten legs.",,,,,,man-in-the-moon-press-away,,man in the moon,press away,,,,lyra,static,2a1eda01-9151-4341-a78c-9c59b16a4de4,uplift/man_in_the_moon_press_away.jpg,ae5a9de1-39ff-4cf1-993f-30635fc08c9d,35327f2b-9205-440f-8e38-f6da18f4dd54,35327f2b-9205-440f-8e38-f6da18f4dd54,2025-05-02T18:15:17.755Z,2025-05-02T18:15:17.755Z,0,,?
Martini,2,,"From DKH on the bottom bar, bring hands to either side of hips. Release one leg off. Elbow hook same arm as leg that is knee hooked. Other hand releases. Straighten free leg toward ceiling. Elbow hook arm can grab free leg to make pretty pose.",,,,,,martini,,martini,,,,,lyra,static,71638b79-b262-41ce-869b-44dda524bdc7,uplift/martini.jpg,cf37ee34-5e56-40f2-b9b9-cf96c2061218,35327f2b-9205-440f-8e38-f6da18f4dd54,35327f2b-9205-440f-8e38-f6da18f4dd54,2025-05-02T18:15:17.755Z,2025-05-02T18:15:17.755Z,0,,Brandi
Martini - Top Bar,2,,"From DKH top bar, take off one leg and replace it with elbow hook. Can bring head through the hoop. Can post with opposite hand onto bottom bar. Careful during entry as hoop may tip.",,,,,,martini-top-bar,,martini,,,,top bar,lyra,static,8cc4ca0c-4edd-4a53-aed4-75ee3ac3316d,uplift/martini_top_bar.jpg,0b2294e3-580d-4426-974b-65e70fdfb801,35327f2b-9205-440f-8e38-f6da18f4dd54,35327f2b-9205-440f-8e38-f6da18f4dd54,2025-05-02T18:15:17.755Z,2025-05-02T18:15:17.755Z,0,,?
Modified Reverse Dragonfly - Hand on Top Bar,2,,"From Profile Sit cross grip, top hand to top bar, and bottom hand to bottom bar behind booty.  Bottom arm will be strong posting arm.  Move booty back off bar.  ",,Level 3 version hand under tab instead of above tab.,,,,reverse-dragonfly-hand-on-top-bar,reverse ,dragonfly,,hand on top bar,,,lyra,static,f3c0afc5-a715-4e49-b59c-8f2cee5a3525,uplift/modified_reverse_dragonfly.jpg,af852f55-d156-4525-bb5b-2e8787588112,35327f2b-9205-440f-8e38-f6da18f4dd54,35327f2b-9205-440f-8e38-f6da18f4dd54,2025-06-26T18:15:17.755Z,2025-06-26T18:15:17.755Z,0,,
Outside Lion Slide,2,,"From DKH on top bar, bring one hand outside of tab further down towards belly. Whatever hand is lower, that opposite leg comes off of top bar and thru hoop. Slide remaining leg down like cuddle slide while bottom hand slides if need be. End in outside lion.",,,,,,outside-lion-slide,,outside lion,slide,,,,lyra,dynamic,933a5335-f050-4dd1-a162-1ae52c514944,uplift/outside_lion_slide.jpg,4311f72a-c162-4a01-b7dc-077dce960003,35327f2b-9205-440f-8e38-f6da18f4dd54,35327f2b-9205-440f-8e38-f6da18f4dd54,2025-05-02T18:15:17.755Z,2025-05-02T18:15:17.755Z,0,,Lilly
Outside Lion Top Bar,2,,"From seated on the top bar, bring one leg to outside of spanset and hook. Keep the other leg in. Hold onto spansets and sink booty off the hoop. Come to armpit of opposite side leg for outside lion.",,,,,,outside-lion-top-bar,,outside lion,,,,top bar,lyra,static,64de5c55-430d-458a-9e60-4135ea630c7b,uplift/outside_lion_top_bar.jpg,d9294037-ce10-47de-800c-e1ecd2fc0791,35327f2b-9205-440f-8e38-f6da18f4dd54,35327f2b-9205-440f-8e38-f6da18f4dd54,2025-05-02T18:15:17.755Z,2025-05-02T18:15:17.755Z,0,,Courtney
Pencil - Bottom Bar,2,,"From DKH on the bottom bar, hold hands outside of hips. Bring one leg out of hoop. Hips up to bar and straighten both legs.",,,,,,pencil-bottom-bar,,pencil,,,,bottom bar,lyra,static,eb1893ff-d2e4-49dd-9b78-7d2cf9ba010c,uplift/pencil_bottom_bar.jpg,bdd1f86d-7377-47fb-9b61-cc2feedcbf16,35327f2b-9205-440f-8e38-f6da18f4dd54,35327f2b-9205-440f-8e38-f6da18f4dd54,2025-05-02T18:15:17.755Z,2025-05-02T18:15:17.755Z,0,,Joanne
Pencil - Top Bar ,2,,"From DKH, bring hands inside tabs or just outside of tabs. Bring one leg behind the hoop and keep one in front. Push hips up toward bar and straighten legs.",,,,,,pencil-top-bar,,pencil,,,,top bar,lyra,static,53320695-6b2e-4052-aeb7-f022a7c22ff5,uplift/pencil_top_bar.jpg,4e9aa3f4-047b-4101-959c-ce3a13c18760,35327f2b-9205-440f-8e38-f6da18f4dd54,35327f2b-9205-440f-8e38-f6da18f4dd54,2025-05-02T18:15:17.755Z,2025-05-02T18:15:17.755Z,0,,Lilly
Pencil Front Split - Top Bar ,2,,"From DKH, bring hands inside tabs or just outside of tabs. Bring one leg behind the hoop and keep one in front. Push hips up toward bar and straighten legs. Back leg comes to bar/spanset as front leg extends toward floor. May shift weight forward. The back leg pushing against the hoop prevents you from shifting too far.",,,,,,pencil-front-split-top-bar,,pencil,front split,,,top bar,lyra,static,4f613ebc-db27-4002-b1f1-86e1f6fc47a2,uplift/pencil_top_bar_front_split.jpg,2e64b1b7-a9f7-439d-8c15-8affcb8f76c9,35327f2b-9205-440f-8e38-f6da18f4dd54,35327f2b-9205-440f-8e38-f6da18f4dd54,2025-05-02T18:15:17.755Z,2025-05-02T18:15:17.755Z,0,,Lilly
Pencil Pike - Bottom Bar ,2,,,,,,,,pencil-pike-bottom-bar,,pencil,pike,,,bottom bar,lyra,static,1f9d6f65-e698-49d9-96d5-3788afd48780,uplift/pencil_bottom_bar_pike.jpg,b9d412e3-95a3-4c89-b003-fef79595b3be,35327f2b-9205-440f-8e38-f6da18f4dd54,35327f2b-9205-440f-8e38-f6da18f4dd54,2025-05-02T18:15:17.755Z,2025-05-02T18:15:17.755Z,0,,Shweta
Pencil Pike - Top Bar ,2,,"From DKH, bring hands inside tabs or just outside of tabs. Bring one leg behind the hoop and keep one in front. Push hips up toward bar and straighten legs. Bring legs to surround hand of opposite side hand of the leg that is in front. Turn torso toward legs and pike.",,,,,,pencil-pike-top-bar,,pencil,pike,,,top bar,lyra,static,9065e9e2-8aed-46f9-a9a8-9fd7fa55ee24,uplift/pencil_top_bar_pike.jpg,c7d0fc16-3bf8-47d2-9093-d58c7e0e7b3e,35327f2b-9205-440f-8e38-f6da18f4dd54,35327f2b-9205-440f-8e38-f6da18f4dd54,2025-05-02T18:15:17.755Z,2025-05-02T18:15:17.755Z,0,,Lilly
Pencil Scorpion - Bottom Bar,2,,Hook one leg on the bar. Hands come to either side of hooked leg (can be palms away/palms toward/baseball grip). Lift hips up to bar for pencil then rotate butt towards front leg side. Bend knees in that direction and allow hips/butt to come to same side hand.,,,,,,pencil-scorpion-bottom-bar,,pencil,scorpion,,,bottom bar,lyra,static,0e546eed-e948-4dab-ad47-343f4ce30044,uplift/pencil_bottom_bar_scorpion.jpg,4e11fe9c-8a22-4e1b-9e07-6e7e2912b2c5,35327f2b-9205-440f-8e38-f6da18f4dd54,35327f2b-9205-440f-8e38-f6da18f4dd54,2025-05-02T18:15:17.755Z,2025-05-02T18:15:17.755Z,0,,?
Pencil Scorpion - Top Bar ,2,,"From DKH, bring hands inside tabs or just outside of tabs. Bring one leg behind the hoop and keep one in front. Push hips up toward bar and straighten legs. Turn butt towards hand of leg that is in front. May rest butt/groin on hand. Bend knees and arch back.",,,,,,pencil-scorpion-top-bar,,pencil,scorpion,,,top bar,lyra,static,c7bda122-c94c-4a6c-b5bb-0fd08140655f,uplift/pencil_top_bar_scorpion.jpg,5e4265ca-cd10-4f38-b473-592f6cb2d405,35327f2b-9205-440f-8e38-f6da18f4dd54,35327f2b-9205-440f-8e38-f6da18f4dd54,2025-05-02T18:15:17.755Z,2025-05-02T18:15:17.755Z,0,,Lilly
Pencil Side Star - Top Bar ,2,,"From DKH, bring hands inside tabs or just outside of tabs. Bring one leg behind the hoop and keep one in front. Push hips up toward bar and straighten legs. Front leg rests against same side spanset. Other leg comes to side of hoop to create star shape.",,,,,,pencil-side-star-top-bar,,pencil,side star,,,top bar,lyra,static,5c3ac739-0ed4-4083-843b-481f85686806,uplift/pencil_top_bar_side_star.jpg,d2becd64-a712-4e79-86c3-fe2691ebfcf8,35327f2b-9205-440f-8e38-f6da18f4dd54,35327f2b-9205-440f-8e38-f6da18f4dd54,2025-05-02T18:15:17.755Z,2025-05-02T18:15:17.755Z,0,,Alicia
Pencil Stag Legs - Bottom Bar,2,,"Hook one leg on the bar. Hands come to either side of hooked leg (can be palms away/palms toward/baseball grip). Lift hips up to bar for pencil. Turn hips to side of bar, facing opposite side of leg in front. Both legs bend. Front leg bends behind you while the back leg bends in front of you for stag.",,,,,,pencil-stag-legs-bottom-bar,,pencil,stag legs,,,bottom bar,lyra,static,24f376ee-dd4d-47cd-ab0e-1df246c5fef4,uplift/pencil_bottom_bar_stag_legs.jpg,63ccf224-781d-47da-b73d-0a17fceac35c,35327f2b-9205-440f-8e38-f6da18f4dd54,35327f2b-9205-440f-8e38-f6da18f4dd54,2025-05-02T18:15:17.755Z,2025-05-02T18:15:17.755Z,0,,?
Pencil Stag Legs - Top Bar ,2,,"From DKH, bring hands inside tabs or just outside of tabs. Bring one leg behind the hoop and keep one in front. Push hips up toward bar and straighten legs. Front leg bends behind you, leg behind hoop bends in front of you to create stag legs.",,,,,,pencil-stag-legs-top-bar,,pencil,stag legs,,,top bar,lyra,static,d6277169-e93e-4a76-a2b9-dd993e91161d,uplift/pencil_top_bar_stag_legs.jpg,dd0b66e2-d4f6-44e1-89bf-47c5cae3826b,35327f2b-9205-440f-8e38-f6da18f4dd54,35327f2b-9205-440f-8e38-f6da18f4dd54,2025-05-02T18:15:17.755Z,2025-05-02T18:15:17.755Z,0,,Lilly
Pencil Straddle Split - Bottom Bar,2,,Hook one leg on the bar. Hands come to either side of hooked leg (can be palms away/palms toward/baseball grip). Lift hips up to bar for pencil. Front leg extends in front of you and back leg extends toward the opposite side hand of front leg for straddle.,,,,,,pencil-straddle-split-bottom-bar,,pencil,straddle split,,,bottom bar,lyra,static,a1dd1979-d7e9-4c22-9a65-80dfae6e3f1f,uplift/pencil_bottom_bar_straddle_split.jpg,1c12ed38-d368-4eca-90ba-d377d9cb2368,35327f2b-9205-440f-8e38-f6da18f4dd54,35327f2b-9205-440f-8e38-f6da18f4dd54,2025-05-02T18:15:17.755Z,2025-05-02T18:15:17.755Z,0,,?
Pencil Straddle Split - Top Bar ,2,,"From DKH, bring hands inside tabs or just outside of tabs. Bring one leg behind the hoop and keep one in front. Push hips up toward bar and straighten legs. Push legs wide into straddle.",,,,,,pencil-straddle-split-top-bar,,pencil,straddle split,,,top bar,lyra,static,90c602d9-70eb-45c1-bc68-1e9a0cbda2c2,uplift/pencil_top_bar_straddle_split.jpg,03939155-5528-43b5-9416-83ed56432f1c,35327f2b-9205-440f-8e38-f6da18f4dd54,35327f2b-9205-440f-8e38-f6da18f4dd54,2025-05-02T18:15:17.755Z,2025-05-02T18:15:17.755Z,0,,Meredith
Pencil Tick Tocks - Top Bar ,2,,"From DKH, bring hands inside tabs or just outside of tabs. Bring one leg behind the hoop and keep one in front. Push hips up toward bar and straighten legs. Rock weight forward, using the back leg to prevent you from going to far forward. Rock weight back, using front leg to prevent you from going to far back. Repeat.",,,,,,pencil-tick-tocks-top-bar,,pencil,tick tocks,,,top bar,lyra,dynamic,1a9470e8-8ab1-4b9d-9f10-48c162489870,uplift/pencil_top_bar_tick_tocks.jpg,2a7613ef-76d5-48c5-a635-57662f86c682,35327f2b-9205-440f-8e38-f6da18f4dd54,35327f2b-9205-440f-8e38-f6da18f4dd54,2025-05-02T18:15:17.755Z,2025-05-02T18:15:17.755Z,0,,?
Pike Drop,2,,"From seated, sink to knees (Trash Can). Keep one hand on top bar and bring other to outside of legs, hands palms away. Move the hand thats on the top bar to the outside of legs on the bottom bar quickly. Once hand has securely grabbed bar, come into pike below bar.",,,,,,pike-drop,,pike,drop,,,,lyra,dynamic,3645461f-3746-486d-976d-f7f58d9affe4,uplift/pike_drop.jpg,b7a16dc6-7464-4916-8c96-763acd5ac168,35327f2b-9205-440f-8e38-f6da18f4dd54,35327f2b-9205-440f-8e38-f6da18f4dd54,2025-05-02T18:15:17.755Z,2025-05-02T18:15:17.755Z,0,,Brandi
Pretzel - Single Arm - No Knee Hook,2,,SKH bottom bar. Both hands to free leg side. Free leg arm under free leg and hand grabs bar. Remove KH leg. Can keep both hands on bar or remove free leg arm.,,,,,,pretzel-hang-single-arm-no-knee-hook,,pretzel hang,,single arm,no knee hook,,lyra,static,3cf86ab4-1b9f-4bdb-aba5-1a08542ead64,uplift/pretzel_single_arm_no_knee_hook.jpg,290b7133-0884-4d0c-8dba-3b0088996c85,35327f2b-9205-440f-8e38-f6da18f4dd54,35327f2b-9205-440f-8e38-f6da18f4dd54,2025-05-02T18:15:17.755Z,2025-05-02T18:15:17.755Z,0,,Joanne
Pretzel Hang - Hands On - Bottom Bar,2,,"From SKH on bottom bar, bring both hands to opposite side of bar as the leg thats hooked. Cross opposite side leg knee pit over foot of leg that is hooked. Use the crossed leg to push into other leg to keep knee hook.",,,,,,pretzel-hang-hands-on-bottom-bar,,pretzel hang,,hands on,,bottom bar,lyra,static,b8003f60-b8f5-4612-9162-0b7c8a6c735c,uplift/pretzel_hang_low_bar_hands_on.jpg,8a05d3eb-9522-4407-bb13-a4c3656a0d58,35327f2b-9205-440f-8e38-f6da18f4dd54,35327f2b-9205-440f-8e38-f6da18f4dd54,2025-05-02T18:15:17.755Z,2025-05-02T18:15:17.755Z,0,,?
Pretzel Hang - One Hand - Bottom Bar,2,,"From SKH on bottom bar, bring both hands to opposite side of bar as the leg thats hooked. Cross opposite side leg knee pit over foot of leg that is hooked. Use the crossed leg to push into other leg to keep knee hook. Let go with either hand.",,,,,,pretzel-hang-one-hand-off-bottom-bar,,pretzel hang,,one hand off,,bottom bar,lyra,static,a5faf1dd-b0de-4db2-96fb-701011ca898d,uplift/pretzel_hang_low_bar_one_hand.jpg,df31799e-6543-4287-86ed-cc5267bbe376,35327f2b-9205-440f-8e38-f6da18f4dd54,35327f2b-9205-440f-8e38-f6da18f4dd54,2025-05-02T18:15:17.755Z,2025-05-02T18:15:17.755Z,0,,?
Profile Plank - Elbow Hook,2,,Cross grip hands right below the tab on one side of the hoop. Belly to the ceiling. Bring arm closest to hoop into elbow hook around bar. May let go with other hand.,,,,,,profile-plank-elbow-hook,,profile plank,,elbow hook,,,lyra,static,1f6e12c9-ccb6-46bf-86e0-fadf283daf80,uplift/profile_plank_elbow_hook.jpg,32c7c781-58e1-442b-a55b-e16e307fdf0e,35327f2b-9205-440f-8e38-f6da18f4dd54,35327f2b-9205-440f-8e38-f6da18f4dd54,2025-05-02T18:15:17.755Z,2025-05-02T18:15:17.755Z,0,"Is repeated in in Level 1 section? Desc: From profile sit, bring both hands behind you and hit a profile plank by extending legs long and engaging core. Inside arm comes around hoop and elbow hooks. May let go with opposite hand if feel stable.",Cydney
Reverse Candlestick from Stag,2,,"From Pencil Stag under the bar, legs go forward, overhead, with one leg going to one side of the bar and the other to the other side of the bar. May release one hand.",,,,,,reverse-candlestick,reverse,candlestick,,,,,lyra,static,80ce339d-7c30-4b99-b288-8155acb1d73c,uplift/candlestick_reverse_from_stag.jpg,6a270778-8e14-4197-94b1-bbb696a99a5b,35327f2b-9205-440f-8e38-f6da18f4dd54,35327f2b-9205-440f-8e38-f6da18f4dd54,2025-05-02T18:15:17.755Z,2025-05-02T18:15:17.755Z,0,from stag?,?
Running Man - Cross Knee Release,2,,,,,,,,running-man-cross-knee-release,,running man,cross knee release,,,,lyra,static,e292f01e-f0c5-46f4-912a-a37bc334e974,uplift/running_man_cross_knee_release.jpg,3fc048f3-c5cf-4d8a-9385-0d5a340496e1,35327f2b-9205-440f-8e38-f6da18f4dd54,35327f2b-9205-440f-8e38-f6da18f4dd54,2025-05-02T18:15:17.755Z,2025-05-02T18:15:17.755Z,0,https://drive.google.com/file/d/1MUtuUyegSravrsNG8J2I1aNyAHji0btY/view?usp=sharing,Trisha
Sacrum Balance Invert - Top Bar,2,,"From seated on the top bar, sink your booty thru the spanset while you lean back, legs going wide for straddle. May need to adjust where bar is on back. Bar should be above the butt, not below.",,,,,,sacrum-balance-invert-top-bar,,sacrum balance invert top bar,,,,,lyra,static,0de29e68-1e36-424b-bb45-dab9f128668c,uplift/sacrum_balance_invert_top_bar.jpg,401bf845-4833-4851-a968-dccea7250c8c,35327f2b-9205-440f-8e38-f6da18f4dd54,35327f2b-9205-440f-8e38-f6da18f4dd54,2025-05-02T18:15:17.755Z,2025-05-02T18:15:17.755Z,0,,Lilly
Scorpion - Knee Hang Outside Top Bar,2,,"From standing inside the hoop, bring bar to hips and hands thru spansets. Hold onto hoop just below the tabs. Lean forward into hip hang, letting your legs go wide and knees bend to catch spansets. May let go after secured in pose.",,,,,Knee Hang Outside Top Bar,scorpion-top-bar,,scorpion,,,,top bar,lyra,,11c07527-093e-4e06-97ca-aa68d3b7891b,uplift/scorpion_-_knee_hang_outside_top_bar.jpg,cca7445f-8b76-4f94-a909-999bf257a4f0,35327f2b-9205-440f-8e38-f6da18f4dd54,35327f2b-9205-440f-8e38-f6da18f4dd54,2025-05-02T18:15:17.755Z,2025-05-02T18:15:17.755Z,0,,Lilly
Seated Crossed Leg - Top Bar,2,,"From DKH, put one hand on either spanset and climb up. Hoop will flip up. Bring one hand across both spansets and grab while the other hand grabs the flipped up hoop. Don’t put weight into the hand on the flipped up hoop. Cross one leg over the other.",,,,,,cross-legged-seated-top-bar,cross legged,seated,,,,top bar,lyra,static,747e36e7-6254-4276-bab2-9948b7708d90,uplift/crossed_leg_sit_top_bar.jpg,a9b9fd92-45d3-43a4-b7c4-c8a9b94f78f3,35327f2b-9205-440f-8e38-f6da18f4dd54,35327f2b-9205-440f-8e38-f6da18f4dd54,2025-05-02T18:15:17.755Z,2025-05-02T18:15:17.755Z,0,,Cydney
Shopping Cart,2,,"Start from flying saucer, bend legs",,,,,,shopping-cart,,shopping cart,,,,,lyra,static,e45d5d54-77e8-4b07-a762-462d2ae1f98e,default/missing_image.jpg,32f9c19c-e936-41f4-8a29-ed663b9c6d45,35327f2b-9205-440f-8e38-f6da18f4dd54,35327f2b-9205-440f-8e38-f6da18f4dd54,2025-05-02T18:15:17.755Z,2025-05-02T18:15:17.755Z,0,check level - cyd,
Shoulder Stand - Arrow,2,,"From DKH on top bar, bring hands to belly. Let torso extend, head towards the floor. Rest shoulders on hoop. Once shoulders are in place, bring hands inside hoop and around. Grab slightly below belly of hoop. One leg stays hooked on top bar. Bring other leg behind hoop and straighten to side to make arrow shape.",,,,,,shoulder-stand-arrow,,shoulder stand,,,arrow,,lyra,static,f30eb570-98cf-4ad9-9944-364e735f729d,uplift/shoulder_stand_arrow.jpg,0493f6d5-8157-4377-9e9c-d2d0bc355dbb,35327f2b-9205-440f-8e38-f6da18f4dd54,35327f2b-9205-440f-8e38-f6da18f4dd54,2025-05-02T18:15:17.755Z,2025-05-02T18:15:17.755Z,0,,Trisha
Shoulder Stand - Delilah,2,,"From DKH on top bar, bring hands to belly. Let torso extend, head towards the floor. Rest shoulders on hoop while keeping knee hook. Once shoulders are in place, bring hands inside hoop and around. Grab slightly below belly of hoop. One leg remains bent on top of hoop while other comes off hoop to behind hoop and bends knee.",,,,,,shoulder-stand-delilah,,shoulder stand,,,delilah,,lyra,static,6391888b-059f-4716-8373-39b0f71bded5,uplift/shoulder_stand_delilah.jpg,8cd4aa5e-3c32-4936-90d2-ffb18aab2c4a,35327f2b-9205-440f-8e38-f6da18f4dd54,35327f2b-9205-440f-8e38-f6da18f4dd54,2025-05-02T18:15:17.755Z,2025-05-02T18:15:17.755Z,0,,Trisha
Shoulder Stand - Double Knee Hang,2,,"From DKH on top bar, bring hands to belly. Let torso extend, head towards the floor. Rest shoulders on hoop while keeping knee hook. Once shoulders are in place, bring hands inside hoop and around. Grab slightly below belly of hoop.",,,,,,shoulder-stand-double-knee-hang,,shoulder stand,,,double knee hang,,lyra,static,69041118-0441-4f9b-9595-b92b7e6256cd,uplift/shoulder_stand_double_knee_hang.jpg,2e66ed6c-c99a-4806-b116-d8d677e3372e,35327f2b-9205-440f-8e38-f6da18f4dd54,35327f2b-9205-440f-8e38-f6da18f4dd54,2025-05-02T18:15:17.755Z,2025-05-02T18:15:17.755Z,0,,Trisha
Shoulder Stand - Front Split,2,,"From DKH on top bar, bring hands to belly. Let torso extend, head towards the floor. Rest shoulders on hoop. Once shoulders are in place, bring hands inside hoop and around. Grab slightly below belly of hoop.One leg comes behind hoop while other one stays in front. Bring leg that is behind hoop to rest on hoop, bring front leg off of bar and straighten it in front of you for split. Keep the majority of your weight forward. Your back leg will prevent you from going too far.",,,,,,shoulder-stand-front-split,,shoulder stand,,,front split,,lyra,static,7113cd53-1ab6-4dd1-b299-707a426499ba,default/missing_image.jpg,32f9c19c-e936-41f4-8a29-ed663b9c6d45,35327f2b-9205-440f-8e38-f6da18f4dd54,35327f2b-9205-440f-8e38-f6da18f4dd54,2025-05-02T18:15:17.755Z,2025-05-02T18:15:17.755Z,0,,
Shoulder Stand - Pencil,2,,"From DKH on top bar, bring hands to belly. Let torso extend, head towards the floor. Rest shoulders on hoop. Once shoulders are in place, bring hands inside hoop and around. Grab slightly below belly of hoop. Extend both legs and bring one in front of hoop and one behind for pencil shape.",,,,,,shoulder-stand-pencil,,shoulder stand,,,pencil,,lyra,static,5fee6c62-0599-4dd0-9405-b4ff00f37bba,uplift/shoulder_stand_pencil.jpg,15173909-d5ff-49df-8145-d6ae29f6aa09,35327f2b-9205-440f-8e38-f6da18f4dd54,35327f2b-9205-440f-8e38-f6da18f4dd54,2025-05-02T18:15:17.755Z,2025-05-02T18:15:17.755Z,0,,
Shoulder Stand - Pike,2,,"From Shoulder Stand, use arms to pull up, so pressure is off shoulders, yet bar still resting on neck below bone, then pike one leg at a time.",,,,,,shoulder-stand-pike,,shoulder stand,,,pike,,lyra,static,e6306db2-c558-4c0a-865f-d9fa6a4fb87b,uplift/shoulder_stand_pike.jpg,e3059aa6-d39f-4141-9560-15805ead5e29,35327f2b-9205-440f-8e38-f6da18f4dd54,35327f2b-9205-440f-8e38-f6da18f4dd54,2025-05-02T18:15:17.755Z,2025-05-02T18:15:17.755Z,0,,Courtney
Side Star - Top Bar,2,,Top bar double knee hang. One leg zippers up the strap behind the hoop while the other leg comes behind the belly of the hoop. Hands can be under tabs or between tabs.,,,,,,side-star-top-bar,,side star,,,,top bar,lyra,static,0112d908-7202-45d2-920e-c1b658413fc3,uplift/side_star_top_bar.jpg,f20d111b-0bbd-427a-aaf1-42d6bff48677,35327f2b-9205-440f-8e38-f6da18f4dd54,35327f2b-9205-440f-8e38-f6da18f4dd54,2025-05-02T18:15:17.755Z,2025-05-02T18:15:17.755Z,0,,Lilly
Side Superman,2,,Starts from high Inside Lion (have hip above bar). Hand matching knee hook leg to top of bar with palms away grip. Rotate belly to floor. Exit back to Inside Lion by dropping booty and reblocking shoulder.,,,,,,side-superman,side,superman,,,,,lyra,static,2bfe07cb-b0de-425d-8723-aaeea5b5270c,uplift/side_superman.jpg,a1feee12-f92a-481b-8f8c-d1252022031f,35327f2b-9205-440f-8e38-f6da18f4dd54,35327f2b-9205-440f-8e38-f6da18f4dd54,2025-06-26T18:15:17.755Z,2025-06-26T18:15:17.755Z,0,,
Single Inside Knee Hook - Elbow Hook,2,,"From DKH on bottom bar, hold on with one hand on either side of knees. Release one leg off hoop and straighten it. Elbow hook same leg as knee hook. Let go with other hand.",,,,,,inside-knee-hook-same-elbow-hooked,inside,knee hook,,same elbow hooked,,,lyra,static,df70404d-6b07-419e-8853-cae720e56638,uplift/elbow_hook_single_inside_knee_hook_single.jpg,ff98c108-2972-4e24-a2e3-8f0659ec47d7,35327f2b-9205-440f-8e38-f6da18f4dd54,35327f2b-9205-440f-8e38-f6da18f4dd54,2025-05-02T18:15:17.755Z,2025-05-02T18:15:17.755Z,0,,Cydney
Skin the Cat - Bottom Bar,2,,"From DKH on bottom bar, palms face toward you. Bring legs off hoop and tuck legs in toward chest. Rotate body and bring toes to floor. Come back up. **Shoulder heavy**",,,,,,skin-the-cat-bottom-bar,,skin the cat,,,,bottom bar,lyra,static,8a715bf7-a9b4-4812-b732-d0fae1d1a228,uplift/skin_the_cat_bottom_bar.jpg,0938944e-eca1-4dc3-89ad-b8b34bc83955,35327f2b-9205-440f-8e38-f6da18f4dd54,35327f2b-9205-440f-8e38-f6da18f4dd54,2025-05-02T18:15:17.755Z,2025-05-02T18:15:17.755Z,0,,Meredith
Split Leg Thru Window,2,,"From DKH on the top bar, bring one leg off and between you and the hoop. Slide it around the hoop while externally rotating hip. May keep top leg bent or straighten it for full split.",,,,,,split-leg-thru-window,,split leg thru window,,,,,lyra,static,41ebce0c-115c-44b1-abc4-23298c8fc441,uplift/split_leg_thru_window.jpg,5de5149a-aae2-4492-a1d2-ac7699cd68bf,35327f2b-9205-440f-8e38-f6da18f4dd54,35327f2b-9205-440f-8e38-f6da18f4dd54,2025-05-02T18:15:17.755Z,2025-05-02T18:15:17.755Z,0,,?
Split Leg Thru Window Reverse,2,,"Starts from DKH top bar. Straighten one leg and thread foot around strap. Remove the other leg, cross over body, feed the foot thru the arm and bar (the window). Slide leg around the hoop while externally rotating hip. Thread foot on strap higher so that leg is fully straight.",,,,,,split-leg-thru-window-reverse,,split leg thru window,reverse,,,,lyra,static,90e9f8e6-41ea-4230-a04f-732c2b98b2a6,uplift/split_leg_thru_window_reverse.jpg,6794a907-6ebd-4c0c-98ad-94a8466d1cd8,35327f2b-9205-440f-8e38-f6da18f4dd54,35327f2b-9205-440f-8e38-f6da18f4dd54,2025-05-02T18:15:17.755Z,2025-05-02T18:15:17.755Z,0,,?
Stag Drop,2,,"From Stag, knee hook arms reaches across to the other side of the bar, roll out, and hook inside knee hook on straight leg. For outside knee hook, free leg hand reaches across to the other side of the bar. Progression: Use one hand only - free leg hand only for inside knee hook and bent leg hand stays on for outside knee hook.",,,,,,stag-drop,,stag,drop,,,,lyra,dynamic,12097c06-b8ab-447a-8f77-d01976d7b38d,uplift/stag_drop.jpg,d77605ac-343b-4f51-a0c8-7ea0f09363a5,35327f2b-9205-440f-8e38-f6da18f4dd54,35327f2b-9205-440f-8e38-f6da18f4dd54,2025-05-02T18:15:17.755Z,2025-05-02T18:15:17.755Z,0,,Courtney
Stag Middle of Hoop,2,,"From wine glass, bring both hands to the belly, reaching above wine glass leg. Bring hips to bar and free leg thru hoop to rest against side of hoop with stag legs.",,,,,Stag from Wine Glass,stag-middle-of-hoop,,stag,,,,middle of hoop,lyra,static,8d98eac7-b75a-4793-8c62-01d8d5c061ab,uplift/stag_from_wine_glass.jpg,a481c389-f5dc-4f96-a841-6b65431abcfd,35327f2b-9205-440f-8e38-f6da18f4dd54,35327f2b-9205-440f-8e38-f6da18f4dd54,2025-05-02T18:15:17.755Z,2025-05-02T18:15:17.755Z,0,,Joanne
Straddle Back - Bottom Bar,2,,"From DKH on the bottom bar, bring hands inside of legs. Push hips up toward bar and bring legs off hoop and out toward sides. Think about “stacking” everything. Hips, torso, chest, and shoulders should all be in line. Keep chest up and thru hands. May need to bring space between hands if have bigger chest.",,,,,,straddle-back-bottom-bar,,straddle back,,,,bottom bar,lyra,static,5840510b-11e4-42b1-871c-c85e996d57c2,uplift/straddle_back_bottom_bar.jpg,d6200dfe-8be6-4644-bd18-c6dda64635ae,35327f2b-9205-440f-8e38-f6da18f4dd54,35327f2b-9205-440f-8e38-f6da18f4dd54,2025-05-02T18:15:17.755Z,2025-05-02T18:15:17.755Z,0,,Cydney
Straddle Back Drop,2,,"From seated on bottom bar, drop back to Trash Can with legs wide. One hand top bar and one between legs hands - both hands palms away. Release top hand and grab bottom bar between legs - palms away. Momentum will bring legs overhead to straddleback. First time spot - hold each ankle until top hand grabs bottom bar and then release ankle hold.",,,,,,straddle-back-drop,,straddle back drop,,,,,lyra,dynamic,e7f1b8ee-b483-4771-a08a-a471d8ecab06,uplift/straddle_back_drop.jpg,8d399970-aff7-4071-9965-ce309c3dd75a,35327f2b-9205-440f-8e38-f6da18f4dd54,35327f2b-9205-440f-8e38-f6da18f4dd54,2025-05-02T18:15:17.755Z,2025-05-02T18:15:17.755Z,0,,Brandi
Superman - No Hands,2,,"From hip hang, engage core and glutes to come up to superman. May use hands to get into position first and find “sweet spot”. Chest should be up. Everything is engaged: glutes, legs, abs, upper back.",,,,,,superman-hands-off,,superman,,hands off,,,lyra,static,cf9f1632-d231-4357-b9f6-6e63e23b67a9,uplift/superman_-_no_hands.jpg,3684ca17-375a-443c-b122-f31a15da14b8,35327f2b-9205-440f-8e38-f6da18f4dd54,35327f2b-9205-440f-8e38-f6da18f4dd54,2025-05-02T18:15:17.755Z,2025-05-02T18:15:17.755Z,0,,Trisha
Thigh Hold - Side Bar ,2,,,,,,,,side-bar-thigh-hold,,side bar thigh hold,,,,,lyra,static,b16ef966-07fa-40aa-9d6f-d970488c9939,uplift/side_bar_thigh_hold.jpg,614e6500-e0bd-4e06-b9b1-cc54820d3683,35327f2b-9205-440f-8e38-f6da18f4dd54,35327f2b-9205-440f-8e38-f6da18f4dd54,2025-05-02T18:15:17.755Z,2025-05-02T18:15:17.755Z,0,https://drive.google.com/file/d/1oQxUY_mAl6Z9_RIdphUdcwadd_LRfKdX/view?usp=sharing,Joanne
Threaded Leg Elbow Hook,2,,"From standing outside of hoop, bring both hands to one side of spanset. Whatever side you reached to, that foot comes out and around hoop then back in. Other leg crosses over like candlestick pose. Inside arm elbow hooks on spanset, other can leg go. Stay in place by squeezing legs together to avoid slipping.",,,,,,threaded-leg-elbow-hook,,threaded leg elbow hook,,,,,lyra,static,33f42ba8-09e3-4b7f-9ff1-53d583ec7f1e,uplift/threaded_leg_elbow_hook.jpg,1e7784e6-1e55-4e6a-af3f-d8d342eb2ae5,35327f2b-9205-440f-8e38-f6da18f4dd54,35327f2b-9205-440f-8e38-f6da18f4dd54,2025-05-02T18:15:17.755Z,2025-05-02T18:15:17.755Z,0,,Courtney
Top Bar Ankle Hang - Holding On,2,,"From DKH, move hands to mid belly on hoop. Extend one leg at a time, pushing against the spanset and squeezing feet inward. May use hands to support some of your weight and to avoid slipping down to tops of feet.",,,,,,ankle-hang-hands-on-top-bar,,ankle hang,,hands on,,top bar,lyra,static,5bb28aba-9206-406a-9077-af04d3493002,uplift/ankle_hang_top_bar_-_holding_on.jpg,3a1c8705-98ea-482e-9d13-f0f49af2bb4c,35327f2b-9205-440f-8e38-f6da18f4dd54,35327f2b-9205-440f-8e38-f6da18f4dd54,2025-05-02T18:15:17.755Z,2025-05-02T18:15:17.755Z,0,,Cydney
Top Bar Bird’s Nest - Both Legs On,2,,"From DKH on top bar, extend one leg at a time to touch spanset, resting the spanset on the top of the foot. Bend knees and arch back.",,,,,,bird’s-nest-both-legs-on-top-bar,,bird’s nest,,,both legs on,top bar,lyra,static,d90c4da5-4c60-41fb-976f-c0fc77963c04,uplift/bird’s_nest_top_bar.jpg,6c147af3-2fa1-45b5-ba3f-fdd707a1c8bc,35327f2b-9205-440f-8e38-f6da18f4dd54,35327f2b-9205-440f-8e38-f6da18f4dd54,2025-05-02T18:15:17.755Z,2025-05-02T18:15:17.755Z,0,,?
Top Bar Bird’s Nest - Single Leg,2,,"From DKH on the top bar, extend one leg straight up to touch spanset. Unhook other leg to bring in front of hoop towards face. Free leg can be straight or bent.",,,,,,bird’s-nest-one-leg-off-top-bar,,bird’s nest,,,one leg off,top bar,lyra,static,050269d1-f701-483d-8ebf-172ca5f4e0d2,uplift/bird’s_nest_top_bar_single_leg.jpg,adc92ced-b2b4-4daf-b496-843b1f27e25d,35327f2b-9205-440f-8e38-f6da18f4dd54,35327f2b-9205-440f-8e38-f6da18f4dd54,2025-05-02T18:15:17.755Z,2025-05-02T18:15:17.755Z,0,,Meredith
Twisted Pike,2,,"Wine Glass
Hands at Hoop Belly
Free Leg from Back to Front of Hoop
Lift Body Off Hoop (inside leg thigh only will be touching hoop)


Hands higher than belly if need more booty clearance.",,,,,,twisted-pike,,twisted pike,,,,,lyra,static,42c22b30-c533-4f7b-872d-4f38dfbbc201,uplift/twisted_pike.jpg,0f9b657e-899d-491c-a22c-4ace2ddcb212,35327f2b-9205-440f-8e38-f6da18f4dd54,35327f2b-9205-440f-8e38-f6da18f4dd54,2025-05-02T18:15:17.755Z,2025-05-02T18:15:17.755Z,0,,Alicia
Twisted V,2,,Start from HH. Cross ankles. Legs raise wide to hoop as torso twists. Hip of inside leg will be touching the bar. May be easier to bring back leg to hoop first and then front leg.,,,,,,twisted-v,,twisted v,,,,,lyra,static,86314fb4-26ad-457d-aaec-b8d903baf181,uplift/twisted_v.jpg,f2e3b8d3-1633-403b-9731-b29c6310c499,35327f2b-9205-440f-8e38-f6da18f4dd54,35327f2b-9205-440f-8e38-f6da18f4dd54,2025-05-02T18:15:17.755Z,2025-05-02T18:15:17.755Z,0,,Trisha
Unsupported Mermaid,2,,"From DKH on the top bar, bring hands away from the tabs slightly (no quite just below tabs but also not at the belly). Come into pencil and allow your legs to come to same hand as the leg that is in front of the hoop. Squeeze legs around hoop. Easiest entrance is from Scorpion top bar.",,,,,,unsupported-mermaid,unsupported,mermaid,,,,,lyra,static,3b64241e-5b46-4055-b446-b9ff09014b90,uplift/unsupported_mermaid.jpg,58e56212-1797-4715-958f-37fcbe561be1,35327f2b-9205-440f-8e38-f6da18f4dd54,35327f2b-9205-440f-8e38-f6da18f4dd54,2025-05-02T18:15:17.755Z,2025-05-02T18:15:17.755Z,0,,Courtney
Back Balance - No Hands,3,,,,,,,,back-balance-hands-off,,back balance,,hands off,,,lyra,static,5b1bc8bb-ddcb-4394-8c1a-05a1825b85cf,uplift/back_balance_-_no_hands.jpg,0ba3d2b6-fa27-4791-b000-565840c36548,35327f2b-9205-440f-8e38-f6da18f4dd54,35327f2b-9205-440f-8e38-f6da18f4dd54,2025-05-02T18:15:17.755Z,2025-05-02T18:15:17.755Z,0,,Meredith
Cuddle Roll,3,,"From cuddle, adjust body so you can grab the hoop near your hips. Baseball grip. Hoop must be in knee pits. Adjust hoop if need be to do this. Tuck chin to chest. Roll forward, keeping knees bent. End with both legs (outside knee hooks) still hooked to bar. Most common issue is students not keeping bar in knee pits and plopping to the floor. Can spot by holding legs and guiding them to the bar.",,,,,,cuddle-roll,,cuddle roll,,,,,lyra,dynamic,035f655a-39a2-435f-922c-996ddb64e094,uplift/cuddle_roll.jpg,3be3195d-9c0b-42fe-a439-2640dc249ed9,35327f2b-9205-440f-8e38-f6da18f4dd54,35327f2b-9205-440f-8e38-f6da18f4dd54,2025-05-02T18:15:17.755Z,2025-05-02T18:15:17.755Z,0,,Brandi
Double Elbow Hook - Bottom Bar,3,,"From standing, crouch down to hoop. Elbow hook one arm then the other. One hand should be on one side of the hoop, one should be on the other. Slowly put more weight in your elbow hook. If you feel comfortable, bring legs up to tuck.

Can babystep this by slowly putting weight in elbow crease or elbowhooking one arms and regular grip with the other.",,,,,,double-elbow-hook-bottom-bar,double,elbow hook,,,,bottom bar,lyra,static,bf6676d6-f421-4b84-90b7-deca45dfeb3b,uplift/elbow_hook_double_bottom_bar.jpg,545de7d8-c104-49da-a1d1-d9597467efdf,35327f2b-9205-440f-8e38-f6da18f4dd54,35327f2b-9205-440f-8e38-f6da18f4dd54,2025-05-02T18:15:17.755Z,2025-05-02T18:15:17.755Z,0,,Joanne
Double Elbow Hook - Top Bar,3,,"From sitting in hoop, elbow hook one arm then the other. One hand should be on one side of the hoop, one should be on the other. Slowly put more weight in your elbow hook. If you feel comfortable, bring body off hoop and hang by elbows. 

Can babystep this by slowly putting weight in elbow crease or elbowhooking one arms and regular grip with the other.",,,,,,double-elbow-hook-top-bar,double,elbow hook,,,,top bar,lyra,static,f315f859-8fc8-4961-9b6b-164670774a56,uplift/elbow_hook_double_top_bar.jpg,a536a69c-e91f-4f61-a263-30081c2d5e63,35327f2b-9205-440f-8e38-f6da18f4dd54,35327f2b-9205-440f-8e38-f6da18f4dd54,2025-05-02T18:15:17.755Z,2025-05-02T18:15:17.755Z,0,,Joanne
Full Mill Roll,3,,"From horse on bottom bar, pull up so bar comes to mid thigh. Bend front knee. Hands come slightly below belly palms away (everyone’s hand placement will be a bit different depending on arm length and shoulder mobility). Lean forward and go around bar, pushing leg into bar and motorcycle gripping hoop. Roll stops and starts in the same position.",,,,,,full-mill-roll,full,mill roll,,,,,lyra,dynamic,7a148d48-90c4-478d-a0b0-bfd5443b85b5,uplift/full_mill_roll.jpg,61b2e4ed-b832-4137-8062-3c614be7dc5a,35327f2b-9205-440f-8e38-f6da18f4dd54,35327f2b-9205-440f-8e38-f6da18f4dd54,2025-05-02T18:15:17.755Z,2025-05-02T18:15:17.755Z,0,,
Full Scissor Roll,3,,,,,,,,full-scissor-roll,full,scissor roll,,,,,lyra,dynamic,24cb9b09-d8d6-4439-9fcb-d93fb9bcb31c,uplift/scissor_roll.jpg,1be7928f-a3fd-4302-966e-0018c21d6414,35327f2b-9205-440f-8e38-f6da18f4dd54,35327f2b-9205-440f-8e38-f6da18f4dd54,2025-05-02T18:15:17.755Z,2025-05-02T18:15:17.755Z,0,,
Half Back Balance - No Hands,3,,,,,,,,half-back-balance-hands-off,half,back balance,,hands off,,,lyra,static,17bf43ff-3e8a-4673-8210-4031a70e2216,uplift/half_back_balance_-_no_hands.jpg,7d06544a-86f2-44b6-9980-bea095a5ad2f,35327f2b-9205-440f-8e38-f6da18f4dd54,35327f2b-9205-440f-8e38-f6da18f4dd54,2025-05-02T18:15:17.755Z,2025-05-02T18:15:17.755Z,0,,?
Hock Hang - Top Bar,3,,"From hip hang on the top bar, hold outside of the tabs. Bring one leg of the top bar and thru the hoop. May let go if feel confident.",,,,,,hock-hang-top-bar,,hock hang,,,,top bar,lyra,static,fa50c72e-8b6a-4da1-b139-860ae8024f75,uplift/hock_hang_top_bar.jpg,03381639-d7af-47c4-9d46-b6885656167a,35327f2b-9205-440f-8e38-f6da18f4dd54,35327f2b-9205-440f-8e38-f6da18f4dd54,2025-05-02T18:15:17.755Z,2025-05-02T18:15:17.755Z,0,,Cydney
Meathook - Both Hands,3,,"From straddle back on the bottom bar, bring one leg to meet the other. Engage core, chest, shoulders, etc. Keep hips up to bar by using same arm as leg that comes across to manually pull hips up toward bar. May bend arm to pull hips up. VERY core heavy.",,,,,,meathook,,meathook,,,,,lyra,static,e2735522-6430-4bac-9169-2b658646cff3,uplift/meathook_both_hands.jpg,3831a6a8-c588-4de7-b24d-0bf51bc5fd75,35327f2b-9205-440f-8e38-f6da18f4dd54,35327f2b-9205-440f-8e38-f6da18f4dd54,2025-05-02T18:15:17.755Z,2025-05-02T18:15:17.755Z,0,,
Meathook - One Hand,3,,,,,,,,meathook-one-hand-off,,meathook,,one hand off,,,lyra,static,20b100d2-5b05-4523-b200-3250039090e4,default/missing_image.jpg,32f9c19c-e936-41f4-8a29-ed663b9c6d45,35327f2b-9205-440f-8e38-f6da18f4dd54,35327f2b-9205-440f-8e38-f6da18f4dd54,2025-05-02T18:15:17.755Z,2025-05-02T18:15:17.755Z,0,,
Press Up,3,,Flip in with palms down. Lift chest and straighten arms.,,,,,,hip-hang-press-up,,hip hang,press up,,,,lyra,dynamic,7d939322-c9c7-4e38-af1a-2840a4a8628e,uplift/hip_hang_press_up.jpg,78003989-e0ef-4e16-974e-128450a4621b,35327f2b-9205-440f-8e38-f6da18f4dd54,35327f2b-9205-440f-8e38-f6da18f4dd54,2025-07-06T18:15:17.755Z,2025-07-06T18:15:17.755Z,0,,
Pretzel Hang - Hands Off - Bottom Bar,3,,"From SKH on bottom bar, bring both hands to opposite side of bar as the leg thats hooked. Cross opposite side leg knee pit over foot of leg that is hooked. Use the crossed leg to push into other leg to keep knee hook. If you feel confident, you can let go with both hands.",,,,,,pretzel-hang-hands-off-bottom-bar,,pretzel hang,,hands off,,bottom bar,lyra,static,7a6dcb74-2328-4214-acce-e10e41e3d10b,uplift/pretzel_hang_low_bar_no_hands.jpg,6b8cd000-5ac8-49b4-a92f-79f53a9cd226,35327f2b-9205-440f-8e38-f6da18f4dd54,35327f2b-9205-440f-8e38-f6da18f4dd54,2025-05-02T18:15:17.755Z,2025-05-02T18:15:17.755Z,0,,Joanne
Reverse Dragonfly,3,,,,,,,,reverse-dragonfly-hand-on-side,reverse,dragonfly,,hand on side,,,lyra,static,e0be8407-d3ab-49af-af78-1e1f753af15f,uplift/reverse_dragonfly.jpg,ebce33ff-9ca2-474b-a9cd-053f1a11f7e0,35327f2b-9205-440f-8e38-f6da18f4dd54,35327f2b-9205-440f-8e38-f6da18f4dd54,2025-05-02T18:15:17.755Z,2025-05-02T18:15:17.755Z,0,,
Running Man - Hands Off,3,,,,,,,,running-man-hands-off,,running man,,hands off,,,lyra,static,ee096d1a-d775-4fb9-a4f2-a578b7bb5c8e,default/missing_image.jpg,32f9c19c-e936-41f4-8a29-ed663b9c6d45,35327f2b-9205-440f-8e38-f6da18f4dd54,35327f2b-9205-440f-8e38-f6da18f4dd54,2025-05-02T18:15:17.755Z,2025-05-02T18:15:17.755Z,0,,
Russian Roll,3,,"Single knee hook on bottom bar. Hands come on either side of leg, palms toward you. May be done with momentum by ticking toking back and forth or done without. Either way, drive free leg thru the center of the hoop. Bring the chest up and motorcycle grip. 

Most common issue is students landing in hok hang. This is most likely caused from not driving leg as much as needed and not bringing the chest up at the end of the roll.",,,,,,russian-roll,,russian roll,,,,,lyra,dynamic,fc91cec6-2b3f-48b5-88d0-acbd98406e7f,uplift/russian_roll.jpg,00da4148-e286-48a3-8dcd-a7300f70e40c,35327f2b-9205-440f-8e38-f6da18f4dd54,35327f2b-9205-440f-8e38-f6da18f4dd54,2025-05-02T18:15:17.755Z,2025-05-02T18:15:17.755Z,0,,Cydney
Seated Forward Roll - Legs Bent,3,,"From seated on bottom bar, bring bar to mid thigh. Bring hands to slightly below belly of hoop. Bend knees into butt and keep them bent the entire time. Tuck yourself into a ball, chin to chest and roll forward. Motorcycle your hands to bring you completely around the bar. Should end in seated again or in DKH if doing half roll, which would be Level 2.",,,,,,seated-forward-roll-legs-bent,,seated forward roll,,,legs bent,,lyra,dynamic,82c1e666-0688-40fe-b64a-0d1b381c78ff,uplift/seated_forward_roll_-_legs_bent.jpg,c2e4df8a-991b-4b8d-a44b-49ad3589cc75,35327f2b-9205-440f-8e38-f6da18f4dd54,35327f2b-9205-440f-8e38-f6da18f4dd54,2025-05-02T18:15:17.755Z,2025-05-02T18:15:17.755Z,0,,Shweta
Seated Forward Roll - Legs Straight,3,,,,,,,,seated-forward-roll-legs-straight,,seated forward roll,,,legs straight,,lyra,dynamic,580a91c1-51b4-4ed3-8f7c-b7d6412de6d4,uplift/seated_forward_roll_-_legs_straight.jpg,9eb4404b-6db2-4968-919b-727b3a4f1f07,35327f2b-9205-440f-8e38-f6da18f4dd54,35327f2b-9205-440f-8e38-f6da18f4dd54,2025-05-02T18:15:17.755Z,2025-05-02T18:15:17.755Z,0,,Shweta
Single Arm Hang,3,,,,,,,,single-arm-dead-hang,single arm,dead hang,,,,,lyra,static,9b33fdea-edf8-4fad-b701-83bd64e6c4a7,uplift/single_arm_hang.jpg,f287b77d-8df7-49f6-bc81-7417c5e9831e,35327f2b-9205-440f-8e38-f6da18f4dd54,35327f2b-9205-440f-8e38-f6da18f4dd54,2025-05-02T18:15:17.755Z,2025-05-02T18:15:17.755Z,0,,Alicia
Single Knee Hook - Back Press Away,3,,,,,,,,single-knee-hook-back-press-away-top-bar,single,knee hook,back press away,,,top bar,lyra,static,23c02814-af5d-43b0-b76b-30516fa328fa,uplift/single_knee_hook_back_press_away.jpg,a63fc0b8-fb3c-4ecb-abb0-81a3ed14f352,35327f2b-9205-440f-8e38-f6da18f4dd54,35327f2b-9205-440f-8e38-f6da18f4dd54,2025-05-02T18:15:17.755Z,2025-05-02T18:15:17.755Z,0,,Shweta
Single Knee Hook - Front Press Away,3,,,,,,,,single-knee-hook-front-press-away-top-bar,single,knee hook,front press away,,,top bar,lyra,static,ff1e39fa-eb34-4d7d-8ba7-09374c009d20,uplift/single_knee_hook_front_press_away.jpg,15de0439-bf84-43b0-ac69-8691709de5ee,35327f2b-9205-440f-8e38-f6da18f4dd54,35327f2b-9205-440f-8e38-f6da18f4dd54,2025-05-02T18:15:17.755Z,2025-05-02T18:15:17.755Z,0,,Courtney
Single Knee Hook - No Hands,3,,"From DKH on the bottom bar, squeeze heel toward butt. Release one leg off hoop, bringing it behind you. Hands come off hoop. 

**Requires a very strong knee hook. May modify by doing single knee hook with one hand holding on**",,,,,,single-knee-hook-hands-off,single,knee hook,,hands off,,,lyra,static,6f09e6f8-98e7-4b77-8ea0-4045407e3879,uplift/single_knee_hook_-_no_hands.jpg,58562475-918c-4447-9983-23cf39f8e69d,35327f2b-9205-440f-8e38-f6da18f4dd54,35327f2b-9205-440f-8e38-f6da18f4dd54,2025-05-02T18:15:17.755Z,2025-05-02T18:15:17.755Z,0,,Joanne
Skin the Cat - Top Bar,3,,"From DKH on top bar, hands come to hoop either in tabs or just outside of tabs. Bring legs off hoop and pike legs. Rotate body so feet are closer to ground. Only go down as far as you can come back up. Must have confident skin the cat on bottom bar. Very shoulder heavy. Don’t go down further than you can come back up. You will get stuck there since you can't push off the ground for leverage.",,,,,,skin-the-cat-top-bar,,skin the cat,,,,top bar,lyra,static,2ebe68bd-07ef-45f9-b329-73b348fd3565,uplift/skin_the_cat_top_bar.jpg,34f18361-6e61-4b0a-9313-748f13e26fa4,35327f2b-9205-440f-8e38-f6da18f4dd54,35327f2b-9205-440f-8e38-f6da18f4dd54,2025-05-02T18:15:17.755Z,2025-05-02T18:15:17.755Z,0,,Brandi
Straddle Back - Top Bar,3,,"From DKH on top bar, bring hips toward bar and froggy legs (bend knees into butterfly and bring calves to hoop). Let hoop flip up, this will happen regardless. Extend legs for straddle back. 


**Should have a SOLID straddle back before doing this move**",,,,,,straddle-back-top-bar,,straddle back,,,,top bar,lyra,static,225549c9-bf95-4f16-95ae-9c92c9e78cd1,uplift/straddle_back_top_bar.jpg,248c05fa-d2b1-4566-84c9-b390a107652e,35327f2b-9205-440f-8e38-f6da18f4dd54,35327f2b-9205-440f-8e38-f6da18f4dd54,2025-05-02T18:15:17.755Z,2025-05-02T18:15:17.755Z,0,,Courtney
Straddle Back Inside Outside - Top Bar,3,,"From DKH, one hand moves under tab and then other between legs. Straddle back. Hand underneath tab also stops hoop from flipping up.",,,,,,straddle-back-inside-outside-top-bar,,straddle back,inside outside,,,top bar,lyra,static,a78c8e2f-2d08-4c3c-92da-f67ab70ca7dd,uplift/straddle_back_inside_outside_top_bar.jpg,c3b1f855-2c65-4ce4-ba69-57f54d4bfba3,35327f2b-9205-440f-8e38-f6da18f4dd54,35327f2b-9205-440f-8e38-f6da18f4dd54,2025-05-02T18:15:17.755Z,2025-05-02T18:15:17.755Z,0,,Lilly
Top Bar Ankle Hang - No Hands,3,,"From DKH, move hands to mid belly on hoop. Extend one leg at a time, pushing against the spanset and squeezing feet inward. May use hands to support some of your weight. Ease down to tops of feet and may let go of hands if feel stable.",,,,,,ankle-hang-hands-off-top-bar,,ankle hang,,hands off,,top bar,lyra,static,d625a198-71df-4e71-aba1-1c1805526691,uplift/ankle_hang_top_bar_-_no_hands.jpg,46cbe42c-0950-465b-9314-c30c81d4246f,35327f2b-9205-440f-8e38-f6da18f4dd54,35327f2b-9205-440f-8e38-f6da18f4dd54,2025-05-02T18:15:17.755Z,2025-05-02T18:15:17.755Z,0,,?
Egg - Top Bar,,,,,,,,,egg-top-bar,,egg,,,,top bar,lyra,static,893122a4-b196-4fdd-9d26-fc495752d333,default/missing_image.jpg,32f9c19c-e936-41f4-8a29-ed663b9c6d45,35327f2b-9205-440f-8e38-f6da18f4dd54,35327f2b-9205-440f-8e38-f6da18f4dd54,2025-05-02T18:15:17.755Z,2025-05-02T18:15:17.755Z,0,,
Figure Four - Leg on Bar,,,,,,,,,figure-four-leg-on-bar,,figure four,,,leg on bar,,lyra,static,aad131de-50de-4090-8b20-1c7a69eb1be8,default/missing_image.jpg,32f9c19c-e936-41f4-8a29-ed663b9c6d45,35327f2b-9205-440f-8e38-f6da18f4dd54,35327f2b-9205-440f-8e38-f6da18f4dd54,2025-05-02T18:15:17.755Z,2025-05-02T18:15:17.755Z,0,,
Figure Four - Toe on Bar,,,,,,,,,figure-four-toe-on-bar,,figure four,,,toe on bar,,lyra,static,97215a5a-9ad6-4db4-9e95-0ba9e2db79d6,default/missing_image.jpg,32f9c19c-e936-41f4-8a29-ed663b9c6d45,35327f2b-9205-440f-8e38-f6da18f4dd54,35327f2b-9205-440f-8e38-f6da18f4dd54,2025-05-02T18:15:17.755Z,2025-05-02T18:15:17.755Z,0,exists?,
Hip Hang Foot Block - One Leg Straight,,,,,,,,,hip-hang-foot-block-one-leg-straight,,hip hang,foot block,,one leg straight,,lyra,static,0bee5b6a-dcbd-4c05-86ee-58783f861988,default/missing_image.jpg,32f9c19c-e936-41f4-8a29-ed663b9c6d45,35327f2b-9205-440f-8e38-f6da18f4dd54,35327f2b-9205-440f-8e38-f6da18f4dd54,2025-05-02T18:15:17.755Z,2025-05-02T18:15:17.755Z,0,,
Inverted Flamingo,,,,,,,,,inverted-flamingo,inverted ,flamingo,,,,,lyra,static,a07f8d84-f080-46c4-a4f7-d6aa8286481b,default/missing_image.jpg,32f9c19c-e936-41f4-8a29-ed663b9c6d45,35327f2b-9205-440f-8e38-f6da18f4dd54,35327f2b-9205-440f-8e38-f6da18f4dd54,2025-05-02T18:15:17.755Z,2025-05-02T18:15:17.755Z,0,,
Low Inside Lion,,,,,,,,,low-inside-lion,low,inside lion,,,,,lyra,static,99c3dbd3-407b-4d6d-aeb8-3c8eb6c7c08a,default/missing_image.jpg,32f9c19c-e936-41f4-8a29-ed663b9c6d45,35327f2b-9205-440f-8e38-f6da18f4dd54,35327f2b-9205-440f-8e38-f6da18f4dd54,2025-05-02T18:15:17.755Z,2025-05-02T18:15:17.755Z,0,,
Outside Knee Hook - One Leg,,,,,,,,,outside-knee-hook-one-leg,outside,knee hook,,,one leg,,lyra,static,a7526897-1a18-46b3-8578-015591a85a69,default/missing_image.jpg,32f9c19c-e936-41f4-8a29-ed663b9c6d45,35327f2b-9205-440f-8e38-f6da18f4dd54,35327f2b-9205-440f-8e38-f6da18f4dd54,2025-05-02T18:15:17.755Z,2025-05-02T18:15:17.755Z,0,,
