from pose,to pose,name,level,transition_type,description,teaching_cues,safety_cues,progressions,modifications,common_errors,apparatus,id,from_pose_id,to_pose_id,primary_media_id,primary_media_path,created_by,updated_by,created_at,updated_at,is_synced,video_link,data_notes (to address),
Top Bar Bird’s Nest - Single Leg,Top Bar Bird’s Nest - Both Legs On,Top Bar Bird’s Nest Variation,,variations,,,,,,,lyra,236bfa9b-ffad-48d8-971c-7f078c593daa,050269d1-f701-483d-8ebf-172ca5f4e0d2,d90c4da5-4c60-41fb-976f-c0fc77963c04,,,35327f2b-9205-440f-8e38-f6da18f4dd54,35327f2b-9205-440f-8e38-f6da18f4dd54,2025-07-06T18:15:17.755Z,2025-07-06T18:15:17.755Z,,,,050269d1-f701-483d-8ebf-172ca5f4e0d2--d90c4da5-4c60-41fb-976f-c0fc77963c04
Top Bar Bird’s Nest - Both Legs On,Top Bar Bird’s Nest - Single Leg,Top Bar Bird’s Nest Variation,,variations,,,,,,,lyra,ac39ec07-765d-4534-b582-46d5b8d799e6,d90c4da5-4c60-41fb-976f-c0fc77963c04,050269d1-f701-483d-8ebf-172ca5f4e0d2,,,35327f2b-9205-440f-8e38-f6da18f4dd54,35327f2b-9205-440f-8e38-f6da18f4dd54,2025-07-06T18:15:17.755Z,2025-07-06T18:15:17.755Z,,,,d90c4da5-4c60-41fb-976f-c0fc77963c04--050269d1-f701-483d-8ebf-172ca5f4e0d2
Faux Butt Shelf,Inside Lion,,,,Leg in front of hoop traces to opposite side for inside lion.,,,,,,lyra,ba0d6d60-52ef-4d43-a1fa-c3c6c5d107c2,0657b20f-058f-4a13-ab40-7b4b7c4792e1,550a68c4-b000-41e5-b236-a62290d6f8b8,,,35327f2b-9205-440f-8e38-f6da18f4dd54,35327f2b-9205-440f-8e38-f6da18f4dd54,2025-05-02T18:15:17.755Z,2025-05-02T18:15:17.755Z,0,,,0657b20f-058f-4a13-ab40-7b4b7c4792e1--550a68c4-b000-41e5-b236-a62290d6f8b8
Hip Hang Foot Block - One Leg Straight,Hip Hang Foot Block - Inverted Flamingo,Hip Hang Foot Block,,variations,,,,,,,lyra,f3793e2c-8971-46b5-b02b-b2be95389d08,0bee5b6a-dcbd-4c05-86ee-58783f861988,539f1b36-1529-4d19-8b24-cff2851146fb,,,35327f2b-9205-440f-8e38-f6da18f4dd54,35327f2b-9205-440f-8e38-f6da18f4dd54,2025-07-06T18:15:17.755Z,2025-07-06T18:15:17.755Z,,,,0bee5b6a-dcbd-4c05-86ee-58783f861988--539f1b36-1529-4d19-8b24-cff2851146fb
Hip Hang Foot Block - Inverted Flamingo,Hip Hang Foot Block - One Leg Straight,Hip Hang Foot Block,,variations,,,,,,,lyra,c152f912-5e64-445a-99af-ea67c853c6fc,539f1b36-1529-4d19-8b24-cff2851146fb,0bee5b6a-dcbd-4c05-86ee-58783f861988,,,35327f2b-9205-440f-8e38-f6da18f4dd54,35327f2b-9205-440f-8e38-f6da18f4dd54,2025-07-06T18:15:17.755Z,2025-07-06T18:15:17.755Z,,,,539f1b36-1529-4d19-8b24-cff2851146fb--0bee5b6a-dcbd-4c05-86ee-58783f861988
Hip Hang Foot Block - One Leg Straight,Hip Hang Foot Block - Both Legs,Hip Hang Foot Block,,variations,,,,,,,lyra,f3c056f4-f27e-47a7-b5e6-3080981f09f4,0bee5b6a-dcbd-4c05-86ee-58783f861988,681e7eb3-8a7d-47e9-b1b9-a7bea35df6ca,,,35327f2b-9205-440f-8e38-f6da18f4dd54,35327f2b-9205-440f-8e38-f6da18f4dd54,2025-07-06T18:15:17.755Z,2025-07-06T18:15:17.755Z,,,,0bee5b6a-dcbd-4c05-86ee-58783f861988--681e7eb3-8a7d-47e9-b1b9-a7bea35df6ca
Hip Hang Foot Block - Both Legs,Hip Hang Foot Block - One Leg Straight,Hip Hang Foot Block,,variations,,,,,,,lyra,a3a311b9-287b-4de7-aa04-c3ab655c7685,681e7eb3-8a7d-47e9-b1b9-a7bea35df6ca,0bee5b6a-dcbd-4c05-86ee-58783f861988,,,35327f2b-9205-440f-8e38-f6da18f4dd54,35327f2b-9205-440f-8e38-f6da18f4dd54,2025-07-06T18:15:17.755Z,2025-07-06T18:15:17.755Z,,,,681e7eb3-8a7d-47e9-b1b9-a7bea35df6ca--0bee5b6a-dcbd-4c05-86ee-58783f861988
Hip Hang Foot Block - One Leg Straight,Hip Hang Foot Block - One Leg Bent,Hip Hang Foot Block,,variations,,,,,,,lyra,97c2dbc6-a929-40c7-ab6c-adab0c2e6d21,0bee5b6a-dcbd-4c05-86ee-58783f861988,b8d44b98-0345-49d9-8fe6-cae50f42731b,,,35327f2b-9205-440f-8e38-f6da18f4dd54,35327f2b-9205-440f-8e38-f6da18f4dd54,2025-07-06T18:15:17.755Z,2025-07-06T18:15:17.755Z,,,,0bee5b6a-dcbd-4c05-86ee-58783f861988--b8d44b98-0345-49d9-8fe6-cae50f42731b
Hip Hang Foot Block - One Leg Bent,Hip Hang Foot Block - One Leg Straight,Hip Hang Foot Block,,variations,,,,,,,lyra,203cbe16-83eb-4b1f-863b-dfee5f8851dd,b8d44b98-0345-49d9-8fe6-cae50f42731b,0bee5b6a-dcbd-4c05-86ee-58783f861988,,,35327f2b-9205-440f-8e38-f6da18f4dd54,35327f2b-9205-440f-8e38-f6da18f4dd54,2025-07-06T18:15:17.755Z,2025-07-06T18:15:17.755Z,,,,b8d44b98-0345-49d9-8fe6-cae50f42731b--0bee5b6a-dcbd-4c05-86ee-58783f861988
Pencil Scorpion - Bottom Bar,Pencil Stag Legs - Bottom Bar,Pencil Variation,,variations,,,,,,,lyra,30455fc0-d8ee-4b2a-b779-308a5d5a9fa4,0e546eed-e948-4dab-ad47-343f4ce30044,24f376ee-dd4d-47cd-ab0e-1df246c5fef4,,,35327f2b-9205-440f-8e38-f6da18f4dd54,35327f2b-9205-440f-8e38-f6da18f4dd54,2025-07-06T18:15:17.755Z,2025-07-06T18:15:17.755Z,,,,0e546eed-e948-4dab-ad47-343f4ce30044--24f376ee-dd4d-47cd-ab0e-1df246c5fef4
Pencil Stag Legs - Bottom Bar,Pencil Scorpion - Bottom Bar,Pencil Variation,,variations,,,,,,,lyra,a23785c8-2d92-4ac4-90d0-25c56e39f84d,24f376ee-dd4d-47cd-ab0e-1df246c5fef4,0e546eed-e948-4dab-ad47-343f4ce30044,,,35327f2b-9205-440f-8e38-f6da18f4dd54,35327f2b-9205-440f-8e38-f6da18f4dd54,2025-07-06T18:15:17.755Z,2025-07-06T18:15:17.755Z,,,,24f376ee-dd4d-47cd-ab0e-1df246c5fef4--0e546eed-e948-4dab-ad47-343f4ce30044
Pencil Scorpion - Bottom Bar,Pencil Straddle Split - Bottom Bar,Pencil Variation,,variations,,,,,,,lyra,ac2681ec-1a10-4ec9-b306-9246bd9ee6ce,0e546eed-e948-4dab-ad47-343f4ce30044,a1dd1979-d7e9-4c22-9a65-80dfae6e3f1f,,,35327f2b-9205-440f-8e38-f6da18f4dd54,35327f2b-9205-440f-8e38-f6da18f4dd54,2025-07-06T18:15:17.755Z,2025-07-06T18:15:17.755Z,,,,0e546eed-e948-4dab-ad47-343f4ce30044--a1dd1979-d7e9-4c22-9a65-80dfae6e3f1f
Pencil Straddle Split - Bottom Bar,Pencil Scorpion - Bottom Bar,Pencil Variation,,variations,,,,,,,lyra,a335b508-d94e-4f6c-9be4-f810a23b0b2e,a1dd1979-d7e9-4c22-9a65-80dfae6e3f1f,0e546eed-e948-4dab-ad47-343f4ce30044,,,35327f2b-9205-440f-8e38-f6da18f4dd54,35327f2b-9205-440f-8e38-f6da18f4dd54,2025-07-06T18:15:17.755Z,2025-07-06T18:15:17.755Z,,,,a1dd1979-d7e9-4c22-9a65-80dfae6e3f1f--0e546eed-e948-4dab-ad47-343f4ce30044
Pencil Scorpion - Bottom Bar,Pencil - Bottom Bar,Pencil Variation,,variations,,,,,,,lyra,84e63789-54ff-4cc8-b37b-24b0ed0a9bb6,0e546eed-e948-4dab-ad47-343f4ce30044,eb1893ff-d2e4-49dd-9b78-7d2cf9ba010c,,,35327f2b-9205-440f-8e38-f6da18f4dd54,35327f2b-9205-440f-8e38-f6da18f4dd54,2025-07-06T18:15:17.755Z,2025-07-06T18:15:17.755Z,,,,0e546eed-e948-4dab-ad47-343f4ce30044--eb1893ff-d2e4-49dd-9b78-7d2cf9ba010c
Pencil - Bottom Bar,Pencil Scorpion - Bottom Bar,Pencil Variation,,variations,,,,,,,lyra,76b54911-2ee0-4d18-9e4e-db4db652d9b4,eb1893ff-d2e4-49dd-9b78-7d2cf9ba010c,0e546eed-e948-4dab-ad47-343f4ce30044,,,35327f2b-9205-440f-8e38-f6da18f4dd54,35327f2b-9205-440f-8e38-f6da18f4dd54,2025-07-06T18:15:17.755Z,2025-07-06T18:15:17.755Z,,,,eb1893ff-d2e4-49dd-9b78-7d2cf9ba010c--0e546eed-e948-4dab-ad47-343f4ce30044
Profile Plank - L Pop with Split,Profile Plank,Profile Plank Variation,,variations,,,,,,,lyra,8df87591-77c9-484f-8ee7-d0b659aaf16d,0f8a133d-e81c-410d-bcb0-7f70a34f56b0,a5f7d350-43e7-4fe5-98f8-09233d7993ed,,,35327f2b-9205-440f-8e38-f6da18f4dd54,35327f2b-9205-440f-8e38-f6da18f4dd54,2025-07-06T18:15:17.755Z,2025-07-06T18:15:17.755Z,,,,0f8a133d-e81c-410d-bcb0-7f70a34f56b0--a5f7d350-43e7-4fe5-98f8-09233d7993ed
Profile Plank,Profile Plank - L Pop with Split,Profile Plank Variation,,variations,,,,,,,lyra,1d8c54b7-10a1-4b1b-9150-fdf09ad0f535,a5f7d350-43e7-4fe5-98f8-09233d7993ed,0f8a133d-e81c-410d-bcb0-7f70a34f56b0,,,35327f2b-9205-440f-8e38-f6da18f4dd54,35327f2b-9205-440f-8e38-f6da18f4dd54,2025-07-06T18:15:17.755Z,2025-07-06T18:15:17.755Z,,,,a5f7d350-43e7-4fe5-98f8-09233d7993ed--0f8a133d-e81c-410d-bcb0-7f70a34f56b0
Pencil Tick Tocks - Top Bar ,Pencil - Top Bar ,Pencil Variation,,variations,,,,,,,lyra,eca7ba4b-83d9-48e8-96a9-9548e577aeb5,1a9470e8-8ab1-4b9d-9f10-48c162489870,53320695-6b2e-4052-aeb7-f022a7c22ff5,,,35327f2b-9205-440f-8e38-f6da18f4dd54,35327f2b-9205-440f-8e38-f6da18f4dd54,2025-07-06T18:15:17.755Z,2025-07-06T18:15:17.755Z,,,,1a9470e8-8ab1-4b9d-9f10-48c162489870--53320695-6b2e-4052-aeb7-f022a7c22ff5
Pencil - Top Bar ,Pencil Tick Tocks - Top Bar ,Pencil Variation,,variations,,,,,,,lyra,77a2cc2a-863c-4929-b86a-91a9093a9450,53320695-6b2e-4052-aeb7-f022a7c22ff5,1a9470e8-8ab1-4b9d-9f10-48c162489870,,,35327f2b-9205-440f-8e38-f6da18f4dd54,35327f2b-9205-440f-8e38-f6da18f4dd54,2025-07-06T18:15:17.755Z,2025-07-06T18:15:17.755Z,,,,53320695-6b2e-4052-aeb7-f022a7c22ff5--1a9470e8-8ab1-4b9d-9f10-48c162489870
Splits Down - Hips Rotated,Splits Down - Hip Squared,Splits Down Variation,,variations,,,,,,,lyra,60ceef75-6ffe-4065-96b2-278fc53573c6,1ab291bb-d378-4f8c-9108-782ea73153fd,92676a40-5911-40b9-ad09-743a9c9cb25c,,,35327f2b-9205-440f-8e38-f6da18f4dd54,35327f2b-9205-440f-8e38-f6da18f4dd54,2025-07-06T18:15:17.755Z,2025-07-06T18:15:17.755Z,,,,1ab291bb-d378-4f8c-9108-782ea73153fd--92676a40-5911-40b9-ad09-743a9c9cb25c
Splits Down - Hip Squared,Splits Down - Hips Rotated,Splits Down Variation,,variations,,,,,,,lyra,862b557c-b41e-47d9-8410-3bf8f09ed626,92676a40-5911-40b9-ad09-743a9c9cb25c,1ab291bb-d378-4f8c-9108-782ea73153fd,,,35327f2b-9205-440f-8e38-f6da18f4dd54,35327f2b-9205-440f-8e38-f6da18f4dd54,2025-07-06T18:15:17.755Z,2025-07-06T18:15:17.755Z,,,,92676a40-5911-40b9-ad09-743a9c9cb25c--1ab291bb-d378-4f8c-9108-782ea73153fd
Amazon - Hands On,Man in the Moon,,,,,,,,,,lyra,0ede9eef-4329-4eac-be8f-d0dce83fc706,1c63685c-99e6-4843-8483-5caadc426eb8,7fa27e26-9959-4d13-8da1-d2751fff94ec,,,35327f2b-9205-440f-8e38-f6da18f4dd54,35327f2b-9205-440f-8e38-f6da18f4dd54,2025-05-02T18:15:17.755Z,2025-05-02T18:15:17.755Z,0,,,1c63685c-99e6-4843-8483-5caadc426eb8--7fa27e26-9959-4d13-8da1-d2751fff94ec
Amazon - Hands On,Cuddle,,,,,,,,,,lyra,3d41e456-432b-4216-a57c-15c9fcc5da60,1c63685c-99e6-4843-8483-5caadc426eb8,83042c53-6a75-4184-a1ca-17002fc54c67,,,35327f2b-9205-440f-8e38-f6da18f4dd54,35327f2b-9205-440f-8e38-f6da18f4dd54,2025-05-02T18:15:17.755Z,2025-05-02T18:15:17.755Z,0,,,1c63685c-99e6-4843-8483-5caadc426eb8--83042c53-6a75-4184-a1ca-17002fc54c67
Amazon - Hands On,Dragonfly,,,,,,,,,,lyra,462c72af-6a38-4f5b-a303-d195e0d2df56,1c63685c-99e6-4843-8483-5caadc426eb8,88171582-a0e1-44a5-955e-2dc5e7825ffb,,,35327f2b-9205-440f-8e38-f6da18f4dd54,35327f2b-9205-440f-8e38-f6da18f4dd54,2025-05-02T18:15:17.755Z,2025-05-02T18:15:17.755Z,0,,,1c63685c-99e6-4843-8483-5caadc426eb8--88171582-a0e1-44a5-955e-2dc5e7825ffb
Amazon - Hands On,Amazon - Top Hand Off,Amazon Variation,,variations,,,,,,,lyra,1ce66353-9139-41bb-b7ed-9d22f572160c,1c63685c-99e6-4843-8483-5caadc426eb8,90e0dae1-1f5c-4fed-83b6-c62ed00a1974,,,35327f2b-9205-440f-8e38-f6da18f4dd54,35327f2b-9205-440f-8e38-f6da18f4dd54,2025-07-06T18:15:17.755Z,2025-07-06T18:15:17.755Z,,,,1c63685c-99e6-4843-8483-5caadc426eb8--90e0dae1-1f5c-4fed-83b6-c62ed00a1974
Amazon - Top Hand Off,Amazon - Hands On,Amazon Variation,,variations,,,,,,,lyra,ea3c7b10-d9fa-4434-8902-3bca5f2ae93d,90e0dae1-1f5c-4fed-83b6-c62ed00a1974,1c63685c-99e6-4843-8483-5caadc426eb8,,,35327f2b-9205-440f-8e38-f6da18f4dd54,35327f2b-9205-440f-8e38-f6da18f4dd54,2025-07-06T18:15:17.755Z,2025-07-06T18:15:17.755Z,,,,90e0dae1-1f5c-4fed-83b6-c62ed00a1974--1c63685c-99e6-4843-8483-5caadc426eb8
Amazon - Hands On,Amazon Split,Amazon Variation,,variations,,,,,,,lyra,f3db710e-9dcc-4768-a30b-60c1860bfa70,1c63685c-99e6-4843-8483-5caadc426eb8,dbe2f538-45ed-40f0-a3e5-c020ec530f3a,,,35327f2b-9205-440f-8e38-f6da18f4dd54,35327f2b-9205-440f-8e38-f6da18f4dd54,2025-07-06T18:15:17.755Z,2025-07-06T18:15:17.755Z,,,,1c63685c-99e6-4843-8483-5caadc426eb8--dbe2f538-45ed-40f0-a3e5-c020ec530f3a
Amazon Split,Amazon - Hands On,Amazon Variation,,variations,,,,,,,lyra,24be02e5-eb7e-41e2-8e70-deec89cf8c0e,dbe2f538-45ed-40f0-a3e5-c020ec530f3a,1c63685c-99e6-4843-8483-5caadc426eb8,,,35327f2b-9205-440f-8e38-f6da18f4dd54,35327f2b-9205-440f-8e38-f6da18f4dd54,2025-07-06T18:15:17.755Z,2025-07-06T18:15:17.755Z,,,,dbe2f538-45ed-40f0-a3e5-c020ec530f3a--1c63685c-99e6-4843-8483-5caadc426eb8
Butt Shelf - Hands On - Wide Legs,Faux Butt Shelf,,,,"Buttshelf
Bring one leg in front of the hoop
Keep legs pushing toward the hoop both front and back.",,CANNOT let go of hands in faux buttshelf. ,,,,lyra,bfdd8c5d-91bd-4fbd-8504-f2946c8df814,1e06ad5d-4b41-4ea2-bee9-769643d4710f,0657b20f-058f-4a13-ab40-7b4b7c4792e1,,,35327f2b-9205-440f-8e38-f6da18f4dd54,35327f2b-9205-440f-8e38-f6da18f4dd54,2025-05-02T18:15:17.755Z,2025-05-02T18:15:17.755Z,0,,,1e06ad5d-4b41-4ea2-bee9-769643d4710f--0657b20f-058f-4a13-ab40-7b4b7c4792e1
Butt Shelf - Hands On - Wide Legs,Butt Shelf - Hands Off - Wide Legs,Butt Shelf Variation,,variations,,,,,,,lyra,fcc9510e-81b2-4345-b03c-0be179542efc,1e06ad5d-4b41-4ea2-bee9-769643d4710f,86ed6d01-2d98-4980-a7a2-4562f238f2c5,,,35327f2b-9205-440f-8e38-f6da18f4dd54,35327f2b-9205-440f-8e38-f6da18f4dd54,2025-07-06T18:15:17.755Z,2025-07-06T18:15:17.755Z,,,,1e06ad5d-4b41-4ea2-bee9-769643d4710f--86ed6d01-2d98-4980-a7a2-4562f238f2c5
Butt Shelf - Hands Off - Wide Legs,Butt Shelf - Hands On - Wide Legs,Butt Shelf Variation,,variations,,,,,,,lyra,ea1c6e50-2e59-4891-958c-c0753884d122,86ed6d01-2d98-4980-a7a2-4562f238f2c5,1e06ad5d-4b41-4ea2-bee9-769643d4710f,,,35327f2b-9205-440f-8e38-f6da18f4dd54,35327f2b-9205-440f-8e38-f6da18f4dd54,2025-07-06T18:15:17.755Z,2025-07-06T18:15:17.755Z,,,,86ed6d01-2d98-4980-a7a2-4562f238f2c5--1e06ad5d-4b41-4ea2-bee9-769643d4710f
Butt Shelf - Hands On - Wide Legs,Butt Shelf - Hands Off - Legs Straight,Butt Shelf Variation,,variations,,,,,,,lyra,99f723ef-2a88-40c8-9839-912719e64460,1e06ad5d-4b41-4ea2-bee9-769643d4710f,886b3ef2-1728-47ba-8caa-cec05cc81b6f,,,35327f2b-9205-440f-8e38-f6da18f4dd54,35327f2b-9205-440f-8e38-f6da18f4dd54,2025-07-06T18:15:17.755Z,2025-07-06T18:15:17.755Z,,,,1e06ad5d-4b41-4ea2-bee9-769643d4710f--886b3ef2-1728-47ba-8caa-cec05cc81b6f
Butt Shelf - Hands Off - Legs Straight,Butt Shelf - Hands On - Wide Legs,Butt Shelf Variation,,variations,,,,,,,lyra,dc2d4ce9-628e-49b8-987b-9505aad91c82,886b3ef2-1728-47ba-8caa-cec05cc81b6f,1e06ad5d-4b41-4ea2-bee9-769643d4710f,,,35327f2b-9205-440f-8e38-f6da18f4dd54,35327f2b-9205-440f-8e38-f6da18f4dd54,2025-07-06T18:15:17.755Z,2025-07-06T18:15:17.755Z,,,,886b3ef2-1728-47ba-8caa-cec05cc81b6f--1e06ad5d-4b41-4ea2-bee9-769643d4710f
Butt Shelf - Hands On - Wide Legs,Butt Shelf - Hands Off - One Leg Straight Other Bent Behind,Butt Shelf Variation,,variations,,,,,,,lyra,79a01f0c-e174-4a78-a321-a1156b7b6ef8,1e06ad5d-4b41-4ea2-bee9-769643d4710f,bf2ba77f-48cd-4fe2-a567-2e05f983ad6d,,,35327f2b-9205-440f-8e38-f6da18f4dd54,35327f2b-9205-440f-8e38-f6da18f4dd54,2025-07-06T18:15:17.755Z,2025-07-06T18:15:17.755Z,,,,1e06ad5d-4b41-4ea2-bee9-769643d4710f--bf2ba77f-48cd-4fe2-a567-2e05f983ad6d
Butt Shelf - Hands Off - One Leg Straight Other Bent Behind,Butt Shelf - Hands On - Wide Legs,Butt Shelf Variation,,variations,,,,,,,lyra,2e84dcdf-2595-4637-8d4c-3d0c235d44f6,bf2ba77f-48cd-4fe2-a567-2e05f983ad6d,1e06ad5d-4b41-4ea2-bee9-769643d4710f,,,35327f2b-9205-440f-8e38-f6da18f4dd54,35327f2b-9205-440f-8e38-f6da18f4dd54,2025-07-06T18:15:17.755Z,2025-07-06T18:15:17.755Z,,,,bf2ba77f-48cd-4fe2-a567-2e05f983ad6d--1e06ad5d-4b41-4ea2-bee9-769643d4710f
Butt Shelf - Hands On - Wide Legs,Bottom Bar Bird’s Nest - Both Legs On,,,,"From Butt Shelf, remove back arch, and let booty slide off the bar, block with ankles.",,,,,,lyra,0e7a20cb-cdd4-409f-acbd-5a30424f93e0,1e06ad5d-4b41-4ea2-bee9-769643d4710f,c77fb2ce-1264-4626-8a27-ca920d7edf89,,,35327f2b-9205-440f-8e38-f6da18f4dd54,35327f2b-9205-440f-8e38-f6da18f4dd54,2025-06-16T18:15:17.755Z,2025-06-16T18:15:17.755Z,0,,,1e06ad5d-4b41-4ea2-bee9-769643d4710f--c77fb2ce-1264-4626-8a27-ca920d7edf89
Butt Shelf - Hands On - Wide Legs,Double Knee Hang - Hands High - Top Bar ,,,,"From Buttshelf, huge situp and grab sides of hoop above belly of hoop.  Legs move to front of hoop in Pike.  Pull up (hips to bar) and legs hook on top bar.",,,,,,lyra,29b4dd66-f4a2-4de7-ae27-8e75136804ec,1e06ad5d-4b41-4ea2-bee9-769643d4710f,d869ac14-43fe-44d3-8de8-cadaec99db0f,,,35327f2b-9205-440f-8e38-f6da18f4dd54,35327f2b-9205-440f-8e38-f6da18f4dd54,2025-06-16T18:15:17.755Z,2025-06-16T18:15:17.755Z,0,,,1e06ad5d-4b41-4ea2-bee9-769643d4710f--d869ac14-43fe-44d3-8de8-cadaec99db0f
Profile Plank - Elbow Hook,Profile Plank - L Pop with Split,Profile Plank Variation,,variations,,,,,,,lyra,4ab111a3-15c3-47ca-9866-f028677f2e18,1f6e12c9-ccb6-46bf-86e0-fadf283daf80,0f8a133d-e81c-410d-bcb0-7f70a34f56b0,,,35327f2b-9205-440f-8e38-f6da18f4dd54,35327f2b-9205-440f-8e38-f6da18f4dd54,2025-07-06T18:15:17.755Z,2025-07-06T18:15:17.755Z,,,,1f6e12c9-ccb6-46bf-86e0-fadf283daf80--0f8a133d-e81c-410d-bcb0-7f70a34f56b0
Profile Plank - L Pop with Split,Profile Plank - Elbow Hook,Profile Plank Variation,,variations,,,,,,,lyra,e3476f79-8eee-4b4d-bfc5-4d4e8f8390aa,0f8a133d-e81c-410d-bcb0-7f70a34f56b0,1f6e12c9-ccb6-46bf-86e0-fadf283daf80,,,35327f2b-9205-440f-8e38-f6da18f4dd54,35327f2b-9205-440f-8e38-f6da18f4dd54,2025-07-06T18:15:17.755Z,2025-07-06T18:15:17.755Z,,,,0f8a133d-e81c-410d-bcb0-7f70a34f56b0--1f6e12c9-ccb6-46bf-86e0-fadf283daf80
Profile Plank - Elbow Hook,Profile Plank,Profile Plank Variation,,variations,,,,,,,lyra,1a77205f-2359-4fbe-a1a8-f138e927eba8,1f6e12c9-ccb6-46bf-86e0-fadf283daf80,a5f7d350-43e7-4fe5-98f8-09233d7993ed,,,35327f2b-9205-440f-8e38-f6da18f4dd54,35327f2b-9205-440f-8e38-f6da18f4dd54,2025-07-06T18:15:17.755Z,2025-07-06T18:15:17.755Z,,,,1f6e12c9-ccb6-46bf-86e0-fadf283daf80--a5f7d350-43e7-4fe5-98f8-09233d7993ed
Profile Plank,Profile Plank - Elbow Hook,Profile Plank Variation,,variations,,,,,,,lyra,0a1ed8eb-01ec-44a0-b129-4da97c539e40,a5f7d350-43e7-4fe5-98f8-09233d7993ed,1f6e12c9-ccb6-46bf-86e0-fadf283daf80,,,35327f2b-9205-440f-8e38-f6da18f4dd54,35327f2b-9205-440f-8e38-f6da18f4dd54,2025-07-06T18:15:17.755Z,2025-07-06T18:15:17.755Z,,,,a5f7d350-43e7-4fe5-98f8-09233d7993ed--1f6e12c9-ccb6-46bf-86e0-fadf283daf80
Pencil Pike - Bottom Bar ,Pencil Scorpion - Bottom Bar,Pencil Variation,,variations,,,,,,,lyra,01e3b8c3-5a3f-451c-be67-42fbeb7d089d,1f9d6f65-e698-49d9-96d5-3788afd48780,0e546eed-e948-4dab-ad47-343f4ce30044,,,35327f2b-9205-440f-8e38-f6da18f4dd54,35327f2b-9205-440f-8e38-f6da18f4dd54,2025-07-06T18:15:17.755Z,2025-07-06T18:15:17.755Z,,,,1f9d6f65-e698-49d9-96d5-3788afd48780--0e546eed-e948-4dab-ad47-343f4ce30044
Pencil Scorpion - Bottom Bar,Pencil Pike - Bottom Bar ,Pencil Variation,,variations,,,,,,,lyra,ce63f89e-71f4-4a1c-8588-3d7f3aeacb98,0e546eed-e948-4dab-ad47-343f4ce30044,1f9d6f65-e698-49d9-96d5-3788afd48780,,,35327f2b-9205-440f-8e38-f6da18f4dd54,35327f2b-9205-440f-8e38-f6da18f4dd54,2025-07-06T18:15:17.755Z,2025-07-06T18:15:17.755Z,,,,0e546eed-e948-4dab-ad47-343f4ce30044--1f9d6f65-e698-49d9-96d5-3788afd48780
Pencil Pike - Bottom Bar ,Pencil Stag Legs - Bottom Bar,Pencil Variation,,variations,,,,,,,lyra,9d56dfb1-6dc5-4130-8e1a-68890b60f52b,1f9d6f65-e698-49d9-96d5-3788afd48780,24f376ee-dd4d-47cd-ab0e-1df246c5fef4,,,35327f2b-9205-440f-8e38-f6da18f4dd54,35327f2b-9205-440f-8e38-f6da18f4dd54,2025-07-06T18:15:17.755Z,2025-07-06T18:15:17.755Z,,,,1f9d6f65-e698-49d9-96d5-3788afd48780--24f376ee-dd4d-47cd-ab0e-1df246c5fef4
Pencil Stag Legs - Bottom Bar,Pencil Pike - Bottom Bar ,Pencil Variation,,variations,,,,,,,lyra,f09b1ca0-25f2-4351-ae67-c5ce3a9940a3,24f376ee-dd4d-47cd-ab0e-1df246c5fef4,1f9d6f65-e698-49d9-96d5-3788afd48780,,,35327f2b-9205-440f-8e38-f6da18f4dd54,35327f2b-9205-440f-8e38-f6da18f4dd54,2025-07-06T18:15:17.755Z,2025-07-06T18:15:17.755Z,,,,24f376ee-dd4d-47cd-ab0e-1df246c5fef4--1f9d6f65-e698-49d9-96d5-3788afd48780
Pencil Pike - Bottom Bar ,Pencil Straddle Split - Bottom Bar,Pencil Variation,,variations,,,,,,,lyra,db7ea705-06c9-4810-95f8-250c36043fdc,1f9d6f65-e698-49d9-96d5-3788afd48780,a1dd1979-d7e9-4c22-9a65-80dfae6e3f1f,,,35327f2b-9205-440f-8e38-f6da18f4dd54,35327f2b-9205-440f-8e38-f6da18f4dd54,2025-07-06T18:15:17.755Z,2025-07-06T18:15:17.755Z,,,,1f9d6f65-e698-49d9-96d5-3788afd48780--a1dd1979-d7e9-4c22-9a65-80dfae6e3f1f
Pencil Straddle Split - Bottom Bar,Pencil Pike - Bottom Bar ,Pencil Variation,,variations,,,,,,,lyra,b56c1f36-a41c-4885-8652-313db5a53371,a1dd1979-d7e9-4c22-9a65-80dfae6e3f1f,1f9d6f65-e698-49d9-96d5-3788afd48780,,,35327f2b-9205-440f-8e38-f6da18f4dd54,35327f2b-9205-440f-8e38-f6da18f4dd54,2025-07-06T18:15:17.755Z,2025-07-06T18:15:17.755Z,,,,a1dd1979-d7e9-4c22-9a65-80dfae6e3f1f--1f9d6f65-e698-49d9-96d5-3788afd48780
Pencil Pike - Bottom Bar ,Pencil - Bottom Bar,Pencil Variation,,variations,,,,,,,lyra,aef52cdd-50e9-411f-9285-197dbbb138fc,1f9d6f65-e698-49d9-96d5-3788afd48780,eb1893ff-d2e4-49dd-9b78-7d2cf9ba010c,,,35327f2b-9205-440f-8e38-f6da18f4dd54,35327f2b-9205-440f-8e38-f6da18f4dd54,2025-07-06T18:15:17.755Z,2025-07-06T18:15:17.755Z,,,,1f9d6f65-e698-49d9-96d5-3788afd48780--eb1893ff-d2e4-49dd-9b78-7d2cf9ba010c
Pencil - Bottom Bar,Pencil Pike - Bottom Bar ,Pencil Variation,,variations,,,,,,,lyra,a17ef349-38df-4d4a-b411-be6de992b32f,eb1893ff-d2e4-49dd-9b78-7d2cf9ba010c,1f9d6f65-e698-49d9-96d5-3788afd48780,,,35327f2b-9205-440f-8e38-f6da18f4dd54,35327f2b-9205-440f-8e38-f6da18f4dd54,2025-07-06T18:15:17.755Z,2025-07-06T18:15:17.755Z,,,,eb1893ff-d2e4-49dd-9b78-7d2cf9ba010c--1f9d6f65-e698-49d9-96d5-3788afd48780
Straddle Back - Top Bar,Prowl,,,,"From Top Bar Straddle Back, one leg knee hooks on top bar.  Other foot to bottom of hoop.  Release arm that matches knee hook, and then move that hand to the outside of the leg.",,,Spider instead of Straddle Back.,,,lyra,b75a62f5-5ec6-4736-a06d-1773ad2021aa,225549c9-bf95-4f16-95ae-9c92c9e78cd1,ccab7e38-ac5b-42c7-9e66-d4af180e91a9,,,35327f2b-9205-440f-8e38-f6da18f4dd54,35327f2b-9205-440f-8e38-f6da18f4dd54,2025-07-06T18:15:17.755Z,2025-07-06T18:15:17.755Z,,,,225549c9-bf95-4f16-95ae-9c92c9e78cd1--ccab7e38-ac5b-42c7-9e66-d4af180e91a9
Single Knee Hook - Back Press Away,Single Knee Hook - Front Press Away,Knee Hang Variation,,variations,,,,,,,lyra,fafbc805-4df9-4b7b-b485-8f281d91b06d,23c02814-af5d-43b0-b76b-30516fa328fa,ff1e39fa-eb34-4d7d-8ba7-09374c009d20,,,35327f2b-9205-440f-8e38-f6da18f4dd54,35327f2b-9205-440f-8e38-f6da18f4dd54,2025-07-06T18:15:17.755Z,2025-07-06T18:15:17.755Z,,,,23c02814-af5d-43b0-b76b-30516fa328fa--ff1e39fa-eb34-4d7d-8ba7-09374c009d20
Single Knee Hook - Front Press Away,Single Knee Hook - Back Press Away,Knee Hang Variation,,variations,,,,,,,lyra,116f56c0-ba60-4d21-84d0-43bc40d2cb30,ff1e39fa-eb34-4d7d-8ba7-09374c009d20,23c02814-af5d-43b0-b76b-30516fa328fa,,,35327f2b-9205-440f-8e38-f6da18f4dd54,35327f2b-9205-440f-8e38-f6da18f4dd54,2025-07-06T18:15:17.755Z,2025-07-06T18:15:17.755Z,,,,ff1e39fa-eb34-4d7d-8ba7-09374c009d20--23c02814-af5d-43b0-b76b-30516fa328fa
Inside Mermaid - Split Leg,Inside Mermaid - Flamenco Grip,Inside Mermaid Variation,,variations,,,,,,,lyra,1426e487-9422-481f-ada9-f84f6b2b17b8,24ceccae-4b17-417e-911f-665516463704,74e4c4a4-c5b3-4e53-80f0-3e3a5a8326bb,,,35327f2b-9205-440f-8e38-f6da18f4dd54,35327f2b-9205-440f-8e38-f6da18f4dd54,2025-07-06T18:15:17.755Z,2025-07-06T18:15:17.755Z,,,,24ceccae-4b17-417e-911f-665516463704--74e4c4a4-c5b3-4e53-80f0-3e3a5a8326bb
Inside Mermaid - Flamenco Grip,Inside Mermaid - Split Leg,Inside Mermaid Variation,,variations,,,,,,,lyra,152077c0-0bb0-404e-bab2-6a8361d1c076,74e4c4a4-c5b3-4e53-80f0-3e3a5a8326bb,24ceccae-4b17-417e-911f-665516463704,,,35327f2b-9205-440f-8e38-f6da18f4dd54,35327f2b-9205-440f-8e38-f6da18f4dd54,2025-07-06T18:15:17.755Z,2025-07-06T18:15:17.755Z,,,,74e4c4a4-c5b3-4e53-80f0-3e3a5a8326bb--24ceccae-4b17-417e-911f-665516463704
Pencil Stag Legs - Bottom Bar,Pencil Straddle Split - Bottom Bar,Pencil Variation,,variations,,,,,,,lyra,66f1b58a-5ace-4a61-82c7-f0d54517e626,24f376ee-dd4d-47cd-ab0e-1df246c5fef4,a1dd1979-d7e9-4c22-9a65-80dfae6e3f1f,,,35327f2b-9205-440f-8e38-f6da18f4dd54,35327f2b-9205-440f-8e38-f6da18f4dd54,2025-07-06T18:15:17.755Z,2025-07-06T18:15:17.755Z,,,,24f376ee-dd4d-47cd-ab0e-1df246c5fef4--a1dd1979-d7e9-4c22-9a65-80dfae6e3f1f
Pencil Straddle Split - Bottom Bar,Pencil Stag Legs - Bottom Bar,Pencil Variation,,variations,,,,,,,lyra,7adb747e-4945-4664-81f6-631978634e87,a1dd1979-d7e9-4c22-9a65-80dfae6e3f1f,24f376ee-dd4d-47cd-ab0e-1df246c5fef4,,,35327f2b-9205-440f-8e38-f6da18f4dd54,35327f2b-9205-440f-8e38-f6da18f4dd54,2025-07-06T18:15:17.755Z,2025-07-06T18:15:17.755Z,,,,a1dd1979-d7e9-4c22-9a65-80dfae6e3f1f--24f376ee-dd4d-47cd-ab0e-1df246c5fef4
Pencil Stag Legs - Bottom Bar,Pencil - Bottom Bar,Pencil Variation,,variations,,,,,,,lyra,e946c727-ec26-4d96-95c5-74359d20d5e3,24f376ee-dd4d-47cd-ab0e-1df246c5fef4,eb1893ff-d2e4-49dd-9b78-7d2cf9ba010c,,,35327f2b-9205-440f-8e38-f6da18f4dd54,35327f2b-9205-440f-8e38-f6da18f4dd54,2025-07-06T18:15:17.755Z,2025-07-06T18:15:17.755Z,,,,24f376ee-dd4d-47cd-ab0e-1df246c5fef4--eb1893ff-d2e4-49dd-9b78-7d2cf9ba010c
Pencil - Bottom Bar,Pencil Stag Legs - Bottom Bar,Pencil Variation,,variations,,,,,,,lyra,7d6b7447-32ec-46c6-98dd-e25763686b0e,eb1893ff-d2e4-49dd-9b78-7d2cf9ba010c,24f376ee-dd4d-47cd-ab0e-1df246c5fef4,,,35327f2b-9205-440f-8e38-f6da18f4dd54,35327f2b-9205-440f-8e38-f6da18f4dd54,2025-07-06T18:15:17.755Z,2025-07-06T18:15:17.755Z,,,,eb1893ff-d2e4-49dd-9b78-7d2cf9ba010c--24f376ee-dd4d-47cd-ab0e-1df246c5fef4
High Outside Mermaid,Outside Mermaid - Crossed Legs,Outside Mermaid Variation,,variations,,,,,,,lyra,aa7a03fa-82a9-46e6-a39a-4981d94f6ea2,2b3c9830-3dff-4b03-accf-ffc5d6c3c39e,44b917bc-d7a4-46d4-b5c0-f420bf169ca5,,,35327f2b-9205-440f-8e38-f6da18f4dd54,35327f2b-9205-440f-8e38-f6da18f4dd54,2025-07-06T18:15:17.755Z,2025-07-06T18:15:17.755Z,,,,2b3c9830-3dff-4b03-accf-ffc5d6c3c39e--44b917bc-d7a4-46d4-b5c0-f420bf169ca5
Outside Mermaid - Crossed Legs,High Outside Mermaid,Outside Mermaid Variation,,variations,,,,,,,lyra,c09a6abb-d38f-4e5a-8abc-ee9d519945d9,44b917bc-d7a4-46d4-b5c0-f420bf169ca5,2b3c9830-3dff-4b03-accf-ffc5d6c3c39e,,,35327f2b-9205-440f-8e38-f6da18f4dd54,35327f2b-9205-440f-8e38-f6da18f4dd54,2025-07-06T18:15:17.755Z,2025-07-06T18:15:17.755Z,,,,44b917bc-d7a4-46d4-b5c0-f420bf169ca5--2b3c9830-3dff-4b03-accf-ffc5d6c3c39e
High Outside Mermaid,Low Outside Mermaid,Outside Mermaid Variation,,variations,,,,,,,lyra,7916e1af-01ae-4c13-b641-73cac1b1bb86,2b3c9830-3dff-4b03-accf-ffc5d6c3c39e,a2ee85ec-4165-4304-84f8-c82d0130b590,,,35327f2b-9205-440f-8e38-f6da18f4dd54,35327f2b-9205-440f-8e38-f6da18f4dd54,2025-07-06T18:15:17.755Z,2025-07-06T18:15:17.755Z,,,,2b3c9830-3dff-4b03-accf-ffc5d6c3c39e--a2ee85ec-4165-4304-84f8-c82d0130b590
Low Outside Mermaid,High Outside Mermaid,Outside Mermaid Variation,,variations,,,,,,,lyra,0e4b88e6-d1cb-4ce7-9708-830a9f65eff4,a2ee85ec-4165-4304-84f8-c82d0130b590,2b3c9830-3dff-4b03-accf-ffc5d6c3c39e,,,35327f2b-9205-440f-8e38-f6da18f4dd54,35327f2b-9205-440f-8e38-f6da18f4dd54,2025-07-06T18:15:17.755Z,2025-07-06T18:15:17.755Z,,,,a2ee85ec-4165-4304-84f8-c82d0130b590--2b3c9830-3dff-4b03-accf-ffc5d6c3c39e
High Outside Mermaid,Outside Mermaid - Arabesque,Outside Mermaid Variation,,variations,,,,,,,lyra,3cd4e4d9-b7f7-45a2-b731-31ed2f1ca901,2b3c9830-3dff-4b03-accf-ffc5d6c3c39e,af36b11d-b2e3-4688-8cb7-0a7d1866e032,,,35327f2b-9205-440f-8e38-f6da18f4dd54,35327f2b-9205-440f-8e38-f6da18f4dd54,2025-07-06T18:15:17.755Z,2025-07-06T18:15:17.755Z,,,,2b3c9830-3dff-4b03-accf-ffc5d6c3c39e--af36b11d-b2e3-4688-8cb7-0a7d1866e032
Outside Mermaid - Arabesque,High Outside Mermaid,Outside Mermaid Variation,,variations,,,,,,,lyra,ef84a0d0-b3bf-46d6-9290-4ce1444f3639,af36b11d-b2e3-4688-8cb7-0a7d1866e032,2b3c9830-3dff-4b03-accf-ffc5d6c3c39e,,,35327f2b-9205-440f-8e38-f6da18f4dd54,35327f2b-9205-440f-8e38-f6da18f4dd54,2025-07-06T18:15:17.755Z,2025-07-06T18:15:17.755Z,,,,af36b11d-b2e3-4688-8cb7-0a7d1866e032--2b3c9830-3dff-4b03-accf-ffc5d6c3c39e
Low Layout,High Layout - One Hand,Layout Variation,,variations,,,,,,,lyra,a154d863-cc22-415b-bb11-6afc3883bf9b,307eecc5-c623-43ff-842a-f153146dfbfa,3884bf91-d318-47c0-a071-44c6b81b3c0c,,,35327f2b-9205-440f-8e38-f6da18f4dd54,35327f2b-9205-440f-8e38-f6da18f4dd54,2025-07-06T18:15:17.755Z,2025-07-06T18:15:17.755Z,,,,307eecc5-c623-43ff-842a-f153146dfbfa--3884bf91-d318-47c0-a071-44c6b81b3c0c
High Layout - One Hand,Low Layout,Layout Variation,,variations,,,,,,,lyra,dca92174-5b95-4f11-889f-0d7227a6d9f3,3884bf91-d318-47c0-a071-44c6b81b3c0c,307eecc5-c623-43ff-842a-f153146dfbfa,,,35327f2b-9205-440f-8e38-f6da18f4dd54,35327f2b-9205-440f-8e38-f6da18f4dd54,2025-07-06T18:15:17.755Z,2025-07-06T18:15:17.755Z,,,,3884bf91-d318-47c0-a071-44c6b81b3c0c--307eecc5-c623-43ff-842a-f153146dfbfa
Low Layout,Low Layout - Arabesque,Layout Variation,,variations,,,,,,,lyra,01ee5cd5-cb64-4512-ada1-cc8f74726f76,307eecc5-c623-43ff-842a-f153146dfbfa,52326130-f1a1-4f9e-b6da-cdcf971e00a8,,,35327f2b-9205-440f-8e38-f6da18f4dd54,35327f2b-9205-440f-8e38-f6da18f4dd54,2025-07-06T18:15:17.755Z,2025-07-06T18:15:17.755Z,,,,307eecc5-c623-43ff-842a-f153146dfbfa--52326130-f1a1-4f9e-b6da-cdcf971e00a8
Low Layout - Arabesque,Low Layout,Layout Variation,,variations,,,,,,,lyra,679b4838-6294-4669-b542-9ac8336966be,52326130-f1a1-4f9e-b6da-cdcf971e00a8,307eecc5-c623-43ff-842a-f153146dfbfa,,,35327f2b-9205-440f-8e38-f6da18f4dd54,35327f2b-9205-440f-8e38-f6da18f4dd54,2025-07-06T18:15:17.755Z,2025-07-06T18:15:17.755Z,,,,52326130-f1a1-4f9e-b6da-cdcf971e00a8--307eecc5-c623-43ff-842a-f153146dfbfa
Low Layout,High Layout - Two Hands,Layout Variation,,variations,,,,,,,lyra,b6a69aee-85eb-4cfc-b28f-a214f0159399,307eecc5-c623-43ff-842a-f153146dfbfa,5d490a03-fdcc-4da1-81ad-9ba854d49a89,,,35327f2b-9205-440f-8e38-f6da18f4dd54,35327f2b-9205-440f-8e38-f6da18f4dd54,2025-07-06T18:15:17.755Z,2025-07-06T18:15:17.755Z,,,,307eecc5-c623-43ff-842a-f153146dfbfa--5d490a03-fdcc-4da1-81ad-9ba854d49a89
High Layout - Two Hands,Low Layout,Layout Variation,,variations,,,,,,,lyra,4198fb60-6101-464d-b3df-b33efbda6aa8,5d490a03-fdcc-4da1-81ad-9ba854d49a89,307eecc5-c623-43ff-842a-f153146dfbfa,,,35327f2b-9205-440f-8e38-f6da18f4dd54,35327f2b-9205-440f-8e38-f6da18f4dd54,2025-07-06T18:15:17.755Z,2025-07-06T18:15:17.755Z,,,,5d490a03-fdcc-4da1-81ad-9ba854d49a89--307eecc5-c623-43ff-842a-f153146dfbfa
Man in Moon Straddle,Man in the Moon,Man in the Moon Variation,,variations,,,,,,,lyra,29a6a14c-9a35-48a9-976c-a48e3e9de902,32a3207d-858f-429f-85af-34843221c65d,7fa27e26-9959-4d13-8da1-d2751fff94ec,,,35327f2b-9205-440f-8e38-f6da18f4dd54,35327f2b-9205-440f-8e38-f6da18f4dd54,2025-07-06T18:15:17.755Z,2025-07-06T18:15:17.755Z,,,,32a3207d-858f-429f-85af-34843221c65d--7fa27e26-9959-4d13-8da1-d2751fff94ec
Man in the Moon,Man in Moon Straddle,Man in the Moon Variation,,variations,,,,,,,lyra,7431a382-a636-414e-bd38-f79aa04daa03,7fa27e26-9959-4d13-8da1-d2751fff94ec,32a3207d-858f-429f-85af-34843221c65d,,,35327f2b-9205-440f-8e38-f6da18f4dd54,35327f2b-9205-440f-8e38-f6da18f4dd54,2025-07-06T18:15:17.755Z,2025-07-06T18:15:17.755Z,,,,7fa27e26-9959-4d13-8da1-d2751fff94ec--32a3207d-858f-429f-85af-34843221c65d
Seated - Bottom Bar,Butt Shelf - Hands On - Wide Legs,fan kick to butt shelf,,,"One hand on belly, one hand on bottom posting again bar. Fankick opposite leg of posted arm across and around the hoop (like clock) as you scoot the booty off and come into buttshelf. Posting against the bar is crucial because it takes some of the weight off your butt, allowing for a smoother transition.",,,,,,lyra,8f9228b9-a85c-41a5-b5ae-3c07c41ed136,34902490-04e9-4ef6-9140-1125d147cce8,1e06ad5d-4b41-4ea2-bee9-769643d4710f,,,35327f2b-9205-440f-8e38-f6da18f4dd54,35327f2b-9205-440f-8e38-f6da18f4dd54,2025-06-16T18:15:17.755Z,2025-06-16T18:15:17.755Z,0,,,34902490-04e9-4ef6-9140-1125d147cce8--1e06ad5d-4b41-4ea2-bee9-769643d4710f
Seated - Bottom Bar,Standing On Ground,Toe Kisses from Top Bar,,exit,"From seated on bottom bar, 
put hands between tabs. 
Engage back and arms and slowly lower body off of hoop and down. 
While lowering, kicking legs out as though you are walking.",,,,,,lyra,a01fcd64-c70e-4d9c-b068-50bc24924a77,34902490-04e9-4ef6-9140-1125d147cce8,50d8bbd1-28f0-4303-b1c9-a26a96f236af,,,35327f2b-9205-440f-8e38-f6da18f4dd54,35327f2b-9205-440f-8e38-f6da18f4dd54,2025-05-02T18:15:17.755Z,2025-05-02T18:15:17.755Z,0,,,34902490-04e9-4ef6-9140-1125d147cce8--50d8bbd1-28f0-4303-b1c9-a26a96f236af
Seated - Bottom Bar,Flamingo,,,,"Seated on bottom bar. 
One foot bar is at toe pit. 
Pull up to Flamingo. ",,,,Dorsiflexion of the ankle/foot can make this challenging if mobility is not achievable.,,lyra,3390fa07-cabe-43f4-86ba-3e78813d57b2,34902490-04e9-4ef6-9140-1125d147cce8,530941e0-9455-4fdf-998c-e769c044da47,,,35327f2b-9205-440f-8e38-f6da18f4dd54,35327f2b-9205-440f-8e38-f6da18f4dd54,2025-05-02T18:15:17.755Z,2025-05-02T18:15:17.755Z,0,,,34902490-04e9-4ef6-9140-1125d147cce8--530941e0-9455-4fdf-998c-e769c044da47
Seated - Bottom Bar,Seated Forward Roll - Legs Straight,,,roll,,,,,,,lyra,ae7a97bc-157b-4ed0-bd80-d62a43ed1a58,34902490-04e9-4ef6-9140-1125d147cce8,580a91c1-51b4-4ed3-8f7c-b7d6412de6d4,,,35327f2b-9205-440f-8e38-f6da18f4dd54,35327f2b-9205-440f-8e38-f6da18f4dd54,2025-07-06T18:15:17.755Z,2025-07-06T18:15:17.755Z,,,,34902490-04e9-4ef6-9140-1125d147cce8--580a91c1-51b4-4ed3-8f7c-b7d6412de6d4
Seated - Bottom Bar,Seated Forward Roll - Legs Bent,,,roll,,,,,,,lyra,d41ec37a-00e5-47ae-876d-8c60d28f18e7,34902490-04e9-4ef6-9140-1125d147cce8,82c1e666-0688-40fe-b64a-0d1b381c78ff,,,35327f2b-9205-440f-8e38-f6da18f4dd54,35327f2b-9205-440f-8e38-f6da18f4dd54,2025-07-06T18:15:17.755Z,2025-07-06T18:15:17.755Z,,,,34902490-04e9-4ef6-9140-1125d147cce8--82c1e666-0688-40fe-b64a-0d1b381c78ff
High Layout - One Hand,High Layout - Two Hands,Layout Variation,,variations,,,,,,,lyra,3d1c5003-1938-4761-a5ac-b1547447815b,3884bf91-d318-47c0-a071-44c6b81b3c0c,5d490a03-fdcc-4da1-81ad-9ba854d49a89,,,35327f2b-9205-440f-8e38-f6da18f4dd54,35327f2b-9205-440f-8e38-f6da18f4dd54,2025-07-06T18:15:17.755Z,2025-07-06T18:15:17.755Z,,,,3884bf91-d318-47c0-a071-44c6b81b3c0c--5d490a03-fdcc-4da1-81ad-9ba854d49a89
High Layout - Two Hands,High Layout - One Hand,Layout Variation,,variations,,,,,,,lyra,1d7d9c27-ab89-482f-b23c-ded34afdc158,5d490a03-fdcc-4da1-81ad-9ba854d49a89,3884bf91-d318-47c0-a071-44c6b81b3c0c,,,35327f2b-9205-440f-8e38-f6da18f4dd54,35327f2b-9205-440f-8e38-f6da18f4dd54,2025-07-06T18:15:17.755Z,2025-07-06T18:15:17.755Z,,,,5d490a03-fdcc-4da1-81ad-9ba854d49a89--3884bf91-d318-47c0-a071-44c6b81b3c0c
Gazelle - Hands On,Gazelle - Twist Full Split ,Gazelle Variation,,variations,,,,,,,lyra,782af80e-7492-4661-a44c-4acc1196d214,39cba776-1df7-4f24-9bee-26b3268f3168,01d7e3ba-4d8b-4e7e-a672-7f2e464ce6dd,,,35327f2b-9205-440f-8e38-f6da18f4dd54,35327f2b-9205-440f-8e38-f6da18f4dd54,2025-07-06T18:15:17.755Z,2025-07-06T18:15:17.755Z,,,,39cba776-1df7-4f24-9bee-26b3268f3168--01d7e3ba-4d8b-4e7e-a672-7f2e464ce6dd
Gazelle - Twist Full Split ,Gazelle - Hands On,Gazelle Variation,,variations,,,,,,,lyra,8d74e246-9298-4623-8a88-386afe35d19a,01d7e3ba-4d8b-4e7e-a672-7f2e464ce6dd,39cba776-1df7-4f24-9bee-26b3268f3168,,,35327f2b-9205-440f-8e38-f6da18f4dd54,35327f2b-9205-440f-8e38-f6da18f4dd54,2025-07-06T18:15:17.755Z,2025-07-06T18:15:17.755Z,,,,01d7e3ba-4d8b-4e7e-a672-7f2e464ce6dd--39cba776-1df7-4f24-9bee-26b3268f3168
Gazelle - Hands On,Gazelle - Front Split,Gazelle Variation,,variations,,,,,,,lyra,dbe5411c-7fd7-4990-8122-c73aa13656e1,39cba776-1df7-4f24-9bee-26b3268f3168,53ec54bc-5c33-4319-8baf-93f248d6751b,,,35327f2b-9205-440f-8e38-f6da18f4dd54,35327f2b-9205-440f-8e38-f6da18f4dd54,2025-07-06T18:15:17.755Z,2025-07-06T18:15:17.755Z,,,,39cba776-1df7-4f24-9bee-26b3268f3168--53ec54bc-5c33-4319-8baf-93f248d6751b
Gazelle - Front Split,Gazelle - Hands On,Gazelle Variation,,variations,,,,,,,lyra,0842d44d-30c5-41d5-ae64-6a7ebfad85c7,53ec54bc-5c33-4319-8baf-93f248d6751b,39cba776-1df7-4f24-9bee-26b3268f3168,,,35327f2b-9205-440f-8e38-f6da18f4dd54,35327f2b-9205-440f-8e38-f6da18f4dd54,2025-07-06T18:15:17.755Z,2025-07-06T18:15:17.755Z,,,,53ec54bc-5c33-4319-8baf-93f248d6751b--39cba776-1df7-4f24-9bee-26b3268f3168
Gazelle - Hands On,Hip Hang,,,,Start from Gazelle with cross grip. Bottom hand lowers to bottom bar with palm up. Curl in a ball towards hands and transition to Hip Hang.,,,,,,lyra,b3bf0784-8afd-4e46-b110-0a73da65ae8e,39cba776-1df7-4f24-9bee-26b3268f3168,6cc4b235-ffc4-4813-8f94-2b127f0ba5ce,,,35327f2b-9205-440f-8e38-f6da18f4dd54,35327f2b-9205-440f-8e38-f6da18f4dd54,2025-06-16T18:15:17.755Z,2025-06-16T18:15:17.755Z,0,,,39cba776-1df7-4f24-9bee-26b3268f3168--6cc4b235-ffc4-4813-8f94-2b127f0ba5ce
Gazelle - Hands On,Gazelle - One Hand Knee,Gazelle Variation,,variations,,,,,,,lyra,aa596eea-e4f7-40df-ab5d-383fe314c177,39cba776-1df7-4f24-9bee-26b3268f3168,944016d7-c0ec-4fc9-9317-db719d5d6c3f,,,35327f2b-9205-440f-8e38-f6da18f4dd54,35327f2b-9205-440f-8e38-f6da18f4dd54,2025-07-06T18:15:17.755Z,2025-07-06T18:15:17.755Z,,,,39cba776-1df7-4f24-9bee-26b3268f3168--944016d7-c0ec-4fc9-9317-db719d5d6c3f
Gazelle - One Hand Knee,Gazelle - Hands On,Gazelle Variation,,variations,,,,,,,lyra,dc0a0e69-6d63-49f4-8e6d-a67c20c6d283,944016d7-c0ec-4fc9-9317-db719d5d6c3f,39cba776-1df7-4f24-9bee-26b3268f3168,,,35327f2b-9205-440f-8e38-f6da18f4dd54,35327f2b-9205-440f-8e38-f6da18f4dd54,2025-07-06T18:15:17.755Z,2025-07-06T18:15:17.755Z,,,,944016d7-c0ec-4fc9-9317-db719d5d6c3f--39cba776-1df7-4f24-9bee-26b3268f3168
Gazelle - Hands On,Gazelle - No Hands,Gazelle Variation,,variations,,,,,,,lyra,ca82dfc3-fd9f-403a-9c72-ea55cfe77ac6,39cba776-1df7-4f24-9bee-26b3268f3168,abd9185c-8e36-4ed5-bbe3-de87acdf47bf,,,35327f2b-9205-440f-8e38-f6da18f4dd54,35327f2b-9205-440f-8e38-f6da18f4dd54,2025-07-06T18:15:17.755Z,2025-07-06T18:15:17.755Z,,,,39cba776-1df7-4f24-9bee-26b3268f3168--abd9185c-8e36-4ed5-bbe3-de87acdf47bf
Gazelle - No Hands,Gazelle - Hands On,Gazelle Variation,,variations,,,,,,,lyra,cef84556-3f50-4030-91f6-5bbda0f3a282,abd9185c-8e36-4ed5-bbe3-de87acdf47bf,39cba776-1df7-4f24-9bee-26b3268f3168,,,35327f2b-9205-440f-8e38-f6da18f4dd54,35327f2b-9205-440f-8e38-f6da18f4dd54,2025-07-06T18:15:17.755Z,2025-07-06T18:15:17.755Z,,,,abd9185c-8e36-4ed5-bbe3-de87acdf47bf--39cba776-1df7-4f24-9bee-26b3268f3168
Gazelle - Hands On,Gazelle - Twist Half Split,Gazelle Variation,,variations,,,,,,,lyra,f8bbb8a2-4f51-4103-9433-58a9163c0cf8,39cba776-1df7-4f24-9bee-26b3268f3168,fb33d765-57e1-4169-8f7d-275615955851,,,35327f2b-9205-440f-8e38-f6da18f4dd54,35327f2b-9205-440f-8e38-f6da18f4dd54,2025-07-06T18:15:17.755Z,2025-07-06T18:15:17.755Z,,,,39cba776-1df7-4f24-9bee-26b3268f3168--fb33d765-57e1-4169-8f7d-275615955851
Gazelle - Twist Half Split,Gazelle - Hands On,Gazelle Variation,,variations,,,,,,,lyra,b1c34de8-cd72-4e7b-8393-81e1f21bc6c7,fb33d765-57e1-4169-8f7d-275615955851,39cba776-1df7-4f24-9bee-26b3268f3168,,,35327f2b-9205-440f-8e38-f6da18f4dd54,35327f2b-9205-440f-8e38-f6da18f4dd54,2025-07-06T18:15:17.755Z,2025-07-06T18:15:17.755Z,,,,fb33d765-57e1-4169-8f7d-275615955851--39cba776-1df7-4f24-9bee-26b3268f3168
Double Knee Hang - No Hands - Top Bar,Double Knee Hang - Back Press Away - Top Bar ,Knee Hang Variation,,variations,,,,,,,lyra,a6b9310f-9e92-409c-91f3-d5226e180b12,3b061ed3-fd82-4bd1-9bec-a7bdcb8d91ca,62251bc1-52a9-4cbd-a2c9-fb8cd2c7bd7f,,,35327f2b-9205-440f-8e38-f6da18f4dd54,35327f2b-9205-440f-8e38-f6da18f4dd54,2025-07-06T18:15:17.755Z,2025-07-06T18:15:17.755Z,,,,3b061ed3-fd82-4bd1-9bec-a7bdcb8d91ca--62251bc1-52a9-4cbd-a2c9-fb8cd2c7bd7f
Double Knee Hang - Back Press Away - Top Bar ,Double Knee Hang - No Hands - Top Bar,Knee Hang Variation,,variations,,,,,,,lyra,4157a880-ff58-4acd-911b-2ef533b1da0f,62251bc1-52a9-4cbd-a2c9-fb8cd2c7bd7f,3b061ed3-fd82-4bd1-9bec-a7bdcb8d91ca,,,35327f2b-9205-440f-8e38-f6da18f4dd54,35327f2b-9205-440f-8e38-f6da18f4dd54,2025-07-06T18:15:17.755Z,2025-07-06T18:15:17.755Z,,,,62251bc1-52a9-4cbd-a2c9-fb8cd2c7bd7f--3b061ed3-fd82-4bd1-9bec-a7bdcb8d91ca
Double Knee Hang - No Hands - Top Bar,Double Knee Hang - Front Press Away - Top Bar ,Knee Hang Variation,,variations,,,,,,,lyra,eb486181-853a-4032-a8a6-c2f3bfa3515a,3b061ed3-fd82-4bd1-9bec-a7bdcb8d91ca,6709e9e5-d356-4dd4-8513-86aa4acc11bf,,,35327f2b-9205-440f-8e38-f6da18f4dd54,35327f2b-9205-440f-8e38-f6da18f4dd54,2025-07-06T18:15:17.755Z,2025-07-06T18:15:17.755Z,,,,3b061ed3-fd82-4bd1-9bec-a7bdcb8d91ca--6709e9e5-d356-4dd4-8513-86aa4acc11bf
Double Knee Hang - Front Press Away - Top Bar ,Double Knee Hang - No Hands - Top Bar,Knee Hang Variation,,variations,,,,,,,lyra,5f7b9272-5bbd-457e-a038-6616129854ce,6709e9e5-d356-4dd4-8513-86aa4acc11bf,3b061ed3-fd82-4bd1-9bec-a7bdcb8d91ca,,,35327f2b-9205-440f-8e38-f6da18f4dd54,35327f2b-9205-440f-8e38-f6da18f4dd54,2025-07-06T18:15:17.755Z,2025-07-06T18:15:17.755Z,,,,6709e9e5-d356-4dd4-8513-86aa4acc11bf--3b061ed3-fd82-4bd1-9bec-a7bdcb8d91ca
Double Knee Hang - No Hands - Top Bar,Double Knee Hang - Hands Low - Top Bar ,Knee Hang Variation,,variations,,,,,,,lyra,10000bae-c145-429d-9fea-26421874588b,3b061ed3-fd82-4bd1-9bec-a7bdcb8d91ca,92015d72-5ec9-4d1d-b5a7-5feaa8b46f42,,,35327f2b-9205-440f-8e38-f6da18f4dd54,35327f2b-9205-440f-8e38-f6da18f4dd54,2025-07-06T18:15:17.755Z,2025-07-06T18:15:17.755Z,,,,3b061ed3-fd82-4bd1-9bec-a7bdcb8d91ca--92015d72-5ec9-4d1d-b5a7-5feaa8b46f42
Double Knee Hang - Hands Low - Top Bar ,Double Knee Hang - No Hands - Top Bar,Knee Hang Variation,,variations,,,,,,,lyra,302c8bed-70db-49d9-841e-c681d2f81c6f,92015d72-5ec9-4d1d-b5a7-5feaa8b46f42,3b061ed3-fd82-4bd1-9bec-a7bdcb8d91ca,,,35327f2b-9205-440f-8e38-f6da18f4dd54,35327f2b-9205-440f-8e38-f6da18f4dd54,2025-07-06T18:15:17.755Z,2025-07-06T18:15:17.755Z,,,,92015d72-5ec9-4d1d-b5a7-5feaa8b46f42--3b061ed3-fd82-4bd1-9bec-a7bdcb8d91ca
Double Knee Hang - No Hands - Top Bar,Double Knee Hang - Hands High - Top Bar ,Knee Hang Variation,,variations,,,,,,,lyra,12768e1c-e73c-470d-885e-cb2a20d081e0,3b061ed3-fd82-4bd1-9bec-a7bdcb8d91ca,d869ac14-43fe-44d3-8de8-cadaec99db0f,,,35327f2b-9205-440f-8e38-f6da18f4dd54,35327f2b-9205-440f-8e38-f6da18f4dd54,2025-07-06T18:15:17.755Z,2025-07-06T18:15:17.755Z,,,,3b061ed3-fd82-4bd1-9bec-a7bdcb8d91ca--d869ac14-43fe-44d3-8de8-cadaec99db0f
Double Knee Hang - Hands High - Top Bar ,Double Knee Hang - No Hands - Top Bar,Knee Hang Variation,,variations,,,,,,,lyra,8a8a0b7d-6eea-4de3-bb0f-73881e71aedf,d869ac14-43fe-44d3-8de8-cadaec99db0f,3b061ed3-fd82-4bd1-9bec-a7bdcb8d91ca,,,35327f2b-9205-440f-8e38-f6da18f4dd54,35327f2b-9205-440f-8e38-f6da18f4dd54,2025-07-06T18:15:17.755Z,2025-07-06T18:15:17.755Z,,,,d869ac14-43fe-44d3-8de8-cadaec99db0f--3b061ed3-fd82-4bd1-9bec-a7bdcb8d91ca
Scissor Seat,Russian Roll,,,,,,,,,,lyra,1c6611f1-dc1e-471d-9690-9193f5eab1f0,40796406-430d-42f2-a80a-5e5012f8cc53,fc91cec6-2b3f-48b5-88d0-acbd98406e7f,,,35327f2b-9205-440f-8e38-f6da18f4dd54,35327f2b-9205-440f-8e38-f6da18f4dd54,2025-05-02T18:15:17.755Z,2025-05-02T18:15:17.755Z,0,,,40796406-430d-42f2-a80a-5e5012f8cc53--fc91cec6-2b3f-48b5-88d0-acbd98406e7f
Inside Lion Roll - Split Hands,Inside Lion,Inside Lion Roll - Split Hands,,roll,,,,,,,lyra,ac792216-837c-4ed9-a3df-ea001f809c0f,414c7b42-3d29-48d4-a048-34637579a29b,550a68c4-b000-41e5-b236-a62290d6f8b8,,,35327f2b-9205-440f-8e38-f6da18f4dd54,35327f2b-9205-440f-8e38-f6da18f4dd54,2025-07-06T18:15:17.755Z,2025-07-06T18:15:17.755Z,,,,414c7b42-3d29-48d4-a048-34637579a29b--550a68c4-b000-41e5-b236-a62290d6f8b8
Inside Lion,Inside Lion Roll - Split Hands,Inside Lion Roll - Split Hands,,roll,,,,,,,lyra,a8d9efc4-18f0-46b1-b853-03c444f4840b,550a68c4-b000-41e5-b236-a62290d6f8b8,414c7b42-3d29-48d4-a048-34637579a29b,,,35327f2b-9205-440f-8e38-f6da18f4dd54,35327f2b-9205-440f-8e38-f6da18f4dd54,2025-07-06T18:15:17.755Z,2025-07-06T18:15:17.755Z,,,,550a68c4-b000-41e5-b236-a62290d6f8b8--414c7b42-3d29-48d4-a048-34637579a29b
Standing On Ground Side of Hoop,Candlestick,Candlestick Entrance,,,"Both hands on one side of the hoop. 
Engage back and draw shoulders away from ears. 
Pull up so hanging from hands. 
One leg on either side of hoop. 
One leg goes in hoop, other goes in and crosses for candlestick pose.",,,,,,lyra,094b958c-e8cf-4015-b772-fe64b02f4e30,424044da-412f-42b9-908d-4bbf2a1a8a15,2f51715a-f4e4-43e0-bb3f-63c5ab42ff4d,,,35327f2b-9205-440f-8e38-f6da18f4dd54,35327f2b-9205-440f-8e38-f6da18f4dd54,2025-05-02T18:15:17.755Z,2025-05-02T18:15:17.755Z,0,,,424044da-412f-42b9-908d-4bbf2a1a8a15--2f51715a-f4e4-43e0-bb3f-63c5ab42ff4d
Standing On Ground Side of Hoop,Seated - Bottom Bar,Vine Crawl,,entrance,"Both hands on one side of the hoop. 
One leg goes in hoop. 
Climb hands up to top bar and bring leg in to come to seated.",,,,,,lyra,b12aed76-76ff-4d24-9dcb-50c97a90a9b2,424044da-412f-42b9-908d-4bbf2a1a8a15,34902490-04e9-4ef6-9140-1125d147cce8,,,35327f2b-9205-440f-8e38-f6da18f4dd54,35327f2b-9205-440f-8e38-f6da18f4dd54,2025-05-02T18:15:17.755Z,2025-05-02T18:15:17.755Z,0,,,424044da-412f-42b9-908d-4bbf2a1a8a15--34902490-04e9-4ef6-9140-1125d147cce8
Standing On Ground Side of Hoop,Scissor Seat,Chest to Bar Entrance,,entrance,"Both hands on one side of the hoop. 
Engage back and draw shoulders away from ears. 
Pull up so hanging from hands. 
Chest should be very close to bar. 
Can make multiple shapes here (pencil, knees bent behind, one leg straight and one leg bent). 
Get into hoop by putting one leg in and climbing up that side.",,,,,,lyra,39988d27-18d3-4fa2-9b65-91d097510930,424044da-412f-42b9-908d-4bbf2a1a8a15,40796406-430d-42f2-a80a-5e5012f8cc53,,,35327f2b-9205-440f-8e38-f6da18f4dd54,35327f2b-9205-440f-8e38-f6da18f4dd54,2025-05-02T18:15:17.755Z,2025-05-02T18:15:17.755Z,0,,,424044da-412f-42b9-908d-4bbf2a1a8a15--40796406-430d-42f2-a80a-5e5012f8cc53
Standing On Ground Side of Hoop,Outside Knee Hook - Both Legs,Staddle Back Side Entrance,,entrance,"Stand to front side of hoop.  
Whatever side of the body is closest to the hoop, that hand is on top in a cross grip.  
Straddle Back and leg closest to the hoop hooks in an outside knee hook.",,,,,,lyra,bacb2fc9-b3d3-4358-80c9-3e3e69a47ac8,424044da-412f-42b9-908d-4bbf2a1a8a15,861b9f5a-25df-494b-99b4-31fc17b70dcb,,,35327f2b-9205-440f-8e38-f6da18f4dd54,35327f2b-9205-440f-8e38-f6da18f4dd54,2025-05-02T18:15:17.755Z,2025-05-02T18:15:17.755Z,0,https://drive.google.com/open?id=1holaf41BKUIWLilVT5Ux6gigmqK6pZGD&usp=drive_fs,,424044da-412f-42b9-908d-4bbf2a1a8a15--861b9f5a-25df-494b-99b4-31fc17b70dcb
Standing On Ground Side of Hoop,Outside Knee Hook - One Leg,Staddle Back Side Entrance,,entrance,"Stand to front side of hoop.  
Whatever side of the body is closest to the hoop, that hand is on top in a cross grip.  
Straddle Back and leg closest to the hoop hooks in an outside knee hook.",,,,,,lyra,144c0438-4c2c-4705-af94-c91f94140407,424044da-412f-42b9-908d-4bbf2a1a8a15,a7526897-1a18-46b3-8578-015591a85a69,,,35327f2b-9205-440f-8e38-f6da18f4dd54,35327f2b-9205-440f-8e38-f6da18f4dd54,2025-05-02T18:15:17.755Z,2025-05-02T18:15:17.755Z,0,https://drive.google.com/open?id=1holaf41BKUIWLilVT5Ux6gigmqK6pZGD&usp=drive_fs,,424044da-412f-42b9-908d-4bbf2a1a8a15--a7526897-1a18-46b3-8578-015591a85a69
Pencil Front Split - Top Bar ,Pencil Tick Tocks - Top Bar ,Pencil Variation,,variations,,,,,,,lyra,dcf472f0-e3a1-4c11-9a79-45e4d0c04f1c,4f613ebc-db27-4002-b1f1-86e1f6fc47a2,1a9470e8-8ab1-4b9d-9f10-48c162489870,,,35327f2b-9205-440f-8e38-f6da18f4dd54,35327f2b-9205-440f-8e38-f6da18f4dd54,2025-07-06T18:15:17.755Z,2025-07-06T18:15:17.755Z,,,,4f613ebc-db27-4002-b1f1-86e1f6fc47a2--1a9470e8-8ab1-4b9d-9f10-48c162489870
Pencil Tick Tocks - Top Bar ,Pencil Front Split - Top Bar ,Pencil Variation,,variations,,,,,,,lyra,4b95dd80-ac5d-464b-85a5-3fa6d33032d2,1a9470e8-8ab1-4b9d-9f10-48c162489870,4f613ebc-db27-4002-b1f1-86e1f6fc47a2,,,35327f2b-9205-440f-8e38-f6da18f4dd54,35327f2b-9205-440f-8e38-f6da18f4dd54,2025-07-06T18:15:17.755Z,2025-07-06T18:15:17.755Z,,,,1a9470e8-8ab1-4b9d-9f10-48c162489870--4f613ebc-db27-4002-b1f1-86e1f6fc47a2
Pencil Front Split - Top Bar ,Pencil - Top Bar ,Pencil Variation,,variations,,,,,,,lyra,792fab69-f2a3-4dd0-ae22-100d40e28147,4f613ebc-db27-4002-b1f1-86e1f6fc47a2,53320695-6b2e-4052-aeb7-f022a7c22ff5,,,35327f2b-9205-440f-8e38-f6da18f4dd54,35327f2b-9205-440f-8e38-f6da18f4dd54,2025-07-06T18:15:17.755Z,2025-07-06T18:15:17.755Z,,,,4f613ebc-db27-4002-b1f1-86e1f6fc47a2--53320695-6b2e-4052-aeb7-f022a7c22ff5
Pencil - Top Bar ,Pencil Front Split - Top Bar ,Pencil Variation,,variations,,,,,,,lyra,4327f414-d7d5-472f-8a95-ad22d9548815,53320695-6b2e-4052-aeb7-f022a7c22ff5,4f613ebc-db27-4002-b1f1-86e1f6fc47a2,,,35327f2b-9205-440f-8e38-f6da18f4dd54,35327f2b-9205-440f-8e38-f6da18f4dd54,2025-07-06T18:15:17.755Z,2025-07-06T18:15:17.755Z,,,,53320695-6b2e-4052-aeb7-f022a7c22ff5--4f613ebc-db27-4002-b1f1-86e1f6fc47a2
Pencil Front Split - Top Bar ,Pencil Side Star - Top Bar ,Pencil Variation,,variations,,,,,,,lyra,bade7893-43c8-447c-9d92-b0c25181365f,4f613ebc-db27-4002-b1f1-86e1f6fc47a2,5c3ac739-0ed4-4083-843b-481f85686806,,,35327f2b-9205-440f-8e38-f6da18f4dd54,35327f2b-9205-440f-8e38-f6da18f4dd54,2025-07-06T18:15:17.755Z,2025-07-06T18:15:17.755Z,,,,4f613ebc-db27-4002-b1f1-86e1f6fc47a2--5c3ac739-0ed4-4083-843b-481f85686806
Pencil Side Star - Top Bar ,Pencil Front Split - Top Bar ,Pencil Variation,,variations,,,,,,,lyra,c5df7ea8-f1ca-4e7b-9329-ad31cfcd1961,5c3ac739-0ed4-4083-843b-481f85686806,4f613ebc-db27-4002-b1f1-86e1f6fc47a2,,,35327f2b-9205-440f-8e38-f6da18f4dd54,35327f2b-9205-440f-8e38-f6da18f4dd54,2025-07-06T18:15:17.755Z,2025-07-06T18:15:17.755Z,,,,5c3ac739-0ed4-4083-843b-481f85686806--4f613ebc-db27-4002-b1f1-86e1f6fc47a2
Pencil Front Split - Top Bar ,Pencil Pike - Top Bar ,Pencil Variation,,variations,,,,,,,lyra,6584daee-04ff-4919-ad51-4f1000e467e2,4f613ebc-db27-4002-b1f1-86e1f6fc47a2,9065e9e2-8aed-46f9-a9a8-9fd7fa55ee24,,,35327f2b-9205-440f-8e38-f6da18f4dd54,35327f2b-9205-440f-8e38-f6da18f4dd54,2025-07-06T18:15:17.755Z,2025-07-06T18:15:17.755Z,,,,4f613ebc-db27-4002-b1f1-86e1f6fc47a2--9065e9e2-8aed-46f9-a9a8-9fd7fa55ee24
Pencil Pike - Top Bar ,Pencil Front Split - Top Bar ,Pencil Variation,,variations,,,,,,,lyra,f7bcd39c-4e1f-4456-ae2e-be431921cc48,9065e9e2-8aed-46f9-a9a8-9fd7fa55ee24,4f613ebc-db27-4002-b1f1-86e1f6fc47a2,,,35327f2b-9205-440f-8e38-f6da18f4dd54,35327f2b-9205-440f-8e38-f6da18f4dd54,2025-07-06T18:15:17.755Z,2025-07-06T18:15:17.755Z,,,,9065e9e2-8aed-46f9-a9a8-9fd7fa55ee24--4f613ebc-db27-4002-b1f1-86e1f6fc47a2
Pencil Front Split - Top Bar ,Pencil Straddle Split - Top Bar ,Pencil Variation,,variations,,,,,,,lyra,0f2b456e-ece6-4d7d-8b4b-81530f6dca1b,4f613ebc-db27-4002-b1f1-86e1f6fc47a2,90c602d9-70eb-45c1-bc68-1e9a0cbda2c2,,,35327f2b-9205-440f-8e38-f6da18f4dd54,35327f2b-9205-440f-8e38-f6da18f4dd54,2025-07-06T18:15:17.755Z,2025-07-06T18:15:17.755Z,,,,4f613ebc-db27-4002-b1f1-86e1f6fc47a2--90c602d9-70eb-45c1-bc68-1e9a0cbda2c2
Pencil Straddle Split - Top Bar ,Pencil Front Split - Top Bar ,Pencil Variation,,variations,,,,,,,lyra,05a9a304-959e-44f7-9273-afa6eb9a67a9,90c602d9-70eb-45c1-bc68-1e9a0cbda2c2,4f613ebc-db27-4002-b1f1-86e1f6fc47a2,,,35327f2b-9205-440f-8e38-f6da18f4dd54,35327f2b-9205-440f-8e38-f6da18f4dd54,2025-07-06T18:15:17.755Z,2025-07-06T18:15:17.755Z,,,,90c602d9-70eb-45c1-bc68-1e9a0cbda2c2--4f613ebc-db27-4002-b1f1-86e1f6fc47a2
Pencil Front Split - Top Bar ,Pencil Scorpion - Top Bar ,Pencil Variation,,variations,,,,,,,lyra,13bbc53e-1dd2-4173-a9be-1c39d100e480,4f613ebc-db27-4002-b1f1-86e1f6fc47a2,c7bda122-c94c-4a6c-b5bb-0fd08140655f,,,35327f2b-9205-440f-8e38-f6da18f4dd54,35327f2b-9205-440f-8e38-f6da18f4dd54,2025-07-06T18:15:17.755Z,2025-07-06T18:15:17.755Z,,,,4f613ebc-db27-4002-b1f1-86e1f6fc47a2--c7bda122-c94c-4a6c-b5bb-0fd08140655f
Pencil Scorpion - Top Bar ,Pencil Front Split - Top Bar ,Pencil Variation,,variations,,,,,,,lyra,7c9a9dfa-14a1-4c17-a01b-644eca296cc5,c7bda122-c94c-4a6c-b5bb-0fd08140655f,4f613ebc-db27-4002-b1f1-86e1f6fc47a2,,,35327f2b-9205-440f-8e38-f6da18f4dd54,35327f2b-9205-440f-8e38-f6da18f4dd54,2025-07-06T18:15:17.755Z,2025-07-06T18:15:17.755Z,,,,c7bda122-c94c-4a6c-b5bb-0fd08140655f--4f613ebc-db27-4002-b1f1-86e1f6fc47a2
Pencil Front Split - Top Bar ,Pencil Stag Legs - Top Bar ,Pencil Variation,,variations,,,,,,,lyra,9b8d38e6-68f3-46ca-88ed-371deefd4c40,4f613ebc-db27-4002-b1f1-86e1f6fc47a2,d6277169-e93e-4a76-a2b9-dd993e91161d,,,35327f2b-9205-440f-8e38-f6da18f4dd54,35327f2b-9205-440f-8e38-f6da18f4dd54,2025-07-06T18:15:17.755Z,2025-07-06T18:15:17.755Z,,,,4f613ebc-db27-4002-b1f1-86e1f6fc47a2--d6277169-e93e-4a76-a2b9-dd993e91161d
Pencil Stag Legs - Top Bar ,Pencil Front Split - Top Bar ,Pencil Variation,,variations,,,,,,,lyra,41bdceaa-b347-4af3-8396-24440dd51ac5,d6277169-e93e-4a76-a2b9-dd993e91161d,4f613ebc-db27-4002-b1f1-86e1f6fc47a2,,,35327f2b-9205-440f-8e38-f6da18f4dd54,35327f2b-9205-440f-8e38-f6da18f4dd54,2025-07-06T18:15:17.755Z,2025-07-06T18:15:17.755Z,,,,d6277169-e93e-4a76-a2b9-dd993e91161d--4f613ebc-db27-4002-b1f1-86e1f6fc47a2
Standing On Ground,Seated - Bottom Bar,Half pull up to seated,,entrance,"Both hands on top bar. 
Engage shoulders and upper back to pull butt up to hoop and into seated. ",,,"Can add slight jump if need be.
Deadhang, then full pull up",,,lyra,104be830-a18c-4959-8ba6-aa071ff88ad6,50d8bbd1-28f0-4303-b1c9-a26a96f236af,34902490-04e9-4ef6-9140-1125d147cce8,,,35327f2b-9205-440f-8e38-f6da18f4dd54,35327f2b-9205-440f-8e38-f6da18f4dd54,2025-05-02T18:15:17.755Z,2025-05-02T18:15:17.755Z,0,,,50d8bbd1-28f0-4303-b1c9-a26a96f236af--34902490-04e9-4ef6-9140-1125d147cce8
Standing On Ground,Seated - Bottom Bar,Hoop Flip Pull up to Seated,,entrance,"Can start by flipping the hoop or spinning which will flip the hoop.  
Pull Up, legs wide, and slide down onto bar.",,,,,,lyra,4a07bcb8-7152-4c9a-8173-ba33fd0b7c37,50d8bbd1-28f0-4303-b1c9-a26a96f236af,34902490-04e9-4ef6-9140-1125d147cce8,,,35327f2b-9205-440f-8e38-f6da18f4dd54,35327f2b-9205-440f-8e38-f6da18f4dd54,2025-05-02T18:15:17.755Z,2025-05-02T18:15:17.755Z,0,https://drive.google.com/open?id=1hvIG_z4Kyz6r7b7yHWe8w8Nle0HNeb3o&usp=drive_fs,,50d8bbd1-28f0-4303-b1c9-a26a96f236af--34902490-04e9-4ef6-9140-1125d147cce8
Standing On Ground,Seated - Bottom Bar,Stag Leg Jumps,,entrance,"Starts from standing with long arm hang and knees bent in Stag legs (similar to a back lunge)  then jump to opposite side of room
Repeat and then pull up to seated.",,,,,,lyra,9c90e4f7-7c19-40f4-8182-b423a37d688b,50d8bbd1-28f0-4303-b1c9-a26a96f236af,34902490-04e9-4ef6-9140-1125d147cce8,,,35327f2b-9205-440f-8e38-f6da18f4dd54,35327f2b-9205-440f-8e38-f6da18f4dd54,2025-05-02T18:15:17.755Z,2025-05-02T18:15:17.755Z,0,,,50d8bbd1-28f0-4303-b1c9-a26a96f236af--34902490-04e9-4ef6-9140-1125d147cce8
Standing On Ground,Seated - Bottom Bar,Hip Hang Figure 4,3,entrance,"Flip in to Hip Hang then Hip Hang Figure 4.  
Hook Figure 4 knee on bar.  
Press down with knee hang leg and use the arm the matching arm to reach up with big sit up to grab top of bar or side of the bar matching the hand that is grabbing.",,,,,,lyra,f807421f-5ede-4733-9e95-870f6aace808,50d8bbd1-28f0-4303-b1c9-a26a96f236af,34902490-04e9-4ef6-9140-1125d147cce8,,,35327f2b-9205-440f-8e38-f6da18f4dd54,35327f2b-9205-440f-8e38-f6da18f4dd54,2025-05-02T18:15:17.755Z,2025-05-02T18:15:17.755Z,0,,"NOTE: is this a mini flow? might remove from here and add as a ""mini-flow-building-block""",50d8bbd1-28f0-4303-b1c9-a26a96f236af--34902490-04e9-4ef6-9140-1125d147cce8
Standing On Ground,Scissor Seat,Russian Roll Entrance,,entrance,"One leg in hoop and hook. 
Other leg planted on ground. 
Hands either palms away or palms toward you. 
Kick leg thats on the ground thru hoop, bring chest up and motorcycle hands to get around hoop.",,,,,,lyra,722cc6d7-3738-4ad6-b221-2f7898547e88,50d8bbd1-28f0-4303-b1c9-a26a96f236af,40796406-430d-42f2-a80a-5e5012f8cc53,,,35327f2b-9205-440f-8e38-f6da18f4dd54,35327f2b-9205-440f-8e38-f6da18f4dd54,2025-05-02T18:15:17.755Z,2025-05-02T18:15:17.755Z,0,,,50d8bbd1-28f0-4303-b1c9-a26a96f236af--40796406-430d-42f2-a80a-5e5012f8cc53
Standing On Ground,Straddle Back - Bottom Bar,Straddle Back Entrance,,entrance,"From standing, crouched, or seated on mat, bring legs out to straddle and hips up to the bar. 
Stack hips, torso, chest, and shoulders. 
Keep chest up and thru hands. ",,,,,,lyra,b35a404d-6908-4d62-bea6-537c505ad699,50d8bbd1-28f0-4303-b1c9-a26a96f236af,5840510b-11e4-42b1-871c-c85e996d57c2,,,35327f2b-9205-440f-8e38-f6da18f4dd54,35327f2b-9205-440f-8e38-f6da18f4dd54,2025-05-02T18:15:17.755Z,2025-05-02T18:15:17.755Z,0,,NOTE: Break this into multiple steps and add as mini flow? change the description,50d8bbd1-28f0-4303-b1c9-a26a96f236af--5840510b-11e4-42b1-871c-c85e996d57c2
Standing On Ground,Hip Hang,Flip in,,entrance,"Hands palms toward or away (most people do palms toward). 
Engage biceps and upper back. 
Bring legs off ground and thru hoop while bringing hips to the bar. 
End in hip hang. ",,,,This move is easier sometimes when done from a higher hoop.,,lyra,12cfc710-796c-43fa-8ea7-afc181d61880,50d8bbd1-28f0-4303-b1c9-a26a96f236af,6cc4b235-ffc4-4813-8f94-2b127f0ba5ce,,,35327f2b-9205-440f-8e38-f6da18f4dd54,35327f2b-9205-440f-8e38-f6da18f4dd54,2025-05-02T18:15:17.755Z,2025-05-02T18:15:17.755Z,0,,,50d8bbd1-28f0-4303-b1c9-a26a96f236af--6cc4b235-ffc4-4813-8f94-2b127f0ba5ce
Standing On Ground,Egg - Top Bar,,,,,,,,,,lyra,a94b845f-4958-497c-89c6-8ccee47acc03,50d8bbd1-28f0-4303-b1c9-a26a96f236af,893122a4-b196-4fdd-9d26-fc495752d333,,,35327f2b-9205-440f-8e38-f6da18f4dd54,35327f2b-9205-440f-8e38-f6da18f4dd54,2025-05-02T18:15:17.755Z,2025-05-02T18:15:17.755Z,0,,,50d8bbd1-28f0-4303-b1c9-a26a96f236af--893122a4-b196-4fdd-9d26-fc495752d333
Back Balance - Hands On,Back Balance - No Hands,Back Balance Variation,,variations,,,,,,,lyra,41207ba5-0285-4994-8fcd-7ed6cc465770,51b9b36d-c824-46b6-9d68-d386ecadeef8,5b1bc8bb-ddcb-4394-8c1a-05a1825b85cf,,,35327f2b-9205-440f-8e38-f6da18f4dd54,35327f2b-9205-440f-8e38-f6da18f4dd54,2025-07-06T18:15:17.755Z,2025-07-06T18:15:17.755Z,,,,51b9b36d-c824-46b6-9d68-d386ecadeef8--5b1bc8bb-ddcb-4394-8c1a-05a1825b85cf
Back Balance - No Hands,Back Balance - Hands On,Back Balance Variation,,variations,,,,,,,lyra,d4fc0ff6-e528-4a0e-aa86-b80280a3547a,5b1bc8bb-ddcb-4394-8c1a-05a1825b85cf,51b9b36d-c824-46b6-9d68-d386ecadeef8,,,35327f2b-9205-440f-8e38-f6da18f4dd54,35327f2b-9205-440f-8e38-f6da18f4dd54,2025-07-06T18:15:17.755Z,2025-07-06T18:15:17.755Z,,,,5b1bc8bb-ddcb-4394-8c1a-05a1825b85cf--51b9b36d-c824-46b6-9d68-d386ecadeef8
Back Balance - Hands On,Half Back Balance - Hands On,Back Balance Variation,,variations,,,,,,,lyra,1482c667-9ad1-4653-89a2-b28cdfd49ef0,51b9b36d-c824-46b6-9d68-d386ecadeef8,8980bc64-b4d7-4f34-8457-9ee6a0688012,,,35327f2b-9205-440f-8e38-f6da18f4dd54,35327f2b-9205-440f-8e38-f6da18f4dd54,2025-07-06T18:15:17.755Z,2025-07-06T18:15:17.755Z,,,,51b9b36d-c824-46b6-9d68-d386ecadeef8--8980bc64-b4d7-4f34-8457-9ee6a0688012
Half Back Balance - Hands On,Back Balance - Hands On,Back Balance Variation,,variations,,,,,,,lyra,7937eb20-9763-4dfb-95c4-eab557a6f224,8980bc64-b4d7-4f34-8457-9ee6a0688012,51b9b36d-c824-46b6-9d68-d386ecadeef8,,,35327f2b-9205-440f-8e38-f6da18f4dd54,35327f2b-9205-440f-8e38-f6da18f4dd54,2025-07-06T18:15:17.755Z,2025-07-06T18:15:17.755Z,,,,8980bc64-b4d7-4f34-8457-9ee6a0688012--51b9b36d-c824-46b6-9d68-d386ecadeef8
Low Layout - Arabesque,High Layout - One Hand,Layout Variation,,variations,,,,,,,lyra,3213d817-773e-4cdb-a1a8-97f5d9c7d746,52326130-f1a1-4f9e-b6da-cdcf971e00a8,3884bf91-d318-47c0-a071-44c6b81b3c0c,,,35327f2b-9205-440f-8e38-f6da18f4dd54,35327f2b-9205-440f-8e38-f6da18f4dd54,2025-07-06T18:15:17.755Z,2025-07-06T18:15:17.755Z,,,,52326130-f1a1-4f9e-b6da-cdcf971e00a8--3884bf91-d318-47c0-a071-44c6b81b3c0c
High Layout - One Hand,Low Layout - Arabesque,Layout Variation,,variations,,,,,,,lyra,11f00b37-207d-468d-a882-b38f3460f750,3884bf91-d318-47c0-a071-44c6b81b3c0c,52326130-f1a1-4f9e-b6da-cdcf971e00a8,,,35327f2b-9205-440f-8e38-f6da18f4dd54,35327f2b-9205-440f-8e38-f6da18f4dd54,2025-07-06T18:15:17.755Z,2025-07-06T18:15:17.755Z,,,,3884bf91-d318-47c0-a071-44c6b81b3c0c--52326130-f1a1-4f9e-b6da-cdcf971e00a8
Low Layout - Arabesque,High Layout - Two Hands,Layout Variation,,variations,,,,,,,lyra,9faf4d40-e45c-43a0-9cd7-de53938dcb68,52326130-f1a1-4f9e-b6da-cdcf971e00a8,5d490a03-fdcc-4da1-81ad-9ba854d49a89,,,35327f2b-9205-440f-8e38-f6da18f4dd54,35327f2b-9205-440f-8e38-f6da18f4dd54,2025-07-06T18:15:17.755Z,2025-07-06T18:15:17.755Z,,,,52326130-f1a1-4f9e-b6da-cdcf971e00a8--5d490a03-fdcc-4da1-81ad-9ba854d49a89
High Layout - Two Hands,Low Layout - Arabesque,Layout Variation,,variations,,,,,,,lyra,ef599348-168d-4aa7-b048-72977d499b6d,5d490a03-fdcc-4da1-81ad-9ba854d49a89,52326130-f1a1-4f9e-b6da-cdcf971e00a8,,,35327f2b-9205-440f-8e38-f6da18f4dd54,35327f2b-9205-440f-8e38-f6da18f4dd54,2025-07-06T18:15:17.755Z,2025-07-06T18:15:17.755Z,,,,5d490a03-fdcc-4da1-81ad-9ba854d49a89--52326130-f1a1-4f9e-b6da-cdcf971e00a8
Gazelle - Front Split,Gazelle - Twist Full Split ,Gazelle Variation,,variations,,,,,,,lyra,fa47504b-eb63-4f72-8b95-5c82cc1df178,53ec54bc-5c33-4319-8baf-93f248d6751b,01d7e3ba-4d8b-4e7e-a672-7f2e464ce6dd,,,35327f2b-9205-440f-8e38-f6da18f4dd54,35327f2b-9205-440f-8e38-f6da18f4dd54,2025-07-06T18:15:17.755Z,2025-07-06T18:15:17.755Z,,,,53ec54bc-5c33-4319-8baf-93f248d6751b--01d7e3ba-4d8b-4e7e-a672-7f2e464ce6dd
Gazelle - Twist Full Split ,Gazelle - Front Split,Gazelle Variation,,variations,,,,,,,lyra,5cdce0c7-38d6-4b57-9d2c-b7bb1aca5d38,01d7e3ba-4d8b-4e7e-a672-7f2e464ce6dd,53ec54bc-5c33-4319-8baf-93f248d6751b,,,35327f2b-9205-440f-8e38-f6da18f4dd54,35327f2b-9205-440f-8e38-f6da18f4dd54,2025-07-06T18:15:17.755Z,2025-07-06T18:15:17.755Z,,,,01d7e3ba-4d8b-4e7e-a672-7f2e464ce6dd--53ec54bc-5c33-4319-8baf-93f248d6751b
Gazelle - Front Split,Gazelle - No Hands,Gazelle Variation,,variations,,,,,,,lyra,93c5c375-c5ae-4314-953a-05bcc070c078,53ec54bc-5c33-4319-8baf-93f248d6751b,abd9185c-8e36-4ed5-bbe3-de87acdf47bf,,,35327f2b-9205-440f-8e38-f6da18f4dd54,35327f2b-9205-440f-8e38-f6da18f4dd54,2025-07-06T18:15:17.755Z,2025-07-06T18:15:17.755Z,,,,53ec54bc-5c33-4319-8baf-93f248d6751b--abd9185c-8e36-4ed5-bbe3-de87acdf47bf
Gazelle - No Hands,Gazelle - Front Split,Gazelle Variation,,variations,,,,,,,lyra,52cf1013-34b2-4833-8128-d514e8c0de35,abd9185c-8e36-4ed5-bbe3-de87acdf47bf,53ec54bc-5c33-4319-8baf-93f248d6751b,,,35327f2b-9205-440f-8e38-f6da18f4dd54,35327f2b-9205-440f-8e38-f6da18f4dd54,2025-07-06T18:15:17.755Z,2025-07-06T18:15:17.755Z,,,,abd9185c-8e36-4ed5-bbe3-de87acdf47bf--53ec54bc-5c33-4319-8baf-93f248d6751b
Gazelle - Front Split,Gazelle - Twist Half Split,Gazelle Variation,,variations,,,,,,,lyra,1f48e897-fb7e-4898-8941-c5b60ad67f36,53ec54bc-5c33-4319-8baf-93f248d6751b,fb33d765-57e1-4169-8f7d-275615955851,,,35327f2b-9205-440f-8e38-f6da18f4dd54,35327f2b-9205-440f-8e38-f6da18f4dd54,2025-07-06T18:15:17.755Z,2025-07-06T18:15:17.755Z,,,,53ec54bc-5c33-4319-8baf-93f248d6751b--fb33d765-57e1-4169-8f7d-275615955851
Gazelle - Twist Half Split,Gazelle - Front Split,Gazelle Variation,,variations,,,,,,,lyra,84b644a5-840e-4de5-ade8-d07f6f4da4de,fb33d765-57e1-4169-8f7d-275615955851,53ec54bc-5c33-4319-8baf-93f248d6751b,,,35327f2b-9205-440f-8e38-f6da18f4dd54,35327f2b-9205-440f-8e38-f6da18f4dd54,2025-07-06T18:15:17.755Z,2025-07-06T18:15:17.755Z,,,,fb33d765-57e1-4169-8f7d-275615955851--53ec54bc-5c33-4319-8baf-93f248d6751b
Inside Lion Roll - Switch Legs,Inside Lion,Inside Lion Roll - Switch Legs,,roll,,,,,,,lyra,ed34670a-aa25-4358-aa30-9738d7dc3aca,5484d02c-6095-4066-8f5e-b839e8c27ad2,550a68c4-b000-41e5-b236-a62290d6f8b8,,,35327f2b-9205-440f-8e38-f6da18f4dd54,35327f2b-9205-440f-8e38-f6da18f4dd54,2025-07-06T18:15:17.755Z,2025-07-06T18:15:17.755Z,,,,5484d02c-6095-4066-8f5e-b839e8c27ad2--550a68c4-b000-41e5-b236-a62290d6f8b8
Inside Lion,Inside Lion Roll - Switch Legs,Inside Lion Roll - Switch Legs,,roll,,,,,,,lyra,49089cbf-acb7-4a2d-b0cb-666e8470a841,550a68c4-b000-41e5-b236-a62290d6f8b8,5484d02c-6095-4066-8f5e-b839e8c27ad2,,,35327f2b-9205-440f-8e38-f6da18f4dd54,35327f2b-9205-440f-8e38-f6da18f4dd54,2025-07-06T18:15:17.755Z,2025-07-06T18:15:17.755Z,,,,550a68c4-b000-41e5-b236-a62290d6f8b8--5484d02c-6095-4066-8f5e-b839e8c27ad2
Inside Lion,Amazon - Hands On,,,,,,,,,,lyra,27c3cf3f-78d5-445f-a4e1-c2aacabe08f2,550a68c4-b000-41e5-b236-a62290d6f8b8,1c63685c-99e6-4843-8483-5caadc426eb8,,,35327f2b-9205-440f-8e38-f6da18f4dd54,35327f2b-9205-440f-8e38-f6da18f4dd54,2025-06-26T18:15:17.755Z,2025-06-26T18:15:17.755Z,0,,,550a68c4-b000-41e5-b236-a62290d6f8b8--1c63685c-99e6-4843-8483-5caadc426eb8
Inside Lion,Side Superman,,,,Starts from high Inside Lion (have hip above bar).  Hand matching knee hook leg to top of bar with palms away grip (close to tab). Rotate belly to floor.  Exit back to Inside Lion by dropping booty and reblocking shoulder.,,,,,,lyra,10817265-acd6-4423-830b-bafdc3de30f3,550a68c4-b000-41e5-b236-a62290d6f8b8,2bfe07cb-b0de-425d-8723-aaeea5b5270c,,,35327f2b-9205-440f-8e38-f6da18f4dd54,35327f2b-9205-440f-8e38-f6da18f4dd54,2025-06-26T18:15:17.755Z,2025-06-26T18:15:17.755Z,0,,,550a68c4-b000-41e5-b236-a62290d6f8b8--2bfe07cb-b0de-425d-8723-aaeea5b5270c
Inside Lion,Candlestick,,,,"From Inside Lion, hand that matches knee hook grabs top of bar with palm towards you. Head and shoulders out the back. Cross grip on side of the bar and legs to RM or Candlestick.",,,,,,lyra,b060f88b-8b6d-4f2b-a0ef-fc409a048f3e,550a68c4-b000-41e5-b236-a62290d6f8b8,2f51715a-f4e4-43e0-bb3f-63c5ab42ff4d,,,35327f2b-9205-440f-8e38-f6da18f4dd54,35327f2b-9205-440f-8e38-f6da18f4dd54,2025-06-16T18:15:17.755Z,2025-06-16T18:15:17.755Z,0,,,550a68c4-b000-41e5-b236-a62290d6f8b8--2f51715a-f4e4-43e0-bb3f-63c5ab42ff4d
Inside Lion,Inside Lion,Half Beauty Roll,,,"Inside Lion
Arm of free leg reaches up and through hoop for Flamenco Grip (hand between top of hoop and tab so there is room for head to pass through)
Head slides out between arm and hoop
Lean back so free arm can pass through body and side of hoop
As arm passes through, turn shoulders to face it, straighten arm and use the back of that arm to push hoop away
Pull up with top arm, straightening legs (to avoid crotch), and pass body through space by following the arm
Inside Lion on opposite side",,,,,,lyra,5714a4a0-e16f-4676-a16c-ba51cf849618,550a68c4-b000-41e5-b236-a62290d6f8b8,550a68c4-b000-41e5-b236-a62290d6f8b8,,,35327f2b-9205-440f-8e38-f6da18f4dd54,35327f2b-9205-440f-8e38-f6da18f4dd54,2025-06-16T18:15:17.755Z,2025-06-16T18:15:17.755Z,0,,,550a68c4-b000-41e5-b236-a62290d6f8b8--550a68c4-b000-41e5-b236-a62290d6f8b8
Inside Lion,Running Man - Hands On,,,,"From Inside Lion, hand that matches knee hook grabs top of bar with palm towards you. Head and shoulders out the back. Cross grip on side of the bar and legs to RM or Candlestick.",,,,,,lyra,49a84261-db41-4f6f-afc7-8d938d9faea9,550a68c4-b000-41e5-b236-a62290d6f8b8,6e01a15e-97f9-4f0c-91f9-309695089b1a,,,35327f2b-9205-440f-8e38-f6da18f4dd54,35327f2b-9205-440f-8e38-f6da18f4dd54,2025-06-16T18:15:17.755Z,2025-06-16T18:15:17.755Z,0,,,550a68c4-b000-41e5-b236-a62290d6f8b8--6e01a15e-97f9-4f0c-91f9-309695089b1a
Inside Lion,Wine Glass,,,,"From Inside Lion, knee hook leg hand is top of hoop with palm toward you with free leg hand reaching for bar under knee hook leg. Top arm then moves to side of bar, so it’s under that armpit.  Knee hook leg traces hoop into Wine Glass.  Tip:  farther you lean back the easier the transition.",,,,,,lyra,9d14d1f6-b609-48a0-b998-7bce56eee29d,550a68c4-b000-41e5-b236-a62290d6f8b8,7b3c2489-c2a0-40c4-9654-1726026f1d66,,,35327f2b-9205-440f-8e38-f6da18f4dd54,35327f2b-9205-440f-8e38-f6da18f4dd54,2025-06-16T18:15:17.755Z,2025-06-16T18:15:17.755Z,0,,,550a68c4-b000-41e5-b236-a62290d6f8b8--7b3c2489-c2a0-40c4-9654-1726026f1d66
Inside Lion,Diving Bird,,3,,,,,,,,lyra,e7fa8210-845c-4118-8241-a533e6a8abc8,550a68c4-b000-41e5-b236-a62290d6f8b8,7cd6c385-c9d3-4830-bae9-e004c5058d28,,,35327f2b-9205-440f-8e38-f6da18f4dd54,35327f2b-9205-440f-8e38-f6da18f4dd54,2025-06-26T18:15:17.755Z,2025-06-26T18:15:17.755Z,0,,,550a68c4-b000-41e5-b236-a62290d6f8b8--7cd6c385-c9d3-4830-bae9-e004c5058d28
Inside Lion,Man in the Moon,,,,Hand that matches knee hook goes above tab palm toward you. Other arm will be posting arm. Pull with top hand and push with bottom hand. Engage core and bring feet up to hoop. ,,Very hand and core heavy.,Regression would be to bring one foot up first. ,,,lyra,288418a2-f1fc-415c-aad5-5589113e4c36,550a68c4-b000-41e5-b236-a62290d6f8b8,7fa27e26-9959-4d13-8da1-d2751fff94ec,,,35327f2b-9205-440f-8e38-f6da18f4dd54,35327f2b-9205-440f-8e38-f6da18f4dd54,2025-05-02T18:15:17.755Z,2025-05-02T18:15:17.755Z,0,,,550a68c4-b000-41e5-b236-a62290d6f8b8--7fa27e26-9959-4d13-8da1-d2751fff94ec
Inside Lion,Dragonfly,,,,"From Inside Lion, lean towards free leg to put bar under armpit of arm matching knee hook leg.  Other arm strong post to lift, and remove leg hooked (knee first).","Bring arm around and put bar under armpit
Externally rotate leg on bar to bring out",,,,,lyra,5495cbd3-2a94-4e68-b147-4b26a9d02a41,550a68c4-b000-41e5-b236-a62290d6f8b8,88171582-a0e1-44a5-955e-2dc5e7825ffb,,,35327f2b-9205-440f-8e38-f6da18f4dd54,35327f2b-9205-440f-8e38-f6da18f4dd54,2025-05-02T18:15:17.755Z,2025-05-02T18:15:17.755Z,0,,,550a68c4-b000-41e5-b236-a62290d6f8b8--88171582-a0e1-44a5-955e-2dc5e7825ffb
Inside Lion,Inside Lion Roll - Back Drop to Delilah,Inside Lion Roll Back Drop To Delilah,,,"From Inside Lion, knee hook hand grabs bar between legs in a palm away direction.  Engage core with strong knee hook.  Head and shoulders out the back, and drop to Delilah (SKH).",,,,,,lyra,8ed223c2-35b1-43a6-8753-470ca59d6e3c,550a68c4-b000-41e5-b236-a62290d6f8b8,9e23a51f-978c-4391-a49c-2d2d9d62295a,,,35327f2b-9205-440f-8e38-f6da18f4dd54,35327f2b-9205-440f-8e38-f6da18f4dd54,2025-06-16T18:15:17.755Z,2025-06-16T18:15:17.755Z,0,,NEED TO MAKE delilah below bar,550a68c4-b000-41e5-b236-a62290d6f8b8--9e23a51f-978c-4391-a49c-2d2d9d62295a
Inside Lion,Inside Lion Roll - Back Drop to Delilah,Inside Lion Roll Split Hands To Delilah,,,"From Inside Lion, hand that matches knee hook is on the outside of that leg with palms away.  The other hand is between legs with palm towards you. Solid knee hook on bent leg.  Roll forward to Delilah (SKH).",,,,,,lyra,8f982dbd-ab23-4f32-b2fc-58990b509344,550a68c4-b000-41e5-b236-a62290d6f8b8,9e23a51f-978c-4391-a49c-2d2d9d62295a,,,35327f2b-9205-440f-8e38-f6da18f4dd54,35327f2b-9205-440f-8e38-f6da18f4dd54,2025-06-16T18:15:17.755Z,2025-06-16T18:15:17.755Z,0,,NEED TO MAKE delilah below bar,550a68c4-b000-41e5-b236-a62290d6f8b8--9e23a51f-978c-4391-a49c-2d2d9d62295a
Inside Lion,Inside Lion Roll - Back Drop to Delilah,Inside Lion Roll Same Leg,,,"From Inside Lion, hands cross grip between legs with the hand matching the knee hook leg to be a palms away grip.  Solid knee hook and roll forward to Delilah.  Regression would be to pancake chest to leg prior to rolling.  Switch Legs: Inside Lion Roll, but as rolling, the free leg hooks on the bar.  Hook will not happen naturally - must hook free leg.",,,,,,lyra,d13418a0-5f07-4231-b31c-a1d8e16c31fe,550a68c4-b000-41e5-b236-a62290d6f8b8,9e23a51f-978c-4391-a49c-2d2d9d62295a,,,35327f2b-9205-440f-8e38-f6da18f4dd54,35327f2b-9205-440f-8e38-f6da18f4dd54,2025-06-16T18:15:17.755Z,2025-06-16T18:15:17.755Z,0,,NEED TO MAKE delilah below bar,550a68c4-b000-41e5-b236-a62290d6f8b8--9e23a51f-978c-4391-a49c-2d2d9d62295a
Inside Lion,Inside Lion Roll - Back Drop to Delilah,Inside Lion Roll Switch Legs,,,"From Inside Lion, hands cross grip between legs with the hand matching the knee hook leg to be a palms away grip.  Solid knee hook and roll forward to Delilah.  Regression would be to pancake chest to leg prior to rolling.  Switch Legs: Inside Lion Roll, but as rolling, the free leg hooks on the bar.  Hook will not happen naturally - must hook free leg.",,,,,,lyra,aa1bfedc-bfae-4292-9698-6c5592b3bb6e,550a68c4-b000-41e5-b236-a62290d6f8b8,9e23a51f-978c-4391-a49c-2d2d9d62295a,,,35327f2b-9205-440f-8e38-f6da18f4dd54,35327f2b-9205-440f-8e38-f6da18f4dd54,2025-06-16T18:15:17.755Z,2025-06-16T18:15:17.755Z,0,,NEED TO MAKE delilah below bar,550a68c4-b000-41e5-b236-a62290d6f8b8--9e23a51f-978c-4391-a49c-2d2d9d62295a
Lady in the Moon,Arabesque From Seated,,1,,,,,,,,lyra,92442025-2469-43b0-906d-d472000afe6b,5639c11b-d70b-4592-9280-4e89343ced8f,2f05976e-560c-485d-a3a4-d4fc6eb61d59,,,35327f2b-9205-440f-8e38-f6da18f4dd54,35327f2b-9205-440f-8e38-f6da18f4dd54,2025-05-02T18:15:17.755Z,2025-05-02T18:15:17.755Z,0,,,5639c11b-d70b-4592-9280-4e89343ced8f--2f05976e-560c-485d-a3a4-d4fc6eb61d59
Lady in the Moon,Inside Lion,,,,,,,,,,lyra,eb8aa4e7-fed4-48ae-8f89-cca0c26a48b9,5639c11b-d70b-4592-9280-4e89343ced8f,550a68c4-b000-41e5-b236-a62290d6f8b8,,,35327f2b-9205-440f-8e38-f6da18f4dd54,35327f2b-9205-440f-8e38-f6da18f4dd54,2025-05-02T18:15:17.755Z,2025-05-02T18:15:17.755Z,0,,,5639c11b-d70b-4592-9280-4e89343ced8f--550a68c4-b000-41e5-b236-a62290d6f8b8
Seated Forward Roll - Legs Straight,Seated - Bottom Bar,,,roll,,,,,,,lyra,76138c96-d058-4d5a-a6ef-c5b03482db28,580a91c1-51b4-4ed3-8f7c-b7d6412de6d4,34902490-04e9-4ef6-9140-1125d147cce8,,,35327f2b-9205-440f-8e38-f6da18f4dd54,35327f2b-9205-440f-8e38-f6da18f4dd54,2025-07-06T18:15:17.755Z,2025-07-06T18:15:17.755Z,,,,580a91c1-51b4-4ed3-8f7c-b7d6412de6d4--34902490-04e9-4ef6-9140-1125d147cce8
Straddle Back - Bottom Bar,Seated - Bottom Bar,,,,"Legs come around to hook in double knee hook 
pull up to seated.",,,,,,lyra,4ba09d34-19b0-4750-86a6-ce2b7f391c6b,5840510b-11e4-42b1-871c-c85e996d57c2,34902490-04e9-4ef6-9140-1125d147cce8,,,35327f2b-9205-440f-8e38-f6da18f4dd54,35327f2b-9205-440f-8e38-f6da18f4dd54,2025-05-02T18:15:17.755Z,2025-05-02T18:15:17.755Z,0,,,5840510b-11e4-42b1-871c-c85e996d57c2--34902490-04e9-4ef6-9140-1125d147cce8
Straddle Back - Bottom Bar,Seated - Ground,Straddle Back Exit,,exit,"From straddle back, slowly bring hips to floor by engaging core and arms.",,,May keep legs in straddle or move them into pike,,,lyra,57a88309-de90-4d1d-aed6-9ccdf6b3fd28,5840510b-11e4-42b1-871c-c85e996d57c2,e743a3c6-4f9a-4189-a14f-79d86e295c78,,,35327f2b-9205-440f-8e38-f6da18f4dd54,35327f2b-9205-440f-8e38-f6da18f4dd54,2025-05-02T18:15:17.755Z,2025-05-02T18:15:17.755Z,0,,,5840510b-11e4-42b1-871c-c85e996d57c2--e743a3c6-4f9a-4189-a14f-79d86e295c78
Pencil Side Star - Top Bar ,Pencil Tick Tocks - Top Bar ,Pencil Variation,,variations,,,,,,,lyra,3c186c4c-0efb-4af8-9cf3-787afd5dad98,5c3ac739-0ed4-4083-843b-481f85686806,1a9470e8-8ab1-4b9d-9f10-48c162489870,,,35327f2b-9205-440f-8e38-f6da18f4dd54,35327f2b-9205-440f-8e38-f6da18f4dd54,2025-07-06T18:15:17.755Z,2025-07-06T18:15:17.755Z,,,,5c3ac739-0ed4-4083-843b-481f85686806--1a9470e8-8ab1-4b9d-9f10-48c162489870
Pencil Tick Tocks - Top Bar ,Pencil Side Star - Top Bar ,Pencil Variation,,variations,,,,,,,lyra,a161731e-274e-4543-a6f4-8ad6329e4263,1a9470e8-8ab1-4b9d-9f10-48c162489870,5c3ac739-0ed4-4083-843b-481f85686806,,,35327f2b-9205-440f-8e38-f6da18f4dd54,35327f2b-9205-440f-8e38-f6da18f4dd54,2025-07-06T18:15:17.755Z,2025-07-06T18:15:17.755Z,,,,1a9470e8-8ab1-4b9d-9f10-48c162489870--5c3ac739-0ed4-4083-843b-481f85686806
Pencil Side Star - Top Bar ,Pencil - Top Bar ,Pencil Variation,,variations,,,,,,,lyra,ca13434e-c728-431e-a58a-6591402b25e3,5c3ac739-0ed4-4083-843b-481f85686806,53320695-6b2e-4052-aeb7-f022a7c22ff5,,,35327f2b-9205-440f-8e38-f6da18f4dd54,35327f2b-9205-440f-8e38-f6da18f4dd54,2025-07-06T18:15:17.755Z,2025-07-06T18:15:17.755Z,,,,5c3ac739-0ed4-4083-843b-481f85686806--53320695-6b2e-4052-aeb7-f022a7c22ff5
Pencil - Top Bar ,Pencil Side Star - Top Bar ,Pencil Variation,,variations,,,,,,,lyra,17312a95-5f70-4121-96a4-04ddf9c2ff39,53320695-6b2e-4052-aeb7-f022a7c22ff5,5c3ac739-0ed4-4083-843b-481f85686806,,,35327f2b-9205-440f-8e38-f6da18f4dd54,35327f2b-9205-440f-8e38-f6da18f4dd54,2025-07-06T18:15:17.755Z,2025-07-06T18:15:17.755Z,,,,53320695-6b2e-4052-aeb7-f022a7c22ff5--5c3ac739-0ed4-4083-843b-481f85686806
Pencil Side Star - Top Bar ,Pencil Straddle Split - Top Bar ,Pencil Variation,,variations,,,,,,,lyra,152e7eb8-9770-4c02-999f-aae9b2cd9c2d,5c3ac739-0ed4-4083-843b-481f85686806,90c602d9-70eb-45c1-bc68-1e9a0cbda2c2,,,35327f2b-9205-440f-8e38-f6da18f4dd54,35327f2b-9205-440f-8e38-f6da18f4dd54,2025-07-06T18:15:17.755Z,2025-07-06T18:15:17.755Z,,,,5c3ac739-0ed4-4083-843b-481f85686806--90c602d9-70eb-45c1-bc68-1e9a0cbda2c2
Pencil Straddle Split - Top Bar ,Pencil Side Star - Top Bar ,Pencil Variation,,variations,,,,,,,lyra,d7310b52-b31b-4168-bc64-8077e5d863ad,90c602d9-70eb-45c1-bc68-1e9a0cbda2c2,5c3ac739-0ed4-4083-843b-481f85686806,,,35327f2b-9205-440f-8e38-f6da18f4dd54,35327f2b-9205-440f-8e38-f6da18f4dd54,2025-07-06T18:15:17.755Z,2025-07-06T18:15:17.755Z,,,,90c602d9-70eb-45c1-bc68-1e9a0cbda2c2--5c3ac739-0ed4-4083-843b-481f85686806
Pencil Side Star - Top Bar ,Pencil Stag Legs - Top Bar ,Pencil Variation,,variations,,,,,,,lyra,669751f7-1ed5-476f-944f-1aa4b065c9c7,5c3ac739-0ed4-4083-843b-481f85686806,d6277169-e93e-4a76-a2b9-dd993e91161d,,,35327f2b-9205-440f-8e38-f6da18f4dd54,35327f2b-9205-440f-8e38-f6da18f4dd54,2025-07-06T18:15:17.755Z,2025-07-06T18:15:17.755Z,,,,5c3ac739-0ed4-4083-843b-481f85686806--d6277169-e93e-4a76-a2b9-dd993e91161d
Pencil Stag Legs - Top Bar ,Pencil Side Star - Top Bar ,Pencil Variation,,variations,,,,,,,lyra,595c4ba1-f7b0-4973-89ea-0c2269716949,d6277169-e93e-4a76-a2b9-dd993e91161d,5c3ac739-0ed4-4083-843b-481f85686806,,,35327f2b-9205-440f-8e38-f6da18f4dd54,35327f2b-9205-440f-8e38-f6da18f4dd54,2025-07-06T18:15:17.755Z,2025-07-06T18:15:17.755Z,,,,d6277169-e93e-4a76-a2b9-dd993e91161d--5c3ac739-0ed4-4083-843b-481f85686806
Shoulder Stand - Pencil,Shoulder Stand - Delilah,Shoulder Stand Variation,,variations,,,,,,,lyra,6aed9f5b-23a0-4b26-86d0-e672dec9caf7,5fee6c62-0599-4dd0-9405-b4ff00f37bba,6391888b-059f-4716-8373-39b0f71bded5,,,35327f2b-9205-440f-8e38-f6da18f4dd54,35327f2b-9205-440f-8e38-f6da18f4dd54,2025-07-06T18:15:17.755Z,2025-07-06T18:15:17.755Z,,,,5fee6c62-0599-4dd0-9405-b4ff00f37bba--6391888b-059f-4716-8373-39b0f71bded5
Shoulder Stand - Delilah,Shoulder Stand - Pencil,Shoulder Stand Variation,,variations,,,,,,,lyra,010b8592-f61f-4d4a-a5e2-671795a74383,6391888b-059f-4716-8373-39b0f71bded5,5fee6c62-0599-4dd0-9405-b4ff00f37bba,,,35327f2b-9205-440f-8e38-f6da18f4dd54,35327f2b-9205-440f-8e38-f6da18f4dd54,2025-07-06T18:15:17.755Z,2025-07-06T18:15:17.755Z,,,,6391888b-059f-4716-8373-39b0f71bded5--5fee6c62-0599-4dd0-9405-b4ff00f37bba
Shoulder Stand - Pencil,Shoulder Stand - Double Knee Hang,Shoulder Stand Variation,,variations,,,,,,,lyra,3e432a23-20c8-4069-b360-138a9202b9c0,5fee6c62-0599-4dd0-9405-b4ff00f37bba,69041118-0441-4f9b-9595-b92b7e6256cd,,,35327f2b-9205-440f-8e38-f6da18f4dd54,35327f2b-9205-440f-8e38-f6da18f4dd54,2025-07-06T18:15:17.755Z,2025-07-06T18:15:17.755Z,,,,5fee6c62-0599-4dd0-9405-b4ff00f37bba--69041118-0441-4f9b-9595-b92b7e6256cd
Shoulder Stand - Double Knee Hang,Shoulder Stand - Pencil,Shoulder Stand Variation,,variations,,,,,,,lyra,fd4a09d3-01f2-4392-8a4f-751078defd98,69041118-0441-4f9b-9595-b92b7e6256cd,5fee6c62-0599-4dd0-9405-b4ff00f37bba,,,35327f2b-9205-440f-8e38-f6da18f4dd54,35327f2b-9205-440f-8e38-f6da18f4dd54,2025-07-06T18:15:17.755Z,2025-07-06T18:15:17.755Z,,,,69041118-0441-4f9b-9595-b92b7e6256cd--5fee6c62-0599-4dd0-9405-b4ff00f37bba
Shoulder Stand - Pencil,Shoulder Stand - Pike,Shoulder Stand Variation,,variations,,,,,,,lyra,ce682281-68cd-44c9-b85e-d9202d5c1e09,5fee6c62-0599-4dd0-9405-b4ff00f37bba,e6306db2-c558-4c0a-865f-d9fa6a4fb87b,,,35327f2b-9205-440f-8e38-f6da18f4dd54,35327f2b-9205-440f-8e38-f6da18f4dd54,2025-07-06T18:15:17.755Z,2025-07-06T18:15:17.755Z,,,,5fee6c62-0599-4dd0-9405-b4ff00f37bba--e6306db2-c558-4c0a-865f-d9fa6a4fb87b
Shoulder Stand - Pike,Shoulder Stand - Pencil,Shoulder Stand Variation,,variations,,,,,,,lyra,5f6a485c-7ea5-41ec-89d1-7f57182a56b9,e6306db2-c558-4c0a-865f-d9fa6a4fb87b,5fee6c62-0599-4dd0-9405-b4ff00f37bba,,,35327f2b-9205-440f-8e38-f6da18f4dd54,35327f2b-9205-440f-8e38-f6da18f4dd54,2025-07-06T18:15:17.755Z,2025-07-06T18:15:17.755Z,,,,e6306db2-c558-4c0a-865f-d9fa6a4fb87b--5fee6c62-0599-4dd0-9405-b4ff00f37bba
Shoulder Stand - Pencil,Shoulder Stand - Arrow,Shoulder Stand Variation,,variations,,,,,,,lyra,b7de1188-3405-44a6-b742-f63881c8b363,5fee6c62-0599-4dd0-9405-b4ff00f37bba,f30eb570-98cf-4ad9-9944-364e735f729d,,,35327f2b-9205-440f-8e38-f6da18f4dd54,35327f2b-9205-440f-8e38-f6da18f4dd54,2025-07-06T18:15:17.755Z,2025-07-06T18:15:17.755Z,,,,5fee6c62-0599-4dd0-9405-b4ff00f37bba--f30eb570-98cf-4ad9-9944-364e735f729d
Shoulder Stand - Arrow,Shoulder Stand - Pencil,Shoulder Stand Variation,,variations,,,,,,,lyra,aedfe96b-605d-4965-97e0-43ce92997867,f30eb570-98cf-4ad9-9944-364e735f729d,5fee6c62-0599-4dd0-9405-b4ff00f37bba,,,35327f2b-9205-440f-8e38-f6da18f4dd54,35327f2b-9205-440f-8e38-f6da18f4dd54,2025-07-06T18:15:17.755Z,2025-07-06T18:15:17.755Z,,,,f30eb570-98cf-4ad9-9944-364e735f729d--5fee6c62-0599-4dd0-9405-b4ff00f37bba
L Sit,Flamingo,,,,,,,,,,lyra,dd75f060-937e-4b98-a286-cf64f167738b,61cb551d-8949-4980-93fb-399ea5e61c7c,530941e0-9455-4fdf-998c-e769c044da47,,,35327f2b-9205-440f-8e38-f6da18f4dd54,35327f2b-9205-440f-8e38-f6da18f4dd54,2025-05-02T18:15:17.755Z,2025-05-02T18:15:17.755Z,0,,,61cb551d-8949-4980-93fb-399ea5e61c7c--530941e0-9455-4fdf-998c-e769c044da47
Double Knee Hang - Back Press Away - Top Bar ,Double Knee Hang - Front Press Away - Top Bar ,Knee Hang Variation,,variations,,,,,,,lyra,1766bb32-2f0a-409b-8f43-ab4d034b2a43,62251bc1-52a9-4cbd-a2c9-fb8cd2c7bd7f,6709e9e5-d356-4dd4-8513-86aa4acc11bf,,,35327f2b-9205-440f-8e38-f6da18f4dd54,35327f2b-9205-440f-8e38-f6da18f4dd54,2025-07-06T18:15:17.755Z,2025-07-06T18:15:17.755Z,,,,62251bc1-52a9-4cbd-a2c9-fb8cd2c7bd7f--6709e9e5-d356-4dd4-8513-86aa4acc11bf
Double Knee Hang - Front Press Away - Top Bar ,Double Knee Hang - Back Press Away - Top Bar ,Knee Hang Variation,,variations,,,,,,,lyra,49e5fe40-15ab-4b85-bf5f-f76a99afc709,6709e9e5-d356-4dd4-8513-86aa4acc11bf,62251bc1-52a9-4cbd-a2c9-fb8cd2c7bd7f,,,35327f2b-9205-440f-8e38-f6da18f4dd54,35327f2b-9205-440f-8e38-f6da18f4dd54,2025-07-06T18:15:17.755Z,2025-07-06T18:15:17.755Z,,,,6709e9e5-d356-4dd4-8513-86aa4acc11bf--62251bc1-52a9-4cbd-a2c9-fb8cd2c7bd7f
Double Knee Hang - Back Press Away - Top Bar ,Double Knee Hang - Hands Low - Top Bar ,Knee Hang Variation,,variations,,,,,,,lyra,65139add-378a-4796-92f7-f3ba5b34ef41,62251bc1-52a9-4cbd-a2c9-fb8cd2c7bd7f,92015d72-5ec9-4d1d-b5a7-5feaa8b46f42,,,35327f2b-9205-440f-8e38-f6da18f4dd54,35327f2b-9205-440f-8e38-f6da18f4dd54,2025-07-06T18:15:17.755Z,2025-07-06T18:15:17.755Z,,,,62251bc1-52a9-4cbd-a2c9-fb8cd2c7bd7f--92015d72-5ec9-4d1d-b5a7-5feaa8b46f42
Double Knee Hang - Hands Low - Top Bar ,Double Knee Hang - Back Press Away - Top Bar ,Knee Hang Variation,,variations,,,,,,,lyra,926d6c9a-ba8a-4154-ad9e-59cbb9d78a81,92015d72-5ec9-4d1d-b5a7-5feaa8b46f42,62251bc1-52a9-4cbd-a2c9-fb8cd2c7bd7f,,,35327f2b-9205-440f-8e38-f6da18f4dd54,35327f2b-9205-440f-8e38-f6da18f4dd54,2025-07-06T18:15:17.755Z,2025-07-06T18:15:17.755Z,,,,92015d72-5ec9-4d1d-b5a7-5feaa8b46f42--62251bc1-52a9-4cbd-a2c9-fb8cd2c7bd7f
Double Knee Hang - Back Press Away - Top Bar ,Double Knee Hang - Hands High - Top Bar ,Knee Hang Variation,,variations,,,,,,,lyra,d92382d6-f4fc-4dea-b584-72151f1f157e,62251bc1-52a9-4cbd-a2c9-fb8cd2c7bd7f,d869ac14-43fe-44d3-8de8-cadaec99db0f,,,35327f2b-9205-440f-8e38-f6da18f4dd54,35327f2b-9205-440f-8e38-f6da18f4dd54,2025-07-06T18:15:17.755Z,2025-07-06T18:15:17.755Z,,,,62251bc1-52a9-4cbd-a2c9-fb8cd2c7bd7f--d869ac14-43fe-44d3-8de8-cadaec99db0f
Double Knee Hang - Hands High - Top Bar ,Double Knee Hang - Back Press Away - Top Bar ,Knee Hang Variation,,variations,,,,,,,lyra,86c4fb9f-7c2a-4f53-806a-5c9c7a38f06d,d869ac14-43fe-44d3-8de8-cadaec99db0f,62251bc1-52a9-4cbd-a2c9-fb8cd2c7bd7f,,,35327f2b-9205-440f-8e38-f6da18f4dd54,35327f2b-9205-440f-8e38-f6da18f4dd54,2025-07-06T18:15:17.755Z,2025-07-06T18:15:17.755Z,,,,d869ac14-43fe-44d3-8de8-cadaec99db0f--62251bc1-52a9-4cbd-a2c9-fb8cd2c7bd7f
Shoulder Stand - Delilah,Shoulder Stand - Double Knee Hang,Shoulder Stand Variation,,variations,,,,,,,lyra,6b1e456a-5b99-4c8a-8c3a-2f0aa18167a7,6391888b-059f-4716-8373-39b0f71bded5,69041118-0441-4f9b-9595-b92b7e6256cd,,,35327f2b-9205-440f-8e38-f6da18f4dd54,35327f2b-9205-440f-8e38-f6da18f4dd54,2025-07-06T18:15:17.755Z,2025-07-06T18:15:17.755Z,,,,6391888b-059f-4716-8373-39b0f71bded5--69041118-0441-4f9b-9595-b92b7e6256cd
Shoulder Stand - Double Knee Hang,Shoulder Stand - Delilah,Shoulder Stand Variation,,variations,,,,,,,lyra,bea0d54a-a9de-4f05-b03b-4d7a879560f1,69041118-0441-4f9b-9595-b92b7e6256cd,6391888b-059f-4716-8373-39b0f71bded5,,,35327f2b-9205-440f-8e38-f6da18f4dd54,35327f2b-9205-440f-8e38-f6da18f4dd54,2025-07-06T18:15:17.755Z,2025-07-06T18:15:17.755Z,,,,69041118-0441-4f9b-9595-b92b7e6256cd--6391888b-059f-4716-8373-39b0f71bded5
Shoulder Stand - Delilah,Shoulder Stand - Pike,Shoulder Stand Variation,,variations,,,,,,,lyra,a334dcca-93d1-4c5d-9c15-2d7a419d7612,6391888b-059f-4716-8373-39b0f71bded5,e6306db2-c558-4c0a-865f-d9fa6a4fb87b,,,35327f2b-9205-440f-8e38-f6da18f4dd54,35327f2b-9205-440f-8e38-f6da18f4dd54,2025-07-06T18:15:17.755Z,2025-07-06T18:15:17.755Z,,,,6391888b-059f-4716-8373-39b0f71bded5--e6306db2-c558-4c0a-865f-d9fa6a4fb87b
Shoulder Stand - Pike,Shoulder Stand - Delilah,Shoulder Stand Variation,,variations,,,,,,,lyra,2cf405c7-e39d-4154-b667-0e4ddf497557,e6306db2-c558-4c0a-865f-d9fa6a4fb87b,6391888b-059f-4716-8373-39b0f71bded5,,,35327f2b-9205-440f-8e38-f6da18f4dd54,35327f2b-9205-440f-8e38-f6da18f4dd54,2025-07-06T18:15:17.755Z,2025-07-06T18:15:17.755Z,,,,e6306db2-c558-4c0a-865f-d9fa6a4fb87b--6391888b-059f-4716-8373-39b0f71bded5
Double Knee Hang - Front Press Away - Top Bar ,Double Knee Hang - Hands Low - Top Bar ,Knee Hang Variation,,variations,,,,,,,lyra,60727c7f-7070-4d69-b09d-544773667446,6709e9e5-d356-4dd4-8513-86aa4acc11bf,92015d72-5ec9-4d1d-b5a7-5feaa8b46f42,,,35327f2b-9205-440f-8e38-f6da18f4dd54,35327f2b-9205-440f-8e38-f6da18f4dd54,2025-07-06T18:15:17.755Z,2025-07-06T18:15:17.755Z,,,,6709e9e5-d356-4dd4-8513-86aa4acc11bf--92015d72-5ec9-4d1d-b5a7-5feaa8b46f42
Double Knee Hang - Hands Low - Top Bar ,Double Knee Hang - Front Press Away - Top Bar ,Knee Hang Variation,,variations,,,,,,,lyra,8922b66e-5a69-4328-a6bb-88480da22567,92015d72-5ec9-4d1d-b5a7-5feaa8b46f42,6709e9e5-d356-4dd4-8513-86aa4acc11bf,,,35327f2b-9205-440f-8e38-f6da18f4dd54,35327f2b-9205-440f-8e38-f6da18f4dd54,2025-07-06T18:15:17.755Z,2025-07-06T18:15:17.755Z,,,,92015d72-5ec9-4d1d-b5a7-5feaa8b46f42--6709e9e5-d356-4dd4-8513-86aa4acc11bf
Double Knee Hang - Front Press Away - Top Bar ,Double Knee Hang - Hands High - Top Bar ,Knee Hang Variation,,variations,,,,,,,lyra,061cb4e5-e132-4e3c-9121-ceedd7ccda0c,6709e9e5-d356-4dd4-8513-86aa4acc11bf,d869ac14-43fe-44d3-8de8-cadaec99db0f,,,35327f2b-9205-440f-8e38-f6da18f4dd54,35327f2b-9205-440f-8e38-f6da18f4dd54,2025-07-06T18:15:17.755Z,2025-07-06T18:15:17.755Z,,,,6709e9e5-d356-4dd4-8513-86aa4acc11bf--d869ac14-43fe-44d3-8de8-cadaec99db0f
Double Knee Hang - Hands High - Top Bar ,Double Knee Hang - Front Press Away - Top Bar ,Knee Hang Variation,,variations,,,,,,,lyra,4a429fb8-1465-4db7-926b-5aeb8137997f,d869ac14-43fe-44d3-8de8-cadaec99db0f,6709e9e5-d356-4dd4-8513-86aa4acc11bf,,,35327f2b-9205-440f-8e38-f6da18f4dd54,35327f2b-9205-440f-8e38-f6da18f4dd54,2025-07-06T18:15:17.755Z,2025-07-06T18:15:17.755Z,,,,d869ac14-43fe-44d3-8de8-cadaec99db0f--6709e9e5-d356-4dd4-8513-86aa4acc11bf
Hip Hang Foot Block - Both Legs,Hip Hang Foot Block - Inverted Flamingo,Hip Hang Foot Block,,variations,,,,,,,lyra,b664f983-8973-46f0-8525-d7a5dfd454f7,681e7eb3-8a7d-47e9-b1b9-a7bea35df6ca,539f1b36-1529-4d19-8b24-cff2851146fb,,,35327f2b-9205-440f-8e38-f6da18f4dd54,35327f2b-9205-440f-8e38-f6da18f4dd54,2025-07-06T18:15:17.755Z,2025-07-06T18:15:17.755Z,,,,681e7eb3-8a7d-47e9-b1b9-a7bea35df6ca--539f1b36-1529-4d19-8b24-cff2851146fb
Hip Hang Foot Block - Inverted Flamingo,Hip Hang Foot Block - Both Legs,Hip Hang Foot Block,,variations,,,,,,,lyra,97d175e9-16b6-46a6-8164-c7d0a239a341,539f1b36-1529-4d19-8b24-cff2851146fb,681e7eb3-8a7d-47e9-b1b9-a7bea35df6ca,,,35327f2b-9205-440f-8e38-f6da18f4dd54,35327f2b-9205-440f-8e38-f6da18f4dd54,2025-07-06T18:15:17.755Z,2025-07-06T18:15:17.755Z,,,,539f1b36-1529-4d19-8b24-cff2851146fb--681e7eb3-8a7d-47e9-b1b9-a7bea35df6ca
Hip Hang Foot Block - Both Legs,Hip Hang Foot Block - One Leg Bent,Hip Hang Foot Block,,variations,,,,,,,lyra,af926206-cb1f-42e7-b6a6-e7eb3f7cc407,681e7eb3-8a7d-47e9-b1b9-a7bea35df6ca,b8d44b98-0345-49d9-8fe6-cae50f42731b,,,35327f2b-9205-440f-8e38-f6da18f4dd54,35327f2b-9205-440f-8e38-f6da18f4dd54,2025-07-06T18:15:17.755Z,2025-07-06T18:15:17.755Z,,,,681e7eb3-8a7d-47e9-b1b9-a7bea35df6ca--b8d44b98-0345-49d9-8fe6-cae50f42731b
Hip Hang Foot Block - One Leg Bent,Hip Hang Foot Block - Both Legs,Hip Hang Foot Block,,variations,,,,,,,lyra,5a2d26f6-6aa7-411b-af02-207bdf0dcee3,b8d44b98-0345-49d9-8fe6-cae50f42731b,681e7eb3-8a7d-47e9-b1b9-a7bea35df6ca,,,35327f2b-9205-440f-8e38-f6da18f4dd54,35327f2b-9205-440f-8e38-f6da18f4dd54,2025-07-06T18:15:17.755Z,2025-07-06T18:15:17.755Z,,,,b8d44b98-0345-49d9-8fe6-cae50f42731b--681e7eb3-8a7d-47e9-b1b9-a7bea35df6ca
Shoulder Stand - Double Knee Hang,Shoulder Stand - Pike,Shoulder Stand Variation,,variations,,,,,,,lyra,abfaf241-ce0f-4fbb-a62c-becbbca64875,69041118-0441-4f9b-9595-b92b7e6256cd,e6306db2-c558-4c0a-865f-d9fa6a4fb87b,,,35327f2b-9205-440f-8e38-f6da18f4dd54,35327f2b-9205-440f-8e38-f6da18f4dd54,2025-07-06T18:15:17.755Z,2025-07-06T18:15:17.755Z,,,,69041118-0441-4f9b-9595-b92b7e6256cd--e6306db2-c558-4c0a-865f-d9fa6a4fb87b
Shoulder Stand - Pike,Shoulder Stand - Double Knee Hang,Shoulder Stand Variation,,variations,,,,,,,lyra,08652291-4820-4cc5-bb52-ac0d15283ae8,e6306db2-c558-4c0a-865f-d9fa6a4fb87b,69041118-0441-4f9b-9595-b92b7e6256cd,,,35327f2b-9205-440f-8e38-f6da18f4dd54,35327f2b-9205-440f-8e38-f6da18f4dd54,2025-07-06T18:15:17.755Z,2025-07-06T18:15:17.755Z,,,,e6306db2-c558-4c0a-865f-d9fa6a4fb87b--69041118-0441-4f9b-9595-b92b7e6256cd
Delilah - Top Bar,Delilah - Foot Press Away - Top Bar,Delilah Variation,,variations,,,,,,,lyra,022dbd26-f14b-42d5-9491-e5d7442be73f,695a7413-ce35-4e66-a515-9f2c81954200,1852d9b9-b888-4b33-a37a-4a2ddcbd29e4,,,35327f2b-9205-440f-8e38-f6da18f4dd54,35327f2b-9205-440f-8e38-f6da18f4dd54,2025-07-06T18:15:17.755Z,2025-07-06T18:15:17.755Z,,,,695a7413-ce35-4e66-a515-9f2c81954200--1852d9b9-b888-4b33-a37a-4a2ddcbd29e4
Delilah - Foot Press Away - Top Bar,Delilah - Top Bar,Delilah Variation,,variations,,,,,,,lyra,6e31e740-b3b8-476d-a393-4f77ac908c1f,1852d9b9-b888-4b33-a37a-4a2ddcbd29e4,695a7413-ce35-4e66-a515-9f2c81954200,,,35327f2b-9205-440f-8e38-f6da18f4dd54,35327f2b-9205-440f-8e38-f6da18f4dd54,2025-07-06T18:15:17.755Z,2025-07-06T18:15:17.755Z,,,,1852d9b9-b888-4b33-a37a-4a2ddcbd29e4--695a7413-ce35-4e66-a515-9f2c81954200
Delilah - Top Bar,Delilah - Hand Press Away - Top Bar,Delilah Variation,,variations,,,,,,,lyra,deac5590-478e-4658-99cd-7534c2293901,695a7413-ce35-4e66-a515-9f2c81954200,41c33b62-a58a-42fd-86cb-7705a74c2902,,,35327f2b-9205-440f-8e38-f6da18f4dd54,35327f2b-9205-440f-8e38-f6da18f4dd54,2025-07-06T18:15:17.755Z,2025-07-06T18:15:17.755Z,,,,695a7413-ce35-4e66-a515-9f2c81954200--41c33b62-a58a-42fd-86cb-7705a74c2902
Delilah - Hand Press Away - Top Bar,Delilah - Top Bar,Delilah Variation,,variations,,,,,,,lyra,62870f4c-c5a8-405e-a4ff-6c74e6c1c7e5,41c33b62-a58a-42fd-86cb-7705a74c2902,695a7413-ce35-4e66-a515-9f2c81954200,,,35327f2b-9205-440f-8e38-f6da18f4dd54,35327f2b-9205-440f-8e38-f6da18f4dd54,2025-07-06T18:15:17.755Z,2025-07-06T18:15:17.755Z,,,,41c33b62-a58a-42fd-86cb-7705a74c2902--695a7413-ce35-4e66-a515-9f2c81954200
Delilah - Top Bar,Delilah - One Leg Bent - Top Bar,Delilah Variation,,variations,,,,,,,lyra,74ed5fa4-e17b-4137-a78f-f82174987010,695a7413-ce35-4e66-a515-9f2c81954200,60baaaf9-6cbe-4888-acc0-35783398e8f1,,,35327f2b-9205-440f-8e38-f6da18f4dd54,35327f2b-9205-440f-8e38-f6da18f4dd54,2025-07-06T18:15:17.755Z,2025-07-06T18:15:17.755Z,,,,695a7413-ce35-4e66-a515-9f2c81954200--60baaaf9-6cbe-4888-acc0-35783398e8f1
Delilah - One Leg Bent - Top Bar,Delilah - Top Bar,Delilah Variation,,variations,,,,,,,lyra,b592ecd6-ab39-4696-8b0c-6c64870ee5a7,60baaaf9-6cbe-4888-acc0-35783398e8f1,695a7413-ce35-4e66-a515-9f2c81954200,,,35327f2b-9205-440f-8e38-f6da18f4dd54,35327f2b-9205-440f-8e38-f6da18f4dd54,2025-07-06T18:15:17.755Z,2025-07-06T18:15:17.755Z,,,,60baaaf9-6cbe-4888-acc0-35783398e8f1--695a7413-ce35-4e66-a515-9f2c81954200
Gazelle Allegra - Bent Leg,Gazelle Allegra - Straight Leg,Gazelle Allegra Variation,,variations,,,,,,,lyra,efb9d2da-9d26-4d9a-ab46-a5b34d78a942,6bb92ce4-15d0-4101-9617-d0f1d38f299c,53edf6b7-97fa-4397-8c89-4fef733bff7c,,,35327f2b-9205-440f-8e38-f6da18f4dd54,35327f2b-9205-440f-8e38-f6da18f4dd54,2025-07-06T18:15:17.755Z,2025-07-06T18:15:17.755Z,,,,6bb92ce4-15d0-4101-9617-d0f1d38f299c--53edf6b7-97fa-4397-8c89-4fef733bff7c
Gazelle Allegra - Straight Leg,Gazelle Allegra - Bent Leg,Gazelle Allegra Variation,,variations,,,,,,,lyra,a0e5e77e-981b-4954-8927-e19411d1bde6,53edf6b7-97fa-4397-8c89-4fef733bff7c,6bb92ce4-15d0-4101-9617-d0f1d38f299c,,,35327f2b-9205-440f-8e38-f6da18f4dd54,35327f2b-9205-440f-8e38-f6da18f4dd54,2025-07-06T18:15:17.755Z,2025-07-06T18:15:17.755Z,,,,53edf6b7-97fa-4397-8c89-4fef733bff7c--6bb92ce4-15d0-4101-9617-d0f1d38f299c
Hip Hang,Hip Hang Foot Block - One Leg Straight,Hip Hang Foot Block,,variations,,,,,,,lyra,81a6ee12-f136-4967-a584-69f25574fdb2,6cc4b235-ffc4-4813-8f94-2b127f0ba5ce,0bee5b6a-dcbd-4c05-86ee-58783f861988,,,35327f2b-9205-440f-8e38-f6da18f4dd54,35327f2b-9205-440f-8e38-f6da18f4dd54,2025-07-06T18:15:17.755Z,2025-07-06T18:15:17.755Z,,,,6cc4b235-ffc4-4813-8f94-2b127f0ba5ce--0bee5b6a-dcbd-4c05-86ee-58783f861988
Hip Hang Foot Block - One Leg Straight,Hip Hang,Hip Hang Foot Block,,variations,,,,,,,lyra,6139d689-560d-4a6e-a84a-6bde144e0ff7,0bee5b6a-dcbd-4c05-86ee-58783f861988,6cc4b235-ffc4-4813-8f94-2b127f0ba5ce,,,35327f2b-9205-440f-8e38-f6da18f4dd54,35327f2b-9205-440f-8e38-f6da18f4dd54,2025-07-06T18:15:17.755Z,2025-07-06T18:15:17.755Z,,,,0bee5b6a-dcbd-4c05-86ee-58783f861988--6cc4b235-ffc4-4813-8f94-2b127f0ba5ce
Hip Hang,Standing On Ground,Hip Hang Flip Out,,exit,,,,,,,lyra,5c7f71f6-cbb2-4f9d-9d00-120bdc33422c,6cc4b235-ffc4-4813-8f94-2b127f0ba5ce,50d8bbd1-28f0-4303-b1c9-a26a96f236af,,,35327f2b-9205-440f-8e38-f6da18f4dd54,35327f2b-9205-440f-8e38-f6da18f4dd54,2025-05-02T18:15:17.755Z,2025-05-02T18:15:17.755Z,0,,,6cc4b235-ffc4-4813-8f94-2b127f0ba5ce--50d8bbd1-28f0-4303-b1c9-a26a96f236af
Hip Hang,Hip Hang Foot Block - Inverted Flamingo,Hip Hang Foot Block,,variations,,,,,,,lyra,f824b293-580b-4790-8952-56e4eeb15d0e,6cc4b235-ffc4-4813-8f94-2b127f0ba5ce,539f1b36-1529-4d19-8b24-cff2851146fb,,,35327f2b-9205-440f-8e38-f6da18f4dd54,35327f2b-9205-440f-8e38-f6da18f4dd54,2025-07-06T18:15:17.755Z,2025-07-06T18:15:17.755Z,,,,6cc4b235-ffc4-4813-8f94-2b127f0ba5ce--539f1b36-1529-4d19-8b24-cff2851146fb
Hip Hang Foot Block - Inverted Flamingo,Hip Hang,Hip Hang Foot Block,,variations,,,,,,,lyra,cba73e7a-0e08-4291-9dad-1a1193f52500,539f1b36-1529-4d19-8b24-cff2851146fb,6cc4b235-ffc4-4813-8f94-2b127f0ba5ce,,,35327f2b-9205-440f-8e38-f6da18f4dd54,35327f2b-9205-440f-8e38-f6da18f4dd54,2025-07-06T18:15:17.755Z,2025-07-06T18:15:17.755Z,,,,539f1b36-1529-4d19-8b24-cff2851146fb--6cc4b235-ffc4-4813-8f94-2b127f0ba5ce
Hip Hang,Hip Hang Foot Block - Both Legs,Hip Hang Foot Block,,variations,,,,,,,lyra,7d2d84cb-09cf-4600-8dff-8b1afdc83b62,6cc4b235-ffc4-4813-8f94-2b127f0ba5ce,681e7eb3-8a7d-47e9-b1b9-a7bea35df6ca,,,35327f2b-9205-440f-8e38-f6da18f4dd54,35327f2b-9205-440f-8e38-f6da18f4dd54,2025-07-06T18:15:17.755Z,2025-07-06T18:15:17.755Z,,,,6cc4b235-ffc4-4813-8f94-2b127f0ba5ce--681e7eb3-8a7d-47e9-b1b9-a7bea35df6ca
Hip Hang Foot Block - Both Legs,Hip Hang,Hip Hang Foot Block,,variations,,,,,,,lyra,18224504-6db7-456c-820f-f0e295532476,681e7eb3-8a7d-47e9-b1b9-a7bea35df6ca,6cc4b235-ffc4-4813-8f94-2b127f0ba5ce,,,35327f2b-9205-440f-8e38-f6da18f4dd54,35327f2b-9205-440f-8e38-f6da18f4dd54,2025-07-06T18:15:17.755Z,2025-07-06T18:15:17.755Z,,,,681e7eb3-8a7d-47e9-b1b9-a7bea35df6ca--6cc4b235-ffc4-4813-8f94-2b127f0ba5ce
Hip Hang,Hip Hang - Scorpion,Hip Hang Scorpion,,variations,,,,,,,lyra,e7b9acad-37ee-473d-8bbc-aede051b3c69,6cc4b235-ffc4-4813-8f94-2b127f0ba5ce,8ddad6ce-4ca8-44ac-a609-36fb7e391f9c,,,35327f2b-9205-440f-8e38-f6da18f4dd54,35327f2b-9205-440f-8e38-f6da18f4dd54,2025-07-06T18:15:17.755Z,2025-07-06T18:15:17.755Z,,,,6cc4b235-ffc4-4813-8f94-2b127f0ba5ce--8ddad6ce-4ca8-44ac-a609-36fb7e391f9c
Hip Hang - Scorpion,Hip Hang,Hip Hang Scorpion,,variations,,,,,,,lyra,cd0d990a-cb4f-4a58-872b-74dfb274f980,8ddad6ce-4ca8-44ac-a609-36fb7e391f9c,6cc4b235-ffc4-4813-8f94-2b127f0ba5ce,,,35327f2b-9205-440f-8e38-f6da18f4dd54,35327f2b-9205-440f-8e38-f6da18f4dd54,2025-07-06T18:15:17.755Z,2025-07-06T18:15:17.755Z,,,,8ddad6ce-4ca8-44ac-a609-36fb7e391f9c--6cc4b235-ffc4-4813-8f94-2b127f0ba5ce
Hip Hang,Pretzel Hang - Hands On - Bottom Bar,,,,"Hip Hang
One Leg straight towards floor, other bent in front of straight leg
Opposite arm from bent leg grabs bent foot/ankle.  Other arm is holding onto the bar. (or no hands and drop to KH)
Flip forward to knee hook.
Take hand off bar and grab foot/ankle of free leg (If having trouble grabbing other foot, crunch forward to grab foot, then invert and arch back.)",,,,,,lyra,581d04dc-a258-4a21-aa26-4f6191459070,6cc4b235-ffc4-4813-8f94-2b127f0ba5ce,b8003f60-b8f5-4612-9162-0b7c8a6c735c,,,35327f2b-9205-440f-8e38-f6da18f4dd54,35327f2b-9205-440f-8e38-f6da18f4dd54,2025-05-02T18:15:17.755Z,2025-05-02T18:15:17.755Z,0,,,6cc4b235-ffc4-4813-8f94-2b127f0ba5ce--b8003f60-b8f5-4612-9162-0b7c8a6c735c
Hip Hang,Hip Hang Foot Block - One Leg Bent,Hip Hang Foot Block,,variations,,,,,,,lyra,6caea1e2-b60b-4807-96db-83693dbfd6b6,6cc4b235-ffc4-4813-8f94-2b127f0ba5ce,b8d44b98-0345-49d9-8fe6-cae50f42731b,,,35327f2b-9205-440f-8e38-f6da18f4dd54,35327f2b-9205-440f-8e38-f6da18f4dd54,2025-07-06T18:15:17.755Z,2025-07-06T18:15:17.755Z,,,,6cc4b235-ffc4-4813-8f94-2b127f0ba5ce--b8d44b98-0345-49d9-8fe6-cae50f42731b
Hip Hang Foot Block - One Leg Bent,Hip Hang,Hip Hang Foot Block,,variations,,,,,,,lyra,9771e620-5b74-4806-ae51-7f326cee45b0,b8d44b98-0345-49d9-8fe6-cae50f42731b,6cc4b235-ffc4-4813-8f94-2b127f0ba5ce,,,35327f2b-9205-440f-8e38-f6da18f4dd54,35327f2b-9205-440f-8e38-f6da18f4dd54,2025-07-06T18:15:17.755Z,2025-07-06T18:15:17.755Z,,,,b8d44b98-0345-49d9-8fe6-cae50f42731b--6cc4b235-ffc4-4813-8f94-2b127f0ba5ce
Hip Hang,Hip Hang - Flip Out,Flip Out,,exit,,,,,,,lyra,916c6bbb-fe37-48af-b9ab-a62f2885c2f7,6cc4b235-ffc4-4813-8f94-2b127f0ba5ce,d2285ed0-8754-44b7-8b50-793e5e78d67c,,,35327f2b-9205-440f-8e38-f6da18f4dd54,35327f2b-9205-440f-8e38-f6da18f4dd54,2025-07-06T18:15:17.755Z,2025-07-06T18:15:17.755Z,,,,6cc4b235-ffc4-4813-8f94-2b127f0ba5ce--d2285ed0-8754-44b7-8b50-793e5e78d67c
Hip Hang - Flip Out,Hip Hang,Flip Out,,exit,,,,,,,lyra,239b78fb-ce06-4f48-be25-2ef51459e7b3,d2285ed0-8754-44b7-8b50-793e5e78d67c,6cc4b235-ffc4-4813-8f94-2b127f0ba5ce,,,35327f2b-9205-440f-8e38-f6da18f4dd54,35327f2b-9205-440f-8e38-f6da18f4dd54,2025-07-06T18:15:17.755Z,2025-07-06T18:15:17.755Z,,,,d2285ed0-8754-44b7-8b50-793e5e78d67c--6cc4b235-ffc4-4813-8f94-2b127f0ba5ce
Hip Hang,Hip Hang - Flip In,Flip In,,entrance,,,,,,,lyra,684c4d09-0a76-4f0c-87e6-6b501fd71e97,6cc4b235-ffc4-4813-8f94-2b127f0ba5ce,db5a1a71-b747-4125-b0cf-8238fb870aa6,,,35327f2b-9205-440f-8e38-f6da18f4dd54,35327f2b-9205-440f-8e38-f6da18f4dd54,2025-07-06T18:15:17.755Z,2025-07-06T18:15:17.755Z,,,,6cc4b235-ffc4-4813-8f94-2b127f0ba5ce--db5a1a71-b747-4125-b0cf-8238fb870aa6
Hip Hang - Flip In,Hip Hang,Flip In,,entrance,,,,,,,lyra,a80cad76-7395-4f33-95e0-64baf106c259,db5a1a71-b747-4125-b0cf-8238fb870aa6,6cc4b235-ffc4-4813-8f94-2b127f0ba5ce,,,35327f2b-9205-440f-8e38-f6da18f4dd54,35327f2b-9205-440f-8e38-f6da18f4dd54,2025-07-06T18:15:17.755Z,2025-07-06T18:15:17.755Z,,,,db5a1a71-b747-4125-b0cf-8238fb870aa6--6cc4b235-ffc4-4813-8f94-2b127f0ba5ce
Hip Hang,Seated - Ground,Pike Hip Hang Dismount,,exit,"Hip Hang, one hand on either side of hips. 
Slowly bring hips off hoop, keeping legs straight in pike position. 
Engage arms and abs to make decent more controlled and slower.",,,,,,lyra,b4c7f53e-57d6-4d05-8ac9-5337f2eed7c1,6cc4b235-ffc4-4813-8f94-2b127f0ba5ce,e743a3c6-4f9a-4189-a14f-79d86e295c78,,,35327f2b-9205-440f-8e38-f6da18f4dd54,35327f2b-9205-440f-8e38-f6da18f4dd54,2025-05-02T18:15:17.755Z,2025-05-02T18:15:17.755Z,0,,,6cc4b235-ffc4-4813-8f94-2b127f0ba5ce--e743a3c6-4f9a-4189-a14f-79d86e295c78
Hip Hang,Seated - Ground,Genie Sit,,exit,"Hip Hang
one hand on either side of hips. 
Slowly take hips out of hoop 
cross legs on way down as you release your short arm grip.",,,,,,lyra,cd4fe77a-1c4e-4da3-8b16-943441c36fe0,6cc4b235-ffc4-4813-8f94-2b127f0ba5ce,e743a3c6-4f9a-4189-a14f-79d86e295c78,,,35327f2b-9205-440f-8e38-f6da18f4dd54,35327f2b-9205-440f-8e38-f6da18f4dd54,2025-05-02T18:15:17.755Z,2025-05-02T18:15:17.755Z,0,,,6cc4b235-ffc4-4813-8f94-2b127f0ba5ce--e743a3c6-4f9a-4189-a14f-79d86e295c78
Hip Hang,Hip Hang Foot Block - Figure Four,Hip Hang Foot Block,,variations,,,,,,,lyra,e55c3190-b14f-4dda-bbd5-807f065205bd,6cc4b235-ffc4-4813-8f94-2b127f0ba5ce,f9f16c51-5035-4319-b68d-c19cf663fe54,,,35327f2b-9205-440f-8e38-f6da18f4dd54,35327f2b-9205-440f-8e38-f6da18f4dd54,2025-07-06T18:15:17.755Z,2025-07-06T18:15:17.755Z,,,,6cc4b235-ffc4-4813-8f94-2b127f0ba5ce--f9f16c51-5035-4319-b68d-c19cf663fe54
Hip Hang Foot Block - Figure Four,Hip Hang,Hip Hang Foot Block,,variations,,,,,,,lyra,49eeddcb-9dc3-4d52-b708-f1b24c9c9f7e,f9f16c51-5035-4319-b68d-c19cf663fe54,6cc4b235-ffc4-4813-8f94-2b127f0ba5ce,,,35327f2b-9205-440f-8e38-f6da18f4dd54,35327f2b-9205-440f-8e38-f6da18f4dd54,2025-07-06T18:15:17.755Z,2025-07-06T18:15:17.755Z,,,,f9f16c51-5035-4319-b68d-c19cf663fe54--6cc4b235-ffc4-4813-8f94-2b127f0ba5ce
French Gazelle - Stag Legs,French Gazelle,French Gazelle Variation,,variations,,,,,,,lyra,bce73032-dae1-4b96-bca5-454563e4f969,6d463b7f-2c3c-42ef-a12c-aadf40ef11c3,87753377-22c8-4465-b5af-d65042eccabe,,,35327f2b-9205-440f-8e38-f6da18f4dd54,35327f2b-9205-440f-8e38-f6da18f4dd54,2025-07-06T18:15:17.755Z,2025-07-06T18:15:17.755Z,,,,6d463b7f-2c3c-42ef-a12c-aadf40ef11c3--87753377-22c8-4465-b5af-d65042eccabe
French Gazelle,French Gazelle - Stag Legs,French Gazelle Variation,,variations,,,,,,,lyra,922e2aa0-55e5-443f-a3aa-ea2f4df98a06,87753377-22c8-4465-b5af-d65042eccabe,6d463b7f-2c3c-42ef-a12c-aadf40ef11c3,,,35327f2b-9205-440f-8e38-f6da18f4dd54,35327f2b-9205-440f-8e38-f6da18f4dd54,2025-07-06T18:15:17.755Z,2025-07-06T18:15:17.755Z,,,,87753377-22c8-4465-b5af-d65042eccabe--6d463b7f-2c3c-42ef-a12c-aadf40ef11c3
Single Knee Hook - No Hands,Single Knee Hook - Back Press Away,Knee Hang Variation,,variations,,,,,,,lyra,dd09a7bc-cbf6-4484-8742-b65e03ac639b,6f09e6f8-98e7-4b77-8ea0-4045407e3879,23c02814-af5d-43b0-b76b-30516fa328fa,,,35327f2b-9205-440f-8e38-f6da18f4dd54,35327f2b-9205-440f-8e38-f6da18f4dd54,2025-07-06T18:15:17.755Z,2025-07-06T18:15:17.755Z,,,,6f09e6f8-98e7-4b77-8ea0-4045407e3879--23c02814-af5d-43b0-b76b-30516fa328fa
Single Knee Hook - Back Press Away,Single Knee Hook - No Hands,Knee Hang Variation,,variations,,,,,,,lyra,97e82ea1-dbe5-4033-9c09-22c636d13387,23c02814-af5d-43b0-b76b-30516fa328fa,6f09e6f8-98e7-4b77-8ea0-4045407e3879,,,35327f2b-9205-440f-8e38-f6da18f4dd54,35327f2b-9205-440f-8e38-f6da18f4dd54,2025-07-06T18:15:17.755Z,2025-07-06T18:15:17.755Z,,,,23c02814-af5d-43b0-b76b-30516fa328fa--6f09e6f8-98e7-4b77-8ea0-4045407e3879
Single Knee Hook - No Hands,Single Knee Hook - Front Press Away,Knee Hang Variation,,variations,,,,,,,lyra,6c75fec0-8ac6-4295-86a7-26b077562f60,6f09e6f8-98e7-4b77-8ea0-4045407e3879,ff1e39fa-eb34-4d7d-8ba7-09374c009d20,,,35327f2b-9205-440f-8e38-f6da18f4dd54,35327f2b-9205-440f-8e38-f6da18f4dd54,2025-07-06T18:15:17.755Z,2025-07-06T18:15:17.755Z,,,,6f09e6f8-98e7-4b77-8ea0-4045407e3879--ff1e39fa-eb34-4d7d-8ba7-09374c009d20
Single Knee Hook - Front Press Away,Single Knee Hook - No Hands,Knee Hang Variation,,variations,,,,,,,lyra,3bb786d1-7bc6-45bb-a3c6-f2ef9cda44a1,ff1e39fa-eb34-4d7d-8ba7-09374c009d20,6f09e6f8-98e7-4b77-8ea0-4045407e3879,,,35327f2b-9205-440f-8e38-f6da18f4dd54,35327f2b-9205-440f-8e38-f6da18f4dd54,2025-07-06T18:15:17.755Z,2025-07-06T18:15:17.755Z,,,,ff1e39fa-eb34-4d7d-8ba7-09374c009d20--6f09e6f8-98e7-4b77-8ea0-4045407e3879
Shoulder Stand - Front Split,Shoulder Stand - Pencil,Shoulder Stand Variation,,variations,,,,,,,lyra,8866e9dc-abb1-4596-b685-7e48286f3a8e,7113cd53-1ab6-4dd1-b299-707a426499ba,5fee6c62-0599-4dd0-9405-b4ff00f37bba,,,35327f2b-9205-440f-8e38-f6da18f4dd54,35327f2b-9205-440f-8e38-f6da18f4dd54,2025-07-06T18:15:17.755Z,2025-07-06T18:15:17.755Z,,,,7113cd53-1ab6-4dd1-b299-707a426499ba--5fee6c62-0599-4dd0-9405-b4ff00f37bba
Shoulder Stand - Pencil,Shoulder Stand - Front Split,Shoulder Stand Variation,,variations,,,,,,,lyra,bf9439eb-f65a-40d4-8ef3-f73e619c652e,5fee6c62-0599-4dd0-9405-b4ff00f37bba,7113cd53-1ab6-4dd1-b299-707a426499ba,,,35327f2b-9205-440f-8e38-f6da18f4dd54,35327f2b-9205-440f-8e38-f6da18f4dd54,2025-07-06T18:15:17.755Z,2025-07-06T18:15:17.755Z,,,,5fee6c62-0599-4dd0-9405-b4ff00f37bba--7113cd53-1ab6-4dd1-b299-707a426499ba
Shoulder Stand - Front Split,Shoulder Stand - Delilah,Shoulder Stand Variation,,variations,,,,,,,lyra,04783123-b1b5-49e6-b409-ea3b619424ba,7113cd53-1ab6-4dd1-b299-707a426499ba,6391888b-059f-4716-8373-39b0f71bded5,,,35327f2b-9205-440f-8e38-f6da18f4dd54,35327f2b-9205-440f-8e38-f6da18f4dd54,2025-07-06T18:15:17.755Z,2025-07-06T18:15:17.755Z,,,,7113cd53-1ab6-4dd1-b299-707a426499ba--6391888b-059f-4716-8373-39b0f71bded5
Shoulder Stand - Delilah,Shoulder Stand - Front Split,Shoulder Stand Variation,,variations,,,,,,,lyra,46f56569-7d36-44a4-9f90-7b76a33106b2,6391888b-059f-4716-8373-39b0f71bded5,7113cd53-1ab6-4dd1-b299-707a426499ba,,,35327f2b-9205-440f-8e38-f6da18f4dd54,35327f2b-9205-440f-8e38-f6da18f4dd54,2025-07-06T18:15:17.755Z,2025-07-06T18:15:17.755Z,,,,6391888b-059f-4716-8373-39b0f71bded5--7113cd53-1ab6-4dd1-b299-707a426499ba
Shoulder Stand - Front Split,Shoulder Stand - Double Knee Hang,Shoulder Stand Variation,,variations,,,,,,,lyra,9ab01019-c385-4546-bb21-287f26224075,7113cd53-1ab6-4dd1-b299-707a426499ba,69041118-0441-4f9b-9595-b92b7e6256cd,,,35327f2b-9205-440f-8e38-f6da18f4dd54,35327f2b-9205-440f-8e38-f6da18f4dd54,2025-07-06T18:15:17.755Z,2025-07-06T18:15:17.755Z,,,,7113cd53-1ab6-4dd1-b299-707a426499ba--69041118-0441-4f9b-9595-b92b7e6256cd
Shoulder Stand - Double Knee Hang,Shoulder Stand - Front Split,Shoulder Stand Variation,,variations,,,,,,,lyra,0e43b18e-bbbd-4d53-a497-eac3552b73be,69041118-0441-4f9b-9595-b92b7e6256cd,7113cd53-1ab6-4dd1-b299-707a426499ba,,,35327f2b-9205-440f-8e38-f6da18f4dd54,35327f2b-9205-440f-8e38-f6da18f4dd54,2025-07-06T18:15:17.755Z,2025-07-06T18:15:17.755Z,,,,69041118-0441-4f9b-9595-b92b7e6256cd--7113cd53-1ab6-4dd1-b299-707a426499ba
Shoulder Stand - Front Split,Shoulder Stand - Pike,Shoulder Stand Variation,,variations,,,,,,,lyra,ab7659d9-cc5a-42a5-9baa-61836fdd361e,7113cd53-1ab6-4dd1-b299-707a426499ba,e6306db2-c558-4c0a-865f-d9fa6a4fb87b,,,35327f2b-9205-440f-8e38-f6da18f4dd54,35327f2b-9205-440f-8e38-f6da18f4dd54,2025-07-06T18:15:17.755Z,2025-07-06T18:15:17.755Z,,,,7113cd53-1ab6-4dd1-b299-707a426499ba--e6306db2-c558-4c0a-865f-d9fa6a4fb87b
Shoulder Stand - Pike,Shoulder Stand - Front Split,Shoulder Stand Variation,,variations,,,,,,,lyra,fbb986b4-d058-45d5-96af-92b19da87c72,e6306db2-c558-4c0a-865f-d9fa6a4fb87b,7113cd53-1ab6-4dd1-b299-707a426499ba,,,35327f2b-9205-440f-8e38-f6da18f4dd54,35327f2b-9205-440f-8e38-f6da18f4dd54,2025-07-06T18:15:17.755Z,2025-07-06T18:15:17.755Z,,,,e6306db2-c558-4c0a-865f-d9fa6a4fb87b--7113cd53-1ab6-4dd1-b299-707a426499ba
Shoulder Stand - Front Split,Shoulder Stand - Arrow,Shoulder Stand Variation,,variations,,,,,,,lyra,3e63baf1-0287-460c-8adb-0c152288a037,7113cd53-1ab6-4dd1-b299-707a426499ba,f30eb570-98cf-4ad9-9944-364e735f729d,,,35327f2b-9205-440f-8e38-f6da18f4dd54,35327f2b-9205-440f-8e38-f6da18f4dd54,2025-07-06T18:15:17.755Z,2025-07-06T18:15:17.755Z,,,,7113cd53-1ab6-4dd1-b299-707a426499ba--f30eb570-98cf-4ad9-9944-364e735f729d
Shoulder Stand - Arrow,Shoulder Stand - Front Split,Shoulder Stand Variation,,variations,,,,,,,lyra,255509f2-8bad-4002-8eb9-80c58e7a126a,f30eb570-98cf-4ad9-9944-364e735f729d,7113cd53-1ab6-4dd1-b299-707a426499ba,,,35327f2b-9205-440f-8e38-f6da18f4dd54,35327f2b-9205-440f-8e38-f6da18f4dd54,2025-07-06T18:15:17.755Z,2025-07-06T18:15:17.755Z,,,,f30eb570-98cf-4ad9-9944-364e735f729d--7113cd53-1ab6-4dd1-b299-707a426499ba
Gazelle - Top Bar,Gazelle - Twist Full Split ,Gazelle Variation,,variations,,,,,,,lyra,77325b0f-63cf-4f20-ba2c-5f7b4f5c5be2,71711861-2026-44c6-87bb-ee79f8040821,01d7e3ba-4d8b-4e7e-a672-7f2e464ce6dd,,,35327f2b-9205-440f-8e38-f6da18f4dd54,35327f2b-9205-440f-8e38-f6da18f4dd54,2025-07-06T18:15:17.755Z,2025-07-06T18:15:17.755Z,,,,71711861-2026-44c6-87bb-ee79f8040821--01d7e3ba-4d8b-4e7e-a672-7f2e464ce6dd
Gazelle - Twist Full Split ,Gazelle - Top Bar,Gazelle Variation,,variations,,,,,,,lyra,dac45515-a0e7-40ef-879e-0fc46ab153da,01d7e3ba-4d8b-4e7e-a672-7f2e464ce6dd,71711861-2026-44c6-87bb-ee79f8040821,,,35327f2b-9205-440f-8e38-f6da18f4dd54,35327f2b-9205-440f-8e38-f6da18f4dd54,2025-07-06T18:15:17.755Z,2025-07-06T18:15:17.755Z,,,,01d7e3ba-4d8b-4e7e-a672-7f2e464ce6dd--71711861-2026-44c6-87bb-ee79f8040821
Gazelle - Top Bar,Gazelle - Hands On,Gazelle Variation,,variations,,,,,,,lyra,59d35010-11e5-4fb4-a19a-c702215dbe15,71711861-2026-44c6-87bb-ee79f8040821,39cba776-1df7-4f24-9bee-26b3268f3168,,,35327f2b-9205-440f-8e38-f6da18f4dd54,35327f2b-9205-440f-8e38-f6da18f4dd54,2025-07-06T18:15:17.755Z,2025-07-06T18:15:17.755Z,,,,71711861-2026-44c6-87bb-ee79f8040821--39cba776-1df7-4f24-9bee-26b3268f3168
Gazelle - Hands On,Gazelle - Top Bar,Gazelle Variation,,variations,,,,,,,lyra,9048c503-82b8-45c8-b733-42c0e0704e8b,39cba776-1df7-4f24-9bee-26b3268f3168,71711861-2026-44c6-87bb-ee79f8040821,,,35327f2b-9205-440f-8e38-f6da18f4dd54,35327f2b-9205-440f-8e38-f6da18f4dd54,2025-07-06T18:15:17.755Z,2025-07-06T18:15:17.755Z,,,,39cba776-1df7-4f24-9bee-26b3268f3168--71711861-2026-44c6-87bb-ee79f8040821
Gazelle - Top Bar,Gazelle - Front Split,Gazelle Variation,,variations,,,,,,,lyra,37a54b64-317d-4882-be2c-da3c1cd46771,71711861-2026-44c6-87bb-ee79f8040821,53ec54bc-5c33-4319-8baf-93f248d6751b,,,35327f2b-9205-440f-8e38-f6da18f4dd54,35327f2b-9205-440f-8e38-f6da18f4dd54,2025-07-06T18:15:17.755Z,2025-07-06T18:15:17.755Z,,,,71711861-2026-44c6-87bb-ee79f8040821--53ec54bc-5c33-4319-8baf-93f248d6751b
Gazelle - Front Split,Gazelle - Top Bar,Gazelle Variation,,variations,,,,,,,lyra,de0103fc-a47f-4233-8132-3351feb148af,53ec54bc-5c33-4319-8baf-93f248d6751b,71711861-2026-44c6-87bb-ee79f8040821,,,35327f2b-9205-440f-8e38-f6da18f4dd54,35327f2b-9205-440f-8e38-f6da18f4dd54,2025-07-06T18:15:17.755Z,2025-07-06T18:15:17.755Z,,,,53ec54bc-5c33-4319-8baf-93f248d6751b--71711861-2026-44c6-87bb-ee79f8040821
Gazelle - Top Bar,Gazelle - One Hand Knee,Gazelle Variation,,variations,,,,,,,lyra,3aa8ae08-80f9-48f3-bba2-4b98bd282daf,71711861-2026-44c6-87bb-ee79f8040821,944016d7-c0ec-4fc9-9317-db719d5d6c3f,,,35327f2b-9205-440f-8e38-f6da18f4dd54,35327f2b-9205-440f-8e38-f6da18f4dd54,2025-07-06T18:15:17.755Z,2025-07-06T18:15:17.755Z,,,,71711861-2026-44c6-87bb-ee79f8040821--944016d7-c0ec-4fc9-9317-db719d5d6c3f
Gazelle - One Hand Knee,Gazelle - Top Bar,Gazelle Variation,,variations,,,,,,,lyra,1cda0cd2-e319-4bff-859c-77cabdfb09ce,944016d7-c0ec-4fc9-9317-db719d5d6c3f,71711861-2026-44c6-87bb-ee79f8040821,,,35327f2b-9205-440f-8e38-f6da18f4dd54,35327f2b-9205-440f-8e38-f6da18f4dd54,2025-07-06T18:15:17.755Z,2025-07-06T18:15:17.755Z,,,,944016d7-c0ec-4fc9-9317-db719d5d6c3f--71711861-2026-44c6-87bb-ee79f8040821
Gazelle - Top Bar,Gazelle - Hands on Knee,Gazelle Variation,,variations,,,,,,,lyra,6c5c5042-35b1-404d-a825-6ed3dd9221c1,71711861-2026-44c6-87bb-ee79f8040821,a26bf2e7-5156-4d11-8f19-72c7e823c571,,,35327f2b-9205-440f-8e38-f6da18f4dd54,35327f2b-9205-440f-8e38-f6da18f4dd54,2025-07-06T18:15:17.755Z,2025-07-06T18:15:17.755Z,,,,71711861-2026-44c6-87bb-ee79f8040821--a26bf2e7-5156-4d11-8f19-72c7e823c571
Gazelle - Hands on Knee,Gazelle - Top Bar,Gazelle Variation,,variations,,,,,,,lyra,49b89ad9-71f5-4d6a-8f32-a9e04a80a643,a26bf2e7-5156-4d11-8f19-72c7e823c571,71711861-2026-44c6-87bb-ee79f8040821,,,35327f2b-9205-440f-8e38-f6da18f4dd54,35327f2b-9205-440f-8e38-f6da18f4dd54,2025-07-06T18:15:17.755Z,2025-07-06T18:15:17.755Z,,,,a26bf2e7-5156-4d11-8f19-72c7e823c571--71711861-2026-44c6-87bb-ee79f8040821
Gazelle - Top Bar,Gazelle - No Hands,Gazelle Variation,,variations,,,,,,,lyra,6af22ce1-7808-4e9d-b2b5-22c2a0a8f114,71711861-2026-44c6-87bb-ee79f8040821,abd9185c-8e36-4ed5-bbe3-de87acdf47bf,,,35327f2b-9205-440f-8e38-f6da18f4dd54,35327f2b-9205-440f-8e38-f6da18f4dd54,2025-07-06T18:15:17.755Z,2025-07-06T18:15:17.755Z,,,,71711861-2026-44c6-87bb-ee79f8040821--abd9185c-8e36-4ed5-bbe3-de87acdf47bf
Gazelle - No Hands,Gazelle - Top Bar,Gazelle Variation,,variations,,,,,,,lyra,7c5d7d0f-a5c6-407b-b2ee-da75a939e42c,abd9185c-8e36-4ed5-bbe3-de87acdf47bf,71711861-2026-44c6-87bb-ee79f8040821,,,35327f2b-9205-440f-8e38-f6da18f4dd54,35327f2b-9205-440f-8e38-f6da18f4dd54,2025-07-06T18:15:17.755Z,2025-07-06T18:15:17.755Z,,,,abd9185c-8e36-4ed5-bbe3-de87acdf47bf--71711861-2026-44c6-87bb-ee79f8040821
Gazelle - Top Bar,Gazelle - Twist Half Split,Gazelle Variation,,variations,,,,,,,lyra,40f2290b-d7b3-4f9c-b96b-6aeb35207acb,71711861-2026-44c6-87bb-ee79f8040821,fb33d765-57e1-4169-8f7d-275615955851,,,35327f2b-9205-440f-8e38-f6da18f4dd54,35327f2b-9205-440f-8e38-f6da18f4dd54,2025-07-06T18:15:17.755Z,2025-07-06T18:15:17.755Z,,,,71711861-2026-44c6-87bb-ee79f8040821--fb33d765-57e1-4169-8f7d-275615955851
Gazelle - Twist Half Split,Gazelle - Top Bar,Gazelle Variation,,variations,,,,,,,lyra,1c9147c6-9fdc-49b5-bd58-cfe63419d3b6,fb33d765-57e1-4169-8f7d-275615955851,71711861-2026-44c6-87bb-ee79f8040821,,,35327f2b-9205-440f-8e38-f6da18f4dd54,35327f2b-9205-440f-8e38-f6da18f4dd54,2025-07-06T18:15:17.755Z,2025-07-06T18:15:17.755Z,,,,fb33d765-57e1-4169-8f7d-275615955851--71711861-2026-44c6-87bb-ee79f8040821
Pretzel Hang - Hands Off - Bottom Bar,Pretzel Hang - One Hand - Bottom Bar,Pretzel Hang Variation,,variations,,,,,,,lyra,04bff91d-d114-4a42-b572-55fd99c39728,7a6dcb74-2328-4214-acce-e10e41e3d10b,a5faf1dd-b0de-4db2-96fb-701011ca898d,,,35327f2b-9205-440f-8e38-f6da18f4dd54,35327f2b-9205-440f-8e38-f6da18f4dd54,2025-07-06T18:15:17.755Z,2025-07-06T18:15:17.755Z,,,,7a6dcb74-2328-4214-acce-e10e41e3d10b--a5faf1dd-b0de-4db2-96fb-701011ca898d
Pretzel Hang - One Hand - Bottom Bar,Pretzel Hang - Hands Off - Bottom Bar,Pretzel Hang Variation,,variations,,,,,,,lyra,ca02f885-ea39-4b4a-953b-58ed74455e52,a5faf1dd-b0de-4db2-96fb-701011ca898d,7a6dcb74-2328-4214-acce-e10e41e3d10b,,,35327f2b-9205-440f-8e38-f6da18f4dd54,35327f2b-9205-440f-8e38-f6da18f4dd54,2025-07-06T18:15:17.755Z,2025-07-06T18:15:17.755Z,,,,a5faf1dd-b0de-4db2-96fb-701011ca898d--7a6dcb74-2328-4214-acce-e10e41e3d10b
Wine Glass,Faux Butt Shelf,,,,"Wine Glass
hand under Wine Glass leg
invert to Faux Butt Shelf",,,,,,lyra,a421343c-1611-4226-88a1-bfcbfc85599f,7b3c2489-c2a0-40c4-9654-1726026f1d66,0657b20f-058f-4a13-ab40-7b4b7c4792e1,,,35327f2b-9205-440f-8e38-f6da18f4dd54,35327f2b-9205-440f-8e38-f6da18f4dd54,2025-05-02T18:15:17.755Z,2025-05-02T18:15:17.755Z,0,,,7b3c2489-c2a0-40c4-9654-1726026f1d66--0657b20f-058f-4a13-ab40-7b4b7c4792e1
Wine Glass,Twisted Pike,,,,"Wine Glass
Hands at Hoop Belly
Free Leg from Back to Front of Hoop
Lift Body Off Hoop (inside leg thigh only will be touching hoop)",,,,Hands higher than belly if need more booty clearance.,,lyra,37fb85fe-e977-4242-902e-51add6212ec2,7b3c2489-c2a0-40c4-9654-1726026f1d66,42c22b30-c533-4f7b-872d-4f38dfbbc201,,,35327f2b-9205-440f-8e38-f6da18f4dd54,35327f2b-9205-440f-8e38-f6da18f4dd54,2025-05-02T18:15:17.755Z,2025-05-02T18:15:17.755Z,0,,,7b3c2489-c2a0-40c4-9654-1726026f1d66--42c22b30-c533-4f7b-872d-4f38dfbbc201
Wine Glass,Popsicle - Straight Legs,,,,"Wine Glass, 
hands to top bar in baseball grip. 
Wine glass leg pushes down as you use your hands to pull you up. 
Head comes to other side of hoop. 
Should end in popsicle on same leg as wine glass.",,,,,,lyra,c3c42340-86d7-4ab3-9eeb-6b3a8e665675,7b3c2489-c2a0-40c4-9654-1726026f1d66,4e00749b-7534-4768-8f1b-758e1fddb9bc,,,35327f2b-9205-440f-8e38-f6da18f4dd54,35327f2b-9205-440f-8e38-f6da18f4dd54,2025-05-02T18:15:17.755Z,2025-05-02T18:15:17.755Z,0,,,7b3c2489-c2a0-40c4-9654-1726026f1d66--4e00749b-7534-4768-8f1b-758e1fddb9bc
Wine Glass,Standing On Ground,Wine Glass Backflip,,exit,"From Wine Glass, 
hand under Wine Glass leg 
backflip to the floor.",,,,,,lyra,5fac7844-3cae-43b5-850e-7d8a91bb6421,7b3c2489-c2a0-40c4-9654-1726026f1d66,50d8bbd1-28f0-4303-b1c9-a26a96f236af,,,35327f2b-9205-440f-8e38-f6da18f4dd54,35327f2b-9205-440f-8e38-f6da18f4dd54,2025-05-02T18:15:17.755Z,2025-05-02T18:15:17.755Z,0,,,7b3c2489-c2a0-40c4-9654-1726026f1d66--50d8bbd1-28f0-4303-b1c9-a26a96f236af
Wine Glass,Standing On Ground,Wine Glass Flip Out,,flip,"From Wine Glass, 
hand under Wine Glass leg and backflip to the floor.",,,,,,lyra,f39062df-5464-4f2f-8bd2-c084298b3b1f,7b3c2489-c2a0-40c4-9654-1726026f1d66,50d8bbd1-28f0-4303-b1c9-a26a96f236af,,,35327f2b-9205-440f-8e38-f6da18f4dd54,35327f2b-9205-440f-8e38-f6da18f4dd54,2025-05-02T18:15:17.755Z,2025-05-02T18:15:17.755Z,0,,,7b3c2489-c2a0-40c4-9654-1726026f1d66--50d8bbd1-28f0-4303-b1c9-a26a96f236af
Wine Glass,Stag Middle of Hoop,,,,"Wine Glass
Free hand grabs belly of hoop
Free leg inside of hoop
Traces hoop to other side
Pull up off of bar into Stag",,,,,,lyra,8bb54538-98d2-4934-bae1-843ee8c1a1ad,7b3c2489-c2a0-40c4-9654-1726026f1d66,8d98eac7-b75a-4793-8c62-01d8d5c061ab,,,35327f2b-9205-440f-8e38-f6da18f4dd54,35327f2b-9205-440f-8e38-f6da18f4dd54,2025-06-26T18:15:17.755Z,2025-06-26T18:15:17.755Z,0,,,7b3c2489-c2a0-40c4-9654-1726026f1d66--8d98eac7-b75a-4793-8c62-01d8d5c061ab
Wine Glass,Low Inside Lion,,,,"Wine Glass
hand under Wine Glass leg
invert to Faux Butt Shelf
Wine Glass leg traces the front of the hoop into a low Inside Lion.",,,,,,lyra,6d354de9-00c8-4975-beb7-3357e401eb6c,7b3c2489-c2a0-40c4-9654-1726026f1d66,99c3dbd3-407b-4d6d-aeb8-3c8eb6c7c08a,,,35327f2b-9205-440f-8e38-f6da18f4dd54,35327f2b-9205-440f-8e38-f6da18f4dd54,2025-05-02T18:15:17.755Z,2025-05-02T18:15:17.755Z,0,,,7b3c2489-c2a0-40c4-9654-1726026f1d66--99c3dbd3-407b-4d6d-aeb8-3c8eb6c7c08a
Wine Glass,Horse,,,,"Wine Glass
hands to top bar palms away
Pull up
Wine Glass leg slides behind hoop while free leg hooks on bar.",,,,,,lyra,d8821694-71f0-421f-be65-ec81ef192f4c,7b3c2489-c2a0-40c4-9654-1726026f1d66,c0cfda63-569a-4711-9f70-2833543c8459,,,35327f2b-9205-440f-8e38-f6da18f4dd54,35327f2b-9205-440f-8e38-f6da18f4dd54,2025-05-02T18:15:17.755Z,2025-05-02T18:15:17.755Z,0,,,7b3c2489-c2a0-40c4-9654-1726026f1d66--c0cfda63-569a-4711-9f70-2833543c8459
Wine Glass,Single Knee Hang - Both Hands - Bottom Bar,Wine Glass Drop,,drop,,,,"From Wine Glass, both hands palms away on top bar, head to the other side of the hoop, both hands grab belly of hoop on opposite side, drop to SKH.
From Wine Glass, Wine Glass hand grabs top bar palms away, free leg hand grabs belly of hoop on opposite side, drop to SKH.
From Wine Glass, free leg hand grabs top bar palms away, Wine Glass hand grabs belly of hoop on opposite side, drop to SKH.",,,lyra,e421f44c-e3ef-4cab-9e09-735bc5ece4c2,7b3c2489-c2a0-40c4-9654-1726026f1d66,e85a4de9-306c-4ed4-894f-dcd9c79a89b4,,,35327f2b-9205-440f-8e38-f6da18f4dd54,35327f2b-9205-440f-8e38-f6da18f4dd54,2025-05-02T18:15:17.755Z,2025-05-02T18:15:17.755Z,0,,,7b3c2489-c2a0-40c4-9654-1726026f1d66--e85a4de9-306c-4ed4-894f-dcd9c79a89b4
Diving Bird,Inside Lion,,,,,,,,,,lyra,ab461d42-5ed3-450a-847d-2f7e39895683,7cd6c385-c9d3-4830-bae9-e004c5058d28,550a68c4-b000-41e5-b236-a62290d6f8b8,,,35327f2b-9205-440f-8e38-f6da18f4dd54,35327f2b-9205-440f-8e38-f6da18f4dd54,2025-06-26T18:15:17.755Z,2025-06-26T18:15:17.755Z,0,,,7cd6c385-c9d3-4830-bae9-e004c5058d28--550a68c4-b000-41e5-b236-a62290d6f8b8
Profile Plank - L Pop,Profile Plank - L Pop with Split,Profile Plank Variation,,variations,,,,,,,lyra,ca222539-056c-4230-8288-8c41dda7f132,7d9392df-98dc-4f56-876a-ae36e14b7282,0f8a133d-e81c-410d-bcb0-7f70a34f56b0,,,35327f2b-9205-440f-8e38-f6da18f4dd54,35327f2b-9205-440f-8e38-f6da18f4dd54,2025-07-06T18:15:17.755Z,2025-07-06T18:15:17.755Z,,,,7d9392df-98dc-4f56-876a-ae36e14b7282--0f8a133d-e81c-410d-bcb0-7f70a34f56b0
Profile Plank - L Pop with Split,Profile Plank - L Pop,Profile Plank Variation,,variations,,,,,,,lyra,4a3cd848-7c1d-477e-bed0-3133d6ef739c,0f8a133d-e81c-410d-bcb0-7f70a34f56b0,7d9392df-98dc-4f56-876a-ae36e14b7282,,,35327f2b-9205-440f-8e38-f6da18f4dd54,35327f2b-9205-440f-8e38-f6da18f4dd54,2025-07-06T18:15:17.755Z,2025-07-06T18:15:17.755Z,,,,0f8a133d-e81c-410d-bcb0-7f70a34f56b0--7d9392df-98dc-4f56-876a-ae36e14b7282
Profile Plank - L Pop,Profile Plank - Elbow Hook,Profile Plank Variation,,variations,,,,,,,lyra,ec2e630e-60b5-4831-b1b6-e917cc61c606,7d9392df-98dc-4f56-876a-ae36e14b7282,1f6e12c9-ccb6-46bf-86e0-fadf283daf80,,,35327f2b-9205-440f-8e38-f6da18f4dd54,35327f2b-9205-440f-8e38-f6da18f4dd54,2025-07-06T18:15:17.755Z,2025-07-06T18:15:17.755Z,,,,7d9392df-98dc-4f56-876a-ae36e14b7282--1f6e12c9-ccb6-46bf-86e0-fadf283daf80
Profile Plank - Elbow Hook,Profile Plank - L Pop,Profile Plank Variation,,variations,,,,,,,lyra,e63346d6-7ec2-4fa1-9d42-56f9e4371738,1f6e12c9-ccb6-46bf-86e0-fadf283daf80,7d9392df-98dc-4f56-876a-ae36e14b7282,,,35327f2b-9205-440f-8e38-f6da18f4dd54,35327f2b-9205-440f-8e38-f6da18f4dd54,2025-07-06T18:15:17.755Z,2025-07-06T18:15:17.755Z,,,,1f6e12c9-ccb6-46bf-86e0-fadf283daf80--7d9392df-98dc-4f56-876a-ae36e14b7282
Profile Plank - L Pop,Profile Plank,Profile Plank Variation,,variations,,,,,,,lyra,fd5eef17-f6c8-4c40-9d4c-a497f79eb7a5,7d9392df-98dc-4f56-876a-ae36e14b7282,a5f7d350-43e7-4fe5-98f8-09233d7993ed,,,35327f2b-9205-440f-8e38-f6da18f4dd54,35327f2b-9205-440f-8e38-f6da18f4dd54,2025-07-06T18:15:17.755Z,2025-07-06T18:15:17.755Z,,,,7d9392df-98dc-4f56-876a-ae36e14b7282--a5f7d350-43e7-4fe5-98f8-09233d7993ed
Profile Plank,Profile Plank - L Pop,Profile Plank Variation,,variations,,,,,,,lyra,81e1c443-3a49-4499-8312-ad8835e6e2b0,a5f7d350-43e7-4fe5-98f8-09233d7993ed,7d9392df-98dc-4f56-876a-ae36e14b7282,,,35327f2b-9205-440f-8e38-f6da18f4dd54,35327f2b-9205-440f-8e38-f6da18f4dd54,2025-07-06T18:15:17.755Z,2025-07-06T18:15:17.755Z,,,,a5f7d350-43e7-4fe5-98f8-09233d7993ed--7d9392df-98dc-4f56-876a-ae36e14b7282
Man in the Moon,Amazon - Hands On,,,,"Man in the Moon
Hand that matches lower leg is placed below tab
Other hand is posting arm
Remove top leg and then lower leg
Head is always on one side of the hoop and body on the other side of the hoop
Booty slides to the side which allows the posting arm to be placed",,,"Removing one leg at a time will allow student to stabilize without all weight dropping at one time.  
Both legs come off the hoop at the same time for a drop. ",,,lyra,07351263-0c34-4acd-9f99-104ad7d3ba26,7fa27e26-9959-4d13-8da1-d2751fff94ec,1c63685c-99e6-4843-8483-5caadc426eb8,,,35327f2b-9205-440f-8e38-f6da18f4dd54,35327f2b-9205-440f-8e38-f6da18f4dd54,2025-05-02T18:15:17.755Z,2025-05-02T18:15:17.755Z,0,,,7fa27e26-9959-4d13-8da1-d2751fff94ec--1c63685c-99e6-4843-8483-5caadc426eb8
Man in the Moon,Man in the Moon Press Away,Man in the Moon Variation,,variations,,,,,,,lyra,4ba40c72-60a1-4e56-86cd-030872d2a311,7fa27e26-9959-4d13-8da1-d2751fff94ec,2a1eda01-9151-4341-a78c-9c59b16a4de4,,,35327f2b-9205-440f-8e38-f6da18f4dd54,35327f2b-9205-440f-8e38-f6da18f4dd54,2025-07-06T18:15:17.755Z,2025-07-06T18:15:17.755Z,,,,7fa27e26-9959-4d13-8da1-d2751fff94ec--2a1eda01-9151-4341-a78c-9c59b16a4de4
Man in the Moon Press Away,Man in the Moon,Man in the Moon Variation,,variations,,,,,,,lyra,b6888178-de60-4e2c-8cdd-0ddc919dfa32,2a1eda01-9151-4341-a78c-9c59b16a4de4,7fa27e26-9959-4d13-8da1-d2751fff94ec,,,35327f2b-9205-440f-8e38-f6da18f4dd54,35327f2b-9205-440f-8e38-f6da18f4dd54,2025-07-06T18:15:17.755Z,2025-07-06T18:15:17.755Z,,,,2a1eda01-9151-4341-a78c-9c59b16a4de4--7fa27e26-9959-4d13-8da1-d2751fff94ec
Man in the Moon,Inside Lion,,,,"Man in Moon
Hand of foot that is on top pulls you up slightly so you can move your legs
Bottom hand can reach around booty and post into hoop if need be
Bottom leg comes outside of the hoop towards you
Top leg goes toward hoop
Ends in Inside lion",,,,,,lyra,2de2c433-58e7-4ce7-9436-7986c88e7c64,7fa27e26-9959-4d13-8da1-d2751fff94ec,550a68c4-b000-41e5-b236-a62290d6f8b8,,,35327f2b-9205-440f-8e38-f6da18f4dd54,35327f2b-9205-440f-8e38-f6da18f4dd54,2025-05-02T18:15:17.755Z,2025-05-02T18:15:17.755Z,0,,,7fa27e26-9959-4d13-8da1-d2751fff94ec--550a68c4-b000-41e5-b236-a62290d6f8b8
Man in the Moon,Profile Sit,,,,"From Man in the Moon, hands cross grip on the top of the bar.  Bottom leg then crosses under top leg and top leg comes off bar and straightens towards floor.",,,,,,lyra,07782d9e-61d4-4527-abe9-37a71bf57806,7fa27e26-9959-4d13-8da1-d2751fff94ec,f04a0165-485f-4916-bf90-e9b3997e705c,,,35327f2b-9205-440f-8e38-f6da18f4dd54,35327f2b-9205-440f-8e38-f6da18f4dd54,2025-07-06T18:15:17.755Z,2025-07-06T18:15:17.755Z,,,,7fa27e26-9959-4d13-8da1-d2751fff94ec--f04a0165-485f-4916-bf90-e9b3997e705c
Clock - One Hand Off,Clock - Hands On,Clock Variation,,variations,,,,,,,lyra,98dc8b26-5a31-48bd-a640-1ac8a007d3c0,7fd99a29-3d6a-4dfd-bc46-ac5d3ead9204,d9a3d128-676d-4e1f-b0a0-4854ba9a5ead,,,35327f2b-9205-440f-8e38-f6da18f4dd54,35327f2b-9205-440f-8e38-f6da18f4dd54,2025-07-06T18:15:17.755Z,2025-07-06T18:15:17.755Z,,,,7fd99a29-3d6a-4dfd-bc46-ac5d3ead9204--d9a3d128-676d-4e1f-b0a0-4854ba9a5ead
Clock - Hands On,Clock - One Hand Off,Clock Variation,,variations,,,,,,,lyra,a997bef7-bd76-41ea-a34e-3658e749cfeb,d9a3d128-676d-4e1f-b0a0-4854ba9a5ead,7fd99a29-3d6a-4dfd-bc46-ac5d3ead9204,,,35327f2b-9205-440f-8e38-f6da18f4dd54,35327f2b-9205-440f-8e38-f6da18f4dd54,2025-07-06T18:15:17.755Z,2025-07-06T18:15:17.755Z,,,,d9a3d128-676d-4e1f-b0a0-4854ba9a5ead--7fd99a29-3d6a-4dfd-bc46-ac5d3ead9204
Seated Forward Roll - Legs Bent,Seated - Bottom Bar,,,roll,,,,,,,lyra,05d5d882-8dda-4893-ae0d-fe8b5f8595b7,82c1e666-0688-40fe-b64a-0d1b381c78ff,34902490-04e9-4ef6-9140-1125d147cce8,,,35327f2b-9205-440f-8e38-f6da18f4dd54,35327f2b-9205-440f-8e38-f6da18f4dd54,2025-07-06T18:15:17.755Z,2025-07-06T18:15:17.755Z,,,,82c1e666-0688-40fe-b64a-0d1b381c78ff--34902490-04e9-4ef6-9140-1125d147cce8
Cuddle,Cuddle Roll,Cuddle Roll,,roll,,,,,,,lyra,38819cd3-5f95-4116-8264-11b138e413b7,83042c53-6a75-4184-a1ca-17002fc54c67,035f655a-39a2-435f-922c-996ddb64e094,,,35327f2b-9205-440f-8e38-f6da18f4dd54,35327f2b-9205-440f-8e38-f6da18f4dd54,2025-07-06T18:15:17.755Z,2025-07-06T18:15:17.755Z,,,,83042c53-6a75-4184-a1ca-17002fc54c67--035f655a-39a2-435f-922c-996ddb64e094
Cuddle Roll,Cuddle,Cuddle Roll,,roll,,,,,,,lyra,b13ef595-d37b-4fd2-894b-0fa4121a623e,035f655a-39a2-435f-922c-996ddb64e094,83042c53-6a75-4184-a1ca-17002fc54c67,,,35327f2b-9205-440f-8e38-f6da18f4dd54,35327f2b-9205-440f-8e38-f6da18f4dd54,2025-07-06T18:15:17.755Z,2025-07-06T18:15:17.755Z,,,,035f655a-39a2-435f-922c-996ddb64e094--83042c53-6a75-4184-a1ca-17002fc54c67
Twisted V,Hock Hang - Bottom Bar,,,,"Hip Hang Twisted V
Front leg (closest to hoop) threads between hoop and back leg 
back leg comes down into Hock Hang",,,,,,lyra,dc76240b-66c4-49a7-8600-542acd0a3e2f,86314fb4-26ad-457d-aaec-b8d903baf181,ee6fa573-8fa0-45ec-aeb9-ff29da00402a,,,35327f2b-9205-440f-8e38-f6da18f4dd54,35327f2b-9205-440f-8e38-f6da18f4dd54,2025-05-02T18:15:17.755Z,2025-05-02T18:15:17.755Z,0,,,86314fb4-26ad-457d-aaec-b8d903baf181--ee6fa573-8fa0-45ec-aeb9-ff29da00402a
Butt Shelf - Hands Off - Wide Legs,Butt Shelf - Hands Off - Legs Straight,Butt Shelf Variation,,variations,,,,,,,lyra,b81b6084-d3db-4134-8b54-6860bd72b28d,86ed6d01-2d98-4980-a7a2-4562f238f2c5,886b3ef2-1728-47ba-8caa-cec05cc81b6f,,,35327f2b-9205-440f-8e38-f6da18f4dd54,35327f2b-9205-440f-8e38-f6da18f4dd54,2025-07-06T18:15:17.755Z,2025-07-06T18:15:17.755Z,,,,86ed6d01-2d98-4980-a7a2-4562f238f2c5--886b3ef2-1728-47ba-8caa-cec05cc81b6f
Butt Shelf - Hands Off - Legs Straight,Butt Shelf - Hands Off - Wide Legs,Butt Shelf Variation,,variations,,,,,,,lyra,7b7949c2-65b1-4feb-8487-53733e54d905,886b3ef2-1728-47ba-8caa-cec05cc81b6f,86ed6d01-2d98-4980-a7a2-4562f238f2c5,,,35327f2b-9205-440f-8e38-f6da18f4dd54,35327f2b-9205-440f-8e38-f6da18f4dd54,2025-07-06T18:15:17.755Z,2025-07-06T18:15:17.755Z,,,,886b3ef2-1728-47ba-8caa-cec05cc81b6f--86ed6d01-2d98-4980-a7a2-4562f238f2c5
Dragonfly,Amazon - Hands On,,,,,,,,,,lyra,611f1f6a-aa4a-4aa8-96b0-6ef93eeae101,88171582-a0e1-44a5-955e-2dc5e7825ffb,1c63685c-99e6-4843-8483-5caadc426eb8,,,35327f2b-9205-440f-8e38-f6da18f4dd54,35327f2b-9205-440f-8e38-f6da18f4dd54,2025-05-02T18:15:17.755Z,2025-05-02T18:15:17.755Z,0,,,88171582-a0e1-44a5-955e-2dc5e7825ffb--1c63685c-99e6-4843-8483-5caadc426eb8
Dragonfly,Butt Shelf - Hands On - Wide Legs,fan kick to butt shelf,,,"Dragonfly
One hand on belly
one hand on bottom posting again bar
Fankick opposite leg of posted arm across and around the hoop (like clock) as you scoot the booty off and come into buttshelf. ","Posting against the bar is crucial because it takes some of the weight off your butt, allowing for a smoother transition.",,,,,lyra,fd945dce-e946-4081-a25b-dc7ac0e884c9,88171582-a0e1-44a5-955e-2dc5e7825ffb,1e06ad5d-4b41-4ea2-bee9-769643d4710f,,,35327f2b-9205-440f-8e38-f6da18f4dd54,35327f2b-9205-440f-8e38-f6da18f4dd54,2025-05-02T18:15:17.755Z,2025-05-02T18:15:17.755Z,0,,,88171582-a0e1-44a5-955e-2dc5e7825ffb--1e06ad5d-4b41-4ea2-bee9-769643d4710f
Dragonfly,Ankle Cuddle,,,,"Dragonfly
Knees to chest
roll belly to hoop
block with top of ankles.",,,,,,lyra,cb9bdca5-a59b-4f33-9a98-e026e43a7397,88171582-a0e1-44a5-955e-2dc5e7825ffb,36677b94-a109-4945-aa35-e79cc77632a3,,,35327f2b-9205-440f-8e38-f6da18f4dd54,35327f2b-9205-440f-8e38-f6da18f4dd54,2025-05-02T18:15:17.755Z,2025-05-02T18:15:17.755Z,0,,,88171582-a0e1-44a5-955e-2dc5e7825ffb--36677b94-a109-4945-aa35-e79cc77632a3
Dragonfly,Diving Bird,,,,"Dragonfly
Lean back over bar with belly to the ceiling
Leg of posting arm hooks at hip crease on bottom bar
Other leg straightens under tab of opposite side of bar",,,,,,lyra,78754d13-0049-4d3c-8fb5-f166852ab3f9,88171582-a0e1-44a5-955e-2dc5e7825ffb,7cd6c385-c9d3-4830-bae9-e004c5058d28,,,35327f2b-9205-440f-8e38-f6da18f4dd54,35327f2b-9205-440f-8e38-f6da18f4dd54,2025-05-02T18:15:17.755Z,2025-05-02T18:15:17.755Z,0,,,88171582-a0e1-44a5-955e-2dc5e7825ffb--7cd6c385-c9d3-4830-bae9-e004c5058d28
Dragonfly,Man in the Moon,,,,"From Dragonfly, knees to chest and leg that matches hand under tab comes up to hoop and the other leg follows. Block shoulder.",,,,,,lyra,398dd5bc-2db6-4825-81b1-d9dea4b38009,88171582-a0e1-44a5-955e-2dc5e7825ffb,7fa27e26-9959-4d13-8da1-d2751fff94ec,,,35327f2b-9205-440f-8e38-f6da18f4dd54,35327f2b-9205-440f-8e38-f6da18f4dd54,2025-07-06T18:15:17.755Z,2025-07-06T18:15:17.755Z,,,,88171582-a0e1-44a5-955e-2dc5e7825ffb--7fa27e26-9959-4d13-8da1-d2751fff94ec
Dragonfly,Cuddle,,,,"Dragonfly
use lower abs to bring knees towards chest 
legs over the bottom bar to Cuddle",,,,,,lyra,5722639a-b6b7-4769-97aa-7d82fa67cdc1,88171582-a0e1-44a5-955e-2dc5e7825ffb,83042c53-6a75-4184-a1ca-17002fc54c67,,,35327f2b-9205-440f-8e38-f6da18f4dd54,35327f2b-9205-440f-8e38-f6da18f4dd54,2025-05-02T18:15:17.755Z,2025-05-02T18:15:17.755Z,0,,,88171582-a0e1-44a5-955e-2dc5e7825ffb--83042c53-6a75-4184-a1ca-17002fc54c67
Egg - Top Bar,Double Knee Hang - No Hands - Top Bar,,,,,,,,,,lyra,f070d2e6-c9b5-4395-aaaf-64d2064939b4,893122a4-b196-4fdd-9d26-fc495752d333,3b061ed3-fd82-4bd1-9bec-a7bdcb8d91ca,,,35327f2b-9205-440f-8e38-f6da18f4dd54,35327f2b-9205-440f-8e38-f6da18f4dd54,2025-05-02T18:15:17.755Z,2025-05-02T18:15:17.755Z,0,,,893122a4-b196-4fdd-9d26-fc495752d333--3b061ed3-fd82-4bd1-9bec-a7bdcb8d91ca
Egg - Top Bar,Pike - Top Bar ,,,,,,,,,,lyra,5c5d3833-fdb1-4e55-b226-4f4b76614c13,893122a4-b196-4fdd-9d26-fc495752d333,5d83df1c-c54d-4726-8ad9-b130a0c4f266,,,35327f2b-9205-440f-8e38-f6da18f4dd54,35327f2b-9205-440f-8e38-f6da18f4dd54,2025-05-02T18:15:17.755Z,2025-05-02T18:15:17.755Z,0,,,893122a4-b196-4fdd-9d26-fc495752d333--5d83df1c-c54d-4726-8ad9-b130a0c4f266
Half Back Balance - Hands On,Half Back Balance - No Hands,Back Balance Variation,,variations,,,,,,,lyra,00f98724-d68c-4879-b63b-822d47aaa475,8980bc64-b4d7-4f34-8457-9ee6a0688012,17bf43ff-3e8a-4673-8210-4031a70e2216,,,35327f2b-9205-440f-8e38-f6da18f4dd54,35327f2b-9205-440f-8e38-f6da18f4dd54,2025-07-06T18:15:17.755Z,2025-07-06T18:15:17.755Z,,,,8980bc64-b4d7-4f34-8457-9ee6a0688012--17bf43ff-3e8a-4673-8210-4031a70e2216
Half Back Balance - No Hands,Half Back Balance - Hands On,Back Balance Variation,,variations,,,,,,,lyra,4fc60a8e-b856-4e83-a602-4e9ea664d1c5,17bf43ff-3e8a-4673-8210-4031a70e2216,8980bc64-b4d7-4f34-8457-9ee6a0688012,,,35327f2b-9205-440f-8e38-f6da18f4dd54,35327f2b-9205-440f-8e38-f6da18f4dd54,2025-07-06T18:15:17.755Z,2025-07-06T18:15:17.755Z,,,,17bf43ff-3e8a-4673-8210-4031a70e2216--8980bc64-b4d7-4f34-8457-9ee6a0688012
Crossed Ankle Toe Squat,Man in the Moon,,,,"From “L” sit, cross one foot over the other and then pull up to toe squat.  Switch grip to palm towards you for the hand matching the leg that is on top.  Back turns to that side of the hoop that matches top leg, and slide down into Man in Moon.",,,,,,lyra,2a6f6065-ced5-4c77-a640-2710b6aefdf0,89cb680d-4967-4f73-be7d-eabd7d247d69,7fa27e26-9959-4d13-8da1-d2751fff94ec,,,35327f2b-9205-440f-8e38-f6da18f4dd54,35327f2b-9205-440f-8e38-f6da18f4dd54,2025-06-16T18:15:17.755Z,2025-06-16T18:15:17.755Z,0,,,89cb680d-4967-4f73-be7d-eabd7d247d69--7fa27e26-9959-4d13-8da1-d2751fff94ec
Pencil Pike - Top Bar ,Pencil Tick Tocks - Top Bar ,Pencil Variation,,variations,,,,,,,lyra,5fd94582-c84a-42c8-845e-a39dfb71159a,9065e9e2-8aed-46f9-a9a8-9fd7fa55ee24,1a9470e8-8ab1-4b9d-9f10-48c162489870,,,35327f2b-9205-440f-8e38-f6da18f4dd54,35327f2b-9205-440f-8e38-f6da18f4dd54,2025-07-06T18:15:17.755Z,2025-07-06T18:15:17.755Z,,,,9065e9e2-8aed-46f9-a9a8-9fd7fa55ee24--1a9470e8-8ab1-4b9d-9f10-48c162489870
Pencil Tick Tocks - Top Bar ,Pencil Pike - Top Bar ,Pencil Variation,,variations,,,,,,,lyra,d72f65bd-75bf-4356-be48-34487bc0c36c,1a9470e8-8ab1-4b9d-9f10-48c162489870,9065e9e2-8aed-46f9-a9a8-9fd7fa55ee24,,,35327f2b-9205-440f-8e38-f6da18f4dd54,35327f2b-9205-440f-8e38-f6da18f4dd54,2025-07-06T18:15:17.755Z,2025-07-06T18:15:17.755Z,,,,1a9470e8-8ab1-4b9d-9f10-48c162489870--9065e9e2-8aed-46f9-a9a8-9fd7fa55ee24
Pencil Pike - Top Bar ,Pencil - Top Bar ,Pencil Variation,,variations,,,,,,,lyra,7becea84-a526-4857-b1f9-12fd9fad627c,9065e9e2-8aed-46f9-a9a8-9fd7fa55ee24,53320695-6b2e-4052-aeb7-f022a7c22ff5,,,35327f2b-9205-440f-8e38-f6da18f4dd54,35327f2b-9205-440f-8e38-f6da18f4dd54,2025-07-06T18:15:17.755Z,2025-07-06T18:15:17.755Z,,,,9065e9e2-8aed-46f9-a9a8-9fd7fa55ee24--53320695-6b2e-4052-aeb7-f022a7c22ff5
Pencil - Top Bar ,Pencil Pike - Top Bar ,Pencil Variation,,variations,,,,,,,lyra,48135d8b-a9d1-467f-825d-5c8dc79ba023,53320695-6b2e-4052-aeb7-f022a7c22ff5,9065e9e2-8aed-46f9-a9a8-9fd7fa55ee24,,,35327f2b-9205-440f-8e38-f6da18f4dd54,35327f2b-9205-440f-8e38-f6da18f4dd54,2025-07-06T18:15:17.755Z,2025-07-06T18:15:17.755Z,,,,53320695-6b2e-4052-aeb7-f022a7c22ff5--9065e9e2-8aed-46f9-a9a8-9fd7fa55ee24
Pencil Pike - Top Bar ,Pencil Side Star - Top Bar ,Pencil Variation,,variations,,,,,,,lyra,0e949fff-8041-49f5-bf9c-3cbc3643a38f,9065e9e2-8aed-46f9-a9a8-9fd7fa55ee24,5c3ac739-0ed4-4083-843b-481f85686806,,,35327f2b-9205-440f-8e38-f6da18f4dd54,35327f2b-9205-440f-8e38-f6da18f4dd54,2025-07-06T18:15:17.755Z,2025-07-06T18:15:17.755Z,,,,9065e9e2-8aed-46f9-a9a8-9fd7fa55ee24--5c3ac739-0ed4-4083-843b-481f85686806
Pencil Side Star - Top Bar ,Pencil Pike - Top Bar ,Pencil Variation,,variations,,,,,,,lyra,2143bbfe-da7c-473e-86cf-b4f90c41fb1f,5c3ac739-0ed4-4083-843b-481f85686806,9065e9e2-8aed-46f9-a9a8-9fd7fa55ee24,,,35327f2b-9205-440f-8e38-f6da18f4dd54,35327f2b-9205-440f-8e38-f6da18f4dd54,2025-07-06T18:15:17.755Z,2025-07-06T18:15:17.755Z,,,,5c3ac739-0ed4-4083-843b-481f85686806--9065e9e2-8aed-46f9-a9a8-9fd7fa55ee24
Pencil Pike - Top Bar ,Pencil Straddle Split - Top Bar ,Pencil Variation,,variations,,,,,,,lyra,5ece52a2-4280-4009-b992-443f5c38c554,9065e9e2-8aed-46f9-a9a8-9fd7fa55ee24,90c602d9-70eb-45c1-bc68-1e9a0cbda2c2,,,35327f2b-9205-440f-8e38-f6da18f4dd54,35327f2b-9205-440f-8e38-f6da18f4dd54,2025-07-06T18:15:17.755Z,2025-07-06T18:15:17.755Z,,,,9065e9e2-8aed-46f9-a9a8-9fd7fa55ee24--90c602d9-70eb-45c1-bc68-1e9a0cbda2c2
Pencil Straddle Split - Top Bar ,Pencil Pike - Top Bar ,Pencil Variation,,variations,,,,,,,lyra,954d12ad-bcb6-45d9-8af9-175193a31b52,90c602d9-70eb-45c1-bc68-1e9a0cbda2c2,9065e9e2-8aed-46f9-a9a8-9fd7fa55ee24,,,35327f2b-9205-440f-8e38-f6da18f4dd54,35327f2b-9205-440f-8e38-f6da18f4dd54,2025-07-06T18:15:17.755Z,2025-07-06T18:15:17.755Z,,,,90c602d9-70eb-45c1-bc68-1e9a0cbda2c2--9065e9e2-8aed-46f9-a9a8-9fd7fa55ee24
Pencil Pike - Top Bar ,Pencil Scorpion - Top Bar ,Pencil Variation,,variations,,,,,,,lyra,590c6a57-3ebf-45e3-b145-f09626f9278f,9065e9e2-8aed-46f9-a9a8-9fd7fa55ee24,c7bda122-c94c-4a6c-b5bb-0fd08140655f,,,35327f2b-9205-440f-8e38-f6da18f4dd54,35327f2b-9205-440f-8e38-f6da18f4dd54,2025-07-06T18:15:17.755Z,2025-07-06T18:15:17.755Z,,,,9065e9e2-8aed-46f9-a9a8-9fd7fa55ee24--c7bda122-c94c-4a6c-b5bb-0fd08140655f
Pencil Scorpion - Top Bar ,Pencil Pike - Top Bar ,Pencil Variation,,variations,,,,,,,lyra,afe5d731-7fe5-4374-add6-eec8d1a9386b,c7bda122-c94c-4a6c-b5bb-0fd08140655f,9065e9e2-8aed-46f9-a9a8-9fd7fa55ee24,,,35327f2b-9205-440f-8e38-f6da18f4dd54,35327f2b-9205-440f-8e38-f6da18f4dd54,2025-07-06T18:15:17.755Z,2025-07-06T18:15:17.755Z,,,,c7bda122-c94c-4a6c-b5bb-0fd08140655f--9065e9e2-8aed-46f9-a9a8-9fd7fa55ee24
Pencil Pike - Top Bar ,Pencil Stag Legs - Top Bar ,Pencil Variation,,variations,,,,,,,lyra,a282f8ed-6c29-49e8-8879-7e7b9dbe21b0,9065e9e2-8aed-46f9-a9a8-9fd7fa55ee24,d6277169-e93e-4a76-a2b9-dd993e91161d,,,35327f2b-9205-440f-8e38-f6da18f4dd54,35327f2b-9205-440f-8e38-f6da18f4dd54,2025-07-06T18:15:17.755Z,2025-07-06T18:15:17.755Z,,,,9065e9e2-8aed-46f9-a9a8-9fd7fa55ee24--d6277169-e93e-4a76-a2b9-dd993e91161d
Pencil Stag Legs - Top Bar ,Pencil Pike - Top Bar ,Pencil Variation,,variations,,,,,,,lyra,711860c0-92bc-4451-8640-d954c847ad78,d6277169-e93e-4a76-a2b9-dd993e91161d,9065e9e2-8aed-46f9-a9a8-9fd7fa55ee24,,,35327f2b-9205-440f-8e38-f6da18f4dd54,35327f2b-9205-440f-8e38-f6da18f4dd54,2025-07-06T18:15:17.755Z,2025-07-06T18:15:17.755Z,,,,d6277169-e93e-4a76-a2b9-dd993e91161d--9065e9e2-8aed-46f9-a9a8-9fd7fa55ee24
Pencil Straddle Split - Top Bar ,Pencil Tick Tocks - Top Bar ,Pencil Variation,,variations,,,,,,,lyra,e1801e33-3234-49cc-88c3-9eba437493f3,90c602d9-70eb-45c1-bc68-1e9a0cbda2c2,1a9470e8-8ab1-4b9d-9f10-48c162489870,,,35327f2b-9205-440f-8e38-f6da18f4dd54,35327f2b-9205-440f-8e38-f6da18f4dd54,2025-07-06T18:15:17.755Z,2025-07-06T18:15:17.755Z,,,,90c602d9-70eb-45c1-bc68-1e9a0cbda2c2--1a9470e8-8ab1-4b9d-9f10-48c162489870
Pencil Tick Tocks - Top Bar ,Pencil Straddle Split - Top Bar ,Pencil Variation,,variations,,,,,,,lyra,bce4d02d-f569-498c-bf14-864e32738aea,1a9470e8-8ab1-4b9d-9f10-48c162489870,90c602d9-70eb-45c1-bc68-1e9a0cbda2c2,,,35327f2b-9205-440f-8e38-f6da18f4dd54,35327f2b-9205-440f-8e38-f6da18f4dd54,2025-07-06T18:15:17.755Z,2025-07-06T18:15:17.755Z,,,,1a9470e8-8ab1-4b9d-9f10-48c162489870--90c602d9-70eb-45c1-bc68-1e9a0cbda2c2
Pencil Straddle Split - Top Bar ,Pencil - Top Bar ,Pencil Variation,,variations,,,,,,,lyra,0ab2ccda-23ad-48b8-a3e4-3333e497891d,90c602d9-70eb-45c1-bc68-1e9a0cbda2c2,53320695-6b2e-4052-aeb7-f022a7c22ff5,,,35327f2b-9205-440f-8e38-f6da18f4dd54,35327f2b-9205-440f-8e38-f6da18f4dd54,2025-07-06T18:15:17.755Z,2025-07-06T18:15:17.755Z,,,,90c602d9-70eb-45c1-bc68-1e9a0cbda2c2--53320695-6b2e-4052-aeb7-f022a7c22ff5
Pencil - Top Bar ,Pencil Straddle Split - Top Bar ,Pencil Variation,,variations,,,,,,,lyra,f2b19d9e-5dd0-4061-96aa-5c49dae42d7c,53320695-6b2e-4052-aeb7-f022a7c22ff5,90c602d9-70eb-45c1-bc68-1e9a0cbda2c2,,,35327f2b-9205-440f-8e38-f6da18f4dd54,35327f2b-9205-440f-8e38-f6da18f4dd54,2025-07-06T18:15:17.755Z,2025-07-06T18:15:17.755Z,,,,53320695-6b2e-4052-aeb7-f022a7c22ff5--90c602d9-70eb-45c1-bc68-1e9a0cbda2c2
Double Knee Hang - Hands Low - Top Bar ,Inside Lion,Inside Lion Slide,,,"From DKH on top bar, bring one hand outside of tab down towards belly of hoop. Whatever hand is lower, that leg comes off of top bar and thru hoop. Slide remaining leg down like cuddle slide while bottom hand slides if need be. End in inside lion. ",,,,,,lyra,ddb45a00-6649-48f6-ab48-fbf0f0b751c8,92015d72-5ec9-4d1d-b5a7-5feaa8b46f42,550a68c4-b000-41e5-b236-a62290d6f8b8,,,35327f2b-9205-440f-8e38-f6da18f4dd54,35327f2b-9205-440f-8e38-f6da18f4dd54,2025-06-16T18:15:17.755Z,2025-06-16T18:15:17.755Z,0,,NEED TO MAKE double knee hang top bar,92015d72-5ec9-4d1d-b5a7-5feaa8b46f42--550a68c4-b000-41e5-b236-a62290d6f8b8
Gazelle - One Hand Knee,Gazelle - Twist Full Split ,Gazelle Variation,,variations,,,,,,,lyra,6daa6bb0-3c74-4573-ba5b-0794ae2ffb98,944016d7-c0ec-4fc9-9317-db719d5d6c3f,01d7e3ba-4d8b-4e7e-a672-7f2e464ce6dd,,,35327f2b-9205-440f-8e38-f6da18f4dd54,35327f2b-9205-440f-8e38-f6da18f4dd54,2025-07-06T18:15:17.755Z,2025-07-06T18:15:17.755Z,,,,944016d7-c0ec-4fc9-9317-db719d5d6c3f--01d7e3ba-4d8b-4e7e-a672-7f2e464ce6dd
Gazelle - Twist Full Split ,Gazelle - One Hand Knee,Gazelle Variation,,variations,,,,,,,lyra,9d441f54-5837-46c9-beba-74d1bd8bb286,01d7e3ba-4d8b-4e7e-a672-7f2e464ce6dd,944016d7-c0ec-4fc9-9317-db719d5d6c3f,,,35327f2b-9205-440f-8e38-f6da18f4dd54,35327f2b-9205-440f-8e38-f6da18f4dd54,2025-07-06T18:15:17.755Z,2025-07-06T18:15:17.755Z,,,,01d7e3ba-4d8b-4e7e-a672-7f2e464ce6dd--944016d7-c0ec-4fc9-9317-db719d5d6c3f
Gazelle - One Hand Knee,Gazelle - Front Split,Gazelle Variation,,variations,,,,,,,lyra,c48897aa-72aa-4925-bf73-ddeb7ccaa957,944016d7-c0ec-4fc9-9317-db719d5d6c3f,53ec54bc-5c33-4319-8baf-93f248d6751b,,,35327f2b-9205-440f-8e38-f6da18f4dd54,35327f2b-9205-440f-8e38-f6da18f4dd54,2025-07-06T18:15:17.755Z,2025-07-06T18:15:17.755Z,,,,944016d7-c0ec-4fc9-9317-db719d5d6c3f--53ec54bc-5c33-4319-8baf-93f248d6751b
Gazelle - Front Split,Gazelle - One Hand Knee,Gazelle Variation,,variations,,,,,,,lyra,bc9aad9f-a577-4b5c-9b96-f5310db984e7,53ec54bc-5c33-4319-8baf-93f248d6751b,944016d7-c0ec-4fc9-9317-db719d5d6c3f,,,35327f2b-9205-440f-8e38-f6da18f4dd54,35327f2b-9205-440f-8e38-f6da18f4dd54,2025-07-06T18:15:17.755Z,2025-07-06T18:15:17.755Z,,,,53ec54bc-5c33-4319-8baf-93f248d6751b--944016d7-c0ec-4fc9-9317-db719d5d6c3f
Gazelle - One Hand Knee,Gazelle - No Hands,Gazelle Variation,,variations,,,,,,,lyra,63cc51f1-cfac-48d2-8150-91a679ce380f,944016d7-c0ec-4fc9-9317-db719d5d6c3f,abd9185c-8e36-4ed5-bbe3-de87acdf47bf,,,35327f2b-9205-440f-8e38-f6da18f4dd54,35327f2b-9205-440f-8e38-f6da18f4dd54,2025-07-06T18:15:17.755Z,2025-07-06T18:15:17.755Z,,,,944016d7-c0ec-4fc9-9317-db719d5d6c3f--abd9185c-8e36-4ed5-bbe3-de87acdf47bf
Gazelle - No Hands,Gazelle - One Hand Knee,Gazelle Variation,,variations,,,,,,,lyra,0ba1413a-9595-4b05-ad61-eb15e788aefb,abd9185c-8e36-4ed5-bbe3-de87acdf47bf,944016d7-c0ec-4fc9-9317-db719d5d6c3f,,,35327f2b-9205-440f-8e38-f6da18f4dd54,35327f2b-9205-440f-8e38-f6da18f4dd54,2025-07-06T18:15:17.755Z,2025-07-06T18:15:17.755Z,,,,abd9185c-8e36-4ed5-bbe3-de87acdf47bf--944016d7-c0ec-4fc9-9317-db719d5d6c3f
Gazelle - One Hand Knee,Gazelle - Twist Half Split,Gazelle Variation,,variations,,,,,,,lyra,9a0a193c-6a2a-43f1-9a65-2f55c7fd34ca,944016d7-c0ec-4fc9-9317-db719d5d6c3f,fb33d765-57e1-4169-8f7d-275615955851,,,35327f2b-9205-440f-8e38-f6da18f4dd54,35327f2b-9205-440f-8e38-f6da18f4dd54,2025-07-06T18:15:17.755Z,2025-07-06T18:15:17.755Z,,,,944016d7-c0ec-4fc9-9317-db719d5d6c3f--fb33d765-57e1-4169-8f7d-275615955851
Gazelle - Twist Half Split,Gazelle - One Hand Knee,Gazelle Variation,,variations,,,,,,,lyra,93dab32d-cfdd-4d74-8725-36810600723d,fb33d765-57e1-4169-8f7d-275615955851,944016d7-c0ec-4fc9-9317-db719d5d6c3f,,,35327f2b-9205-440f-8e38-f6da18f4dd54,35327f2b-9205-440f-8e38-f6da18f4dd54,2025-07-06T18:15:17.755Z,2025-07-06T18:15:17.755Z,,,,fb33d765-57e1-4169-8f7d-275615955851--944016d7-c0ec-4fc9-9317-db719d5d6c3f
Figure Four - Toe on Bar,Toe Squat,,,,,,,,,,lyra,011a6866-1047-41cc-8466-d889b95b8d67,97215a5a-9ad6-4db4-9e95-0ba9e2db79d6,cf96a271-58fd-4d98-b21b-0c45adc2965b,,,35327f2b-9205-440f-8e38-f6da18f4dd54,35327f2b-9205-440f-8e38-f6da18f4dd54,2025-05-02T18:15:17.755Z,2025-05-02T18:15:17.755Z,0,,,97215a5a-9ad6-4db4-9e95-0ba9e2db79d6--cf96a271-58fd-4d98-b21b-0c45adc2965b
Cuddle Slide,Cuddle,Cuddle Slide,,slide,,,,,,,lyra,3117c17b-63f8-4fcd-8031-5cceb9d54163,99f604bb-a07c-4ab5-a862-3d1fe2fa5924,83042c53-6a75-4184-a1ca-17002fc54c67,,,35327f2b-9205-440f-8e38-f6da18f4dd54,35327f2b-9205-440f-8e38-f6da18f4dd54,2025-07-06T18:15:17.755Z,2025-07-06T18:15:17.755Z,,,,99f604bb-a07c-4ab5-a862-3d1fe2fa5924--83042c53-6a75-4184-a1ca-17002fc54c67
Cuddle,Cuddle Slide,Cuddle Slide,,slide,,,,,,,lyra,288e0fa1-c092-4449-aabb-576553f04ae5,83042c53-6a75-4184-a1ca-17002fc54c67,99f604bb-a07c-4ab5-a862-3d1fe2fa5924,,,35327f2b-9205-440f-8e38-f6da18f4dd54,35327f2b-9205-440f-8e38-f6da18f4dd54,2025-07-06T18:15:17.755Z,2025-07-06T18:15:17.755Z,,,,83042c53-6a75-4184-a1ca-17002fc54c67--99f604bb-a07c-4ab5-a862-3d1fe2fa5924
Pencil Straddle Split - Bottom Bar,Pencil - Bottom Bar,Pencil Variation,,variations,,,,,,,lyra,954e132d-c5a4-48de-b53a-7b9bad18fb33,a1dd1979-d7e9-4c22-9a65-80dfae6e3f1f,eb1893ff-d2e4-49dd-9b78-7d2cf9ba010c,,,35327f2b-9205-440f-8e38-f6da18f4dd54,35327f2b-9205-440f-8e38-f6da18f4dd54,2025-07-06T18:15:17.755Z,2025-07-06T18:15:17.755Z,,,,a1dd1979-d7e9-4c22-9a65-80dfae6e3f1f--eb1893ff-d2e4-49dd-9b78-7d2cf9ba010c
Pencil - Bottom Bar,Pencil Straddle Split - Bottom Bar,Pencil Variation,,variations,,,,,,,lyra,3e9c315a-df6d-4b2b-9f8a-7d7e549f36cc,eb1893ff-d2e4-49dd-9b78-7d2cf9ba010c,a1dd1979-d7e9-4c22-9a65-80dfae6e3f1f,,,35327f2b-9205-440f-8e38-f6da18f4dd54,35327f2b-9205-440f-8e38-f6da18f4dd54,2025-07-06T18:15:17.755Z,2025-07-06T18:15:17.755Z,,,,eb1893ff-d2e4-49dd-9b78-7d2cf9ba010c--a1dd1979-d7e9-4c22-9a65-80dfae6e3f1f
Gazelle - Hands on Knee,Gazelle - Twist Full Split ,Gazelle Variation,,variations,,,,,,,lyra,b65532a3-669c-438f-a57b-f786986e7b90,a26bf2e7-5156-4d11-8f19-72c7e823c571,01d7e3ba-4d8b-4e7e-a672-7f2e464ce6dd,,,35327f2b-9205-440f-8e38-f6da18f4dd54,35327f2b-9205-440f-8e38-f6da18f4dd54,2025-07-06T18:15:17.755Z,2025-07-06T18:15:17.755Z,,,,a26bf2e7-5156-4d11-8f19-72c7e823c571--01d7e3ba-4d8b-4e7e-a672-7f2e464ce6dd
Gazelle - Twist Full Split ,Gazelle - Hands on Knee,Gazelle Variation,,variations,,,,,,,lyra,cb3e3fca-8b1e-47ef-9fe9-87c75e3d67f6,01d7e3ba-4d8b-4e7e-a672-7f2e464ce6dd,a26bf2e7-5156-4d11-8f19-72c7e823c571,,,35327f2b-9205-440f-8e38-f6da18f4dd54,35327f2b-9205-440f-8e38-f6da18f4dd54,2025-07-06T18:15:17.755Z,2025-07-06T18:15:17.755Z,,,,01d7e3ba-4d8b-4e7e-a672-7f2e464ce6dd--a26bf2e7-5156-4d11-8f19-72c7e823c571
Gazelle - Hands on Knee,Gazelle - Hands On,Gazelle Variation,,variations,,,,,,,lyra,30f0bf0f-943c-48b2-bbe1-546b944ff4c5,a26bf2e7-5156-4d11-8f19-72c7e823c571,39cba776-1df7-4f24-9bee-26b3268f3168,,,35327f2b-9205-440f-8e38-f6da18f4dd54,35327f2b-9205-440f-8e38-f6da18f4dd54,2025-07-06T18:15:17.755Z,2025-07-06T18:15:17.755Z,,,,a26bf2e7-5156-4d11-8f19-72c7e823c571--39cba776-1df7-4f24-9bee-26b3268f3168
Gazelle - Hands On,Gazelle - Hands on Knee,Gazelle Variation,,variations,,,,,,,lyra,bdd5b338-1f7c-4aee-b44d-54d8eaded233,39cba776-1df7-4f24-9bee-26b3268f3168,a26bf2e7-5156-4d11-8f19-72c7e823c571,,,35327f2b-9205-440f-8e38-f6da18f4dd54,35327f2b-9205-440f-8e38-f6da18f4dd54,2025-07-06T18:15:17.755Z,2025-07-06T18:15:17.755Z,,,,39cba776-1df7-4f24-9bee-26b3268f3168--a26bf2e7-5156-4d11-8f19-72c7e823c571
Gazelle - Hands on Knee,Gazelle - Front Split,Gazelle Variation,,variations,,,,,,,lyra,222a251d-0090-48f0-a962-e88906c0e4d0,a26bf2e7-5156-4d11-8f19-72c7e823c571,53ec54bc-5c33-4319-8baf-93f248d6751b,,,35327f2b-9205-440f-8e38-f6da18f4dd54,35327f2b-9205-440f-8e38-f6da18f4dd54,2025-07-06T18:15:17.755Z,2025-07-06T18:15:17.755Z,,,,a26bf2e7-5156-4d11-8f19-72c7e823c571--53ec54bc-5c33-4319-8baf-93f248d6751b
Gazelle - Front Split,Gazelle - Hands on Knee,Gazelle Variation,,variations,,,,,,,lyra,2bcee726-f473-486d-bc32-d2635e83aa14,53ec54bc-5c33-4319-8baf-93f248d6751b,a26bf2e7-5156-4d11-8f19-72c7e823c571,,,35327f2b-9205-440f-8e38-f6da18f4dd54,35327f2b-9205-440f-8e38-f6da18f4dd54,2025-07-06T18:15:17.755Z,2025-07-06T18:15:17.755Z,,,,53ec54bc-5c33-4319-8baf-93f248d6751b--a26bf2e7-5156-4d11-8f19-72c7e823c571
Gazelle - Hands on Knee,Gazelle - One Hand Knee,Gazelle Variation,,variations,,,,,,,lyra,035c8cfe-69af-42c8-ad63-e368996c1576,a26bf2e7-5156-4d11-8f19-72c7e823c571,944016d7-c0ec-4fc9-9317-db719d5d6c3f,,,35327f2b-9205-440f-8e38-f6da18f4dd54,35327f2b-9205-440f-8e38-f6da18f4dd54,2025-07-06T18:15:17.755Z,2025-07-06T18:15:17.755Z,,,,a26bf2e7-5156-4d11-8f19-72c7e823c571--944016d7-c0ec-4fc9-9317-db719d5d6c3f
Gazelle - One Hand Knee,Gazelle - Hands on Knee,Gazelle Variation,,variations,,,,,,,lyra,84055460-c17e-498f-807f-87ff8339fb93,944016d7-c0ec-4fc9-9317-db719d5d6c3f,a26bf2e7-5156-4d11-8f19-72c7e823c571,,,35327f2b-9205-440f-8e38-f6da18f4dd54,35327f2b-9205-440f-8e38-f6da18f4dd54,2025-07-06T18:15:17.755Z,2025-07-06T18:15:17.755Z,,,,944016d7-c0ec-4fc9-9317-db719d5d6c3f--a26bf2e7-5156-4d11-8f19-72c7e823c571
Gazelle - Hands on Knee,Gazelle - No Hands,Gazelle Variation,,variations,,,,,,,lyra,fb9d02ad-b6cf-47fe-8e78-877c38786c43,a26bf2e7-5156-4d11-8f19-72c7e823c571,abd9185c-8e36-4ed5-bbe3-de87acdf47bf,,,35327f2b-9205-440f-8e38-f6da18f4dd54,35327f2b-9205-440f-8e38-f6da18f4dd54,2025-07-06T18:15:17.755Z,2025-07-06T18:15:17.755Z,,,,a26bf2e7-5156-4d11-8f19-72c7e823c571--abd9185c-8e36-4ed5-bbe3-de87acdf47bf
Gazelle - No Hands,Gazelle - Hands on Knee,Gazelle Variation,,variations,,,,,,,lyra,dd7f5fb2-49f4-4253-b0bc-273e56f82a83,abd9185c-8e36-4ed5-bbe3-de87acdf47bf,a26bf2e7-5156-4d11-8f19-72c7e823c571,,,35327f2b-9205-440f-8e38-f6da18f4dd54,35327f2b-9205-440f-8e38-f6da18f4dd54,2025-07-06T18:15:17.755Z,2025-07-06T18:15:17.755Z,,,,abd9185c-8e36-4ed5-bbe3-de87acdf47bf--a26bf2e7-5156-4d11-8f19-72c7e823c571
Gazelle - Hands on Knee,Gazelle - Twist Half Split,Gazelle Variation,,variations,,,,,,,lyra,63b7ac68-c416-4685-be2e-d583f015fdd1,a26bf2e7-5156-4d11-8f19-72c7e823c571,fb33d765-57e1-4169-8f7d-275615955851,,,35327f2b-9205-440f-8e38-f6da18f4dd54,35327f2b-9205-440f-8e38-f6da18f4dd54,2025-07-06T18:15:17.755Z,2025-07-06T18:15:17.755Z,,,,a26bf2e7-5156-4d11-8f19-72c7e823c571--fb33d765-57e1-4169-8f7d-275615955851
Gazelle - Twist Half Split,Gazelle - Hands on Knee,Gazelle Variation,,variations,,,,,,,lyra,d0bf715f-ea0c-41a1-829a-f8af2213f0ae,fb33d765-57e1-4169-8f7d-275615955851,a26bf2e7-5156-4d11-8f19-72c7e823c571,,,35327f2b-9205-440f-8e38-f6da18f4dd54,35327f2b-9205-440f-8e38-f6da18f4dd54,2025-07-06T18:15:17.755Z,2025-07-06T18:15:17.755Z,,,,fb33d765-57e1-4169-8f7d-275615955851--a26bf2e7-5156-4d11-8f19-72c7e823c571
Low Outside Mermaid,Outside Mermaid - Crossed Legs,Outside Mermaid Variation,,variations,,,,,,,lyra,97a64a69-19f1-422c-a626-5fe15f3def37,a2ee85ec-4165-4304-84f8-c82d0130b590,44b917bc-d7a4-46d4-b5c0-f420bf169ca5,,,35327f2b-9205-440f-8e38-f6da18f4dd54,35327f2b-9205-440f-8e38-f6da18f4dd54,2025-07-06T18:15:17.755Z,2025-07-06T18:15:17.755Z,,,,a2ee85ec-4165-4304-84f8-c82d0130b590--44b917bc-d7a4-46d4-b5c0-f420bf169ca5
Outside Mermaid - Crossed Legs,Low Outside Mermaid,Outside Mermaid Variation,,variations,,,,,,,lyra,c3ce5ac3-5904-4d69-9b4c-227787cb0761,44b917bc-d7a4-46d4-b5c0-f420bf169ca5,a2ee85ec-4165-4304-84f8-c82d0130b590,,,35327f2b-9205-440f-8e38-f6da18f4dd54,35327f2b-9205-440f-8e38-f6da18f4dd54,2025-07-06T18:15:17.755Z,2025-07-06T18:15:17.755Z,,,,44b917bc-d7a4-46d4-b5c0-f420bf169ca5--a2ee85ec-4165-4304-84f8-c82d0130b590
Low Outside Mermaid,Outside Mermaid - Arabesque,Outside Mermaid Variation,,variations,,,,,,,lyra,c1aec687-c16c-422c-82ec-ad679e9e1fba,a2ee85ec-4165-4304-84f8-c82d0130b590,af36b11d-b2e3-4688-8cb7-0a7d1866e032,,,35327f2b-9205-440f-8e38-f6da18f4dd54,35327f2b-9205-440f-8e38-f6da18f4dd54,2025-07-06T18:15:17.755Z,2025-07-06T18:15:17.755Z,,,,a2ee85ec-4165-4304-84f8-c82d0130b590--af36b11d-b2e3-4688-8cb7-0a7d1866e032
Outside Mermaid - Arabesque,Low Outside Mermaid,Outside Mermaid Variation,,variations,,,,,,,lyra,12444f08-49b6-4fb5-98ab-c7824044cf6e,af36b11d-b2e3-4688-8cb7-0a7d1866e032,a2ee85ec-4165-4304-84f8-c82d0130b590,,,35327f2b-9205-440f-8e38-f6da18f4dd54,35327f2b-9205-440f-8e38-f6da18f4dd54,2025-07-06T18:15:17.755Z,2025-07-06T18:15:17.755Z,,,,af36b11d-b2e3-4688-8cb7-0a7d1866e032--a2ee85ec-4165-4304-84f8-c82d0130b590
Butt Shelf - Hands On - Straight Legs,Butt Shelf - Hands On - Wide Legs,Butt Shelf Variation,,variations,,,,,,,lyra,359fa763-28cf-4817-9a56-4cf0fb947eff,a8d58b60-9f45-4de8-b2fd-084ad16d6de2,1e06ad5d-4b41-4ea2-bee9-769643d4710f,,,35327f2b-9205-440f-8e38-f6da18f4dd54,35327f2b-9205-440f-8e38-f6da18f4dd54,2025-07-06T18:15:17.755Z,2025-07-06T18:15:17.755Z,,,,a8d58b60-9f45-4de8-b2fd-084ad16d6de2--1e06ad5d-4b41-4ea2-bee9-769643d4710f
Butt Shelf - Hands On - Wide Legs,Butt Shelf - Hands On - Straight Legs,Butt Shelf Variation,,variations,,,,,,,lyra,0bd4f7fe-97ef-424b-a25e-2433181a3d79,1e06ad5d-4b41-4ea2-bee9-769643d4710f,a8d58b60-9f45-4de8-b2fd-084ad16d6de2,,,35327f2b-9205-440f-8e38-f6da18f4dd54,35327f2b-9205-440f-8e38-f6da18f4dd54,2025-07-06T18:15:17.755Z,2025-07-06T18:15:17.755Z,,,,1e06ad5d-4b41-4ea2-bee9-769643d4710f--a8d58b60-9f45-4de8-b2fd-084ad16d6de2
Butt Shelf - Hands On - Straight Legs,Butt Shelf - Hands Off - Wide Legs,Butt Shelf Variation,,variations,,,,,,,lyra,7166f9bf-34f8-4cb7-b7ea-60ef1bdf2846,a8d58b60-9f45-4de8-b2fd-084ad16d6de2,86ed6d01-2d98-4980-a7a2-4562f238f2c5,,,35327f2b-9205-440f-8e38-f6da18f4dd54,35327f2b-9205-440f-8e38-f6da18f4dd54,2025-07-06T18:15:17.755Z,2025-07-06T18:15:17.755Z,,,,a8d58b60-9f45-4de8-b2fd-084ad16d6de2--86ed6d01-2d98-4980-a7a2-4562f238f2c5
Butt Shelf - Hands Off - Wide Legs,Butt Shelf - Hands On - Straight Legs,Butt Shelf Variation,,variations,,,,,,,lyra,a4c001f8-2ead-4144-ad4f-c75d5973ab99,86ed6d01-2d98-4980-a7a2-4562f238f2c5,a8d58b60-9f45-4de8-b2fd-084ad16d6de2,,,35327f2b-9205-440f-8e38-f6da18f4dd54,35327f2b-9205-440f-8e38-f6da18f4dd54,2025-07-06T18:15:17.755Z,2025-07-06T18:15:17.755Z,,,,86ed6d01-2d98-4980-a7a2-4562f238f2c5--a8d58b60-9f45-4de8-b2fd-084ad16d6de2
Butt Shelf - Hands On - Straight Legs,Butt Shelf - Hands Off - Legs Straight,Butt Shelf Variation,,variations,,,,,,,lyra,5560e4a9-2881-4d3f-ac20-f6e49fcf2912,a8d58b60-9f45-4de8-b2fd-084ad16d6de2,886b3ef2-1728-47ba-8caa-cec05cc81b6f,,,35327f2b-9205-440f-8e38-f6da18f4dd54,35327f2b-9205-440f-8e38-f6da18f4dd54,2025-07-06T18:15:17.755Z,2025-07-06T18:15:17.755Z,,,,a8d58b60-9f45-4de8-b2fd-084ad16d6de2--886b3ef2-1728-47ba-8caa-cec05cc81b6f
Butt Shelf - Hands Off - Legs Straight,Butt Shelf - Hands On - Straight Legs,Butt Shelf Variation,,variations,,,,,,,lyra,4324e5d2-2344-43bc-b7db-5112f1f41c87,886b3ef2-1728-47ba-8caa-cec05cc81b6f,a8d58b60-9f45-4de8-b2fd-084ad16d6de2,,,35327f2b-9205-440f-8e38-f6da18f4dd54,35327f2b-9205-440f-8e38-f6da18f4dd54,2025-07-06T18:15:17.755Z,2025-07-06T18:15:17.755Z,,,,886b3ef2-1728-47ba-8caa-cec05cc81b6f--a8d58b60-9f45-4de8-b2fd-084ad16d6de2
Butt Shelf - Hands On - Straight Legs,Butt Shelf - Hands Off - One Leg Straight Other Bent Behind,Butt Shelf Variation,,variations,,,,,,,lyra,43ea5c1a-7c47-4b46-b940-53b4f1f747ed,a8d58b60-9f45-4de8-b2fd-084ad16d6de2,bf2ba77f-48cd-4fe2-a567-2e05f983ad6d,,,35327f2b-9205-440f-8e38-f6da18f4dd54,35327f2b-9205-440f-8e38-f6da18f4dd54,2025-07-06T18:15:17.755Z,2025-07-06T18:15:17.755Z,,,,a8d58b60-9f45-4de8-b2fd-084ad16d6de2--bf2ba77f-48cd-4fe2-a567-2e05f983ad6d
Butt Shelf - Hands Off - One Leg Straight Other Bent Behind,Butt Shelf - Hands On - Straight Legs,Butt Shelf Variation,,variations,,,,,,,lyra,de654a23-c1a1-415c-b495-4af0a0a0417e,bf2ba77f-48cd-4fe2-a567-2e05f983ad6d,a8d58b60-9f45-4de8-b2fd-084ad16d6de2,,,35327f2b-9205-440f-8e38-f6da18f4dd54,35327f2b-9205-440f-8e38-f6da18f4dd54,2025-07-06T18:15:17.755Z,2025-07-06T18:15:17.755Z,,,,bf2ba77f-48cd-4fe2-a567-2e05f983ad6d--a8d58b60-9f45-4de8-b2fd-084ad16d6de2
Figure Four - Leg on Bar,Arabesque From Seated,,,,"Figure Four
Pull up
During pull up, switch hand of leg that is crossed over to palms toward you
Come through hoop
Leg that originally crossed over becomes arabesque leg",,,"Stop in lady in the moon (level 1)
Continue through without stopping",,,lyra,a1addd85-033b-4b0b-9ed7-bac154963d2c,aad131de-50de-4090-8b20-1c7a69eb1be8,2f05976e-560c-485d-a3a4-d4fc6eb61d59,,,35327f2b-9205-440f-8e38-f6da18f4dd54,35327f2b-9205-440f-8e38-f6da18f4dd54,2025-05-02T18:15:17.755Z,2025-05-02T18:15:17.755Z,0,,,aad131de-50de-4090-8b20-1c7a69eb1be8--2f05976e-560c-485d-a3a4-d4fc6eb61d59
Figure Four - Leg on Bar,Lady in the Moon,,1,,,,,,,,lyra,8ff91695-e336-4ac5-9a8c-13b87910be34,aad131de-50de-4090-8b20-1c7a69eb1be8,5639c11b-d70b-4592-9280-4e89343ced8f,,,35327f2b-9205-440f-8e38-f6da18f4dd54,35327f2b-9205-440f-8e38-f6da18f4dd54,2025-05-02T18:15:17.755Z,2025-05-02T18:15:17.755Z,0,,,aad131de-50de-4090-8b20-1c7a69eb1be8--5639c11b-d70b-4592-9280-4e89343ced8f
Figure Four - Leg on Bar,Figure Four - Toe on Bar,Figure Four Variation,,variations,,,,,,,lyra,a7046275-7921-46c4-885e-900382083257,aad131de-50de-4090-8b20-1c7a69eb1be8,97215a5a-9ad6-4db4-9e95-0ba9e2db79d6,,,35327f2b-9205-440f-8e38-f6da18f4dd54,35327f2b-9205-440f-8e38-f6da18f4dd54,2025-07-06T18:15:17.755Z,2025-07-06T18:15:17.755Z,,,,aad131de-50de-4090-8b20-1c7a69eb1be8--97215a5a-9ad6-4db4-9e95-0ba9e2db79d6
Figure Four - Toe on Bar,Figure Four - Leg on Bar,Figure Four Variation,,variations,,,,,,,lyra,47424d97-734c-4c2a-baff-f8188e4c659c,97215a5a-9ad6-4db4-9e95-0ba9e2db79d6,aad131de-50de-4090-8b20-1c7a69eb1be8,,,35327f2b-9205-440f-8e38-f6da18f4dd54,35327f2b-9205-440f-8e38-f6da18f4dd54,2025-07-06T18:15:17.755Z,2025-07-06T18:15:17.755Z,,,,97215a5a-9ad6-4db4-9e95-0ba9e2db79d6--aad131de-50de-4090-8b20-1c7a69eb1be8
Gazelle - No Hands,Gazelle - Twist Full Split ,Gazelle Variation,,variations,,,,,,,lyra,2b83795e-5c41-47e9-b134-976784185c0f,abd9185c-8e36-4ed5-bbe3-de87acdf47bf,01d7e3ba-4d8b-4e7e-a672-7f2e464ce6dd,,,35327f2b-9205-440f-8e38-f6da18f4dd54,35327f2b-9205-440f-8e38-f6da18f4dd54,2025-07-06T18:15:17.755Z,2025-07-06T18:15:17.755Z,,,,abd9185c-8e36-4ed5-bbe3-de87acdf47bf--01d7e3ba-4d8b-4e7e-a672-7f2e464ce6dd
Gazelle - Twist Full Split ,Gazelle - No Hands,Gazelle Variation,,variations,,,,,,,lyra,f4cb7beb-0b65-43de-b14d-667ef283c5d1,01d7e3ba-4d8b-4e7e-a672-7f2e464ce6dd,abd9185c-8e36-4ed5-bbe3-de87acdf47bf,,,35327f2b-9205-440f-8e38-f6da18f4dd54,35327f2b-9205-440f-8e38-f6da18f4dd54,2025-07-06T18:15:17.755Z,2025-07-06T18:15:17.755Z,,,,01d7e3ba-4d8b-4e7e-a672-7f2e464ce6dd--abd9185c-8e36-4ed5-bbe3-de87acdf47bf
Gazelle - No Hands,Gazelle - Twist Half Split,Gazelle Variation,,variations,,,,,,,lyra,621b6656-f88d-438f-960d-e60751ccffc7,abd9185c-8e36-4ed5-bbe3-de87acdf47bf,fb33d765-57e1-4169-8f7d-275615955851,,,35327f2b-9205-440f-8e38-f6da18f4dd54,35327f2b-9205-440f-8e38-f6da18f4dd54,2025-07-06T18:15:17.755Z,2025-07-06T18:15:17.755Z,,,,abd9185c-8e36-4ed5-bbe3-de87acdf47bf--fb33d765-57e1-4169-8f7d-275615955851
Gazelle - Twist Half Split,Gazelle - No Hands,Gazelle Variation,,variations,,,,,,,lyra,607aec79-9e09-4f25-83df-33155d58d767,fb33d765-57e1-4169-8f7d-275615955851,abd9185c-8e36-4ed5-bbe3-de87acdf47bf,,,35327f2b-9205-440f-8e38-f6da18f4dd54,35327f2b-9205-440f-8e38-f6da18f4dd54,2025-07-06T18:15:17.755Z,2025-07-06T18:15:17.755Z,,,,fb33d765-57e1-4169-8f7d-275615955851--abd9185c-8e36-4ed5-bbe3-de87acdf47bf
Outside Mermaid - Arabesque,Outside Mermaid - Crossed Legs,Outside Mermaid Variation,,variations,,,,,,,lyra,e1172f52-a944-4cbb-8840-c1a59e3ef399,af36b11d-b2e3-4688-8cb7-0a7d1866e032,44b917bc-d7a4-46d4-b5c0-f420bf169ca5,,,35327f2b-9205-440f-8e38-f6da18f4dd54,35327f2b-9205-440f-8e38-f6da18f4dd54,2025-07-06T18:15:17.755Z,2025-07-06T18:15:17.755Z,,,,af36b11d-b2e3-4688-8cb7-0a7d1866e032--44b917bc-d7a4-46d4-b5c0-f420bf169ca5
Outside Mermaid - Crossed Legs,Outside Mermaid - Arabesque,Outside Mermaid Variation,,variations,,,,,,,lyra,930453d1-3b2f-44c9-b5ae-f024a488da26,44b917bc-d7a4-46d4-b5c0-f420bf169ca5,af36b11d-b2e3-4688-8cb7-0a7d1866e032,,,35327f2b-9205-440f-8e38-f6da18f4dd54,35327f2b-9205-440f-8e38-f6da18f4dd54,2025-07-06T18:15:17.755Z,2025-07-06T18:15:17.755Z,,,,44b917bc-d7a4-46d4-b5c0-f420bf169ca5--af36b11d-b2e3-4688-8cb7-0a7d1866e032
Chest Stand - Delilah,Chest Stand - Pike,Chest Stand Variation,,variations,,,,,,,lyra,76997971-e0fc-4c71-b168-056825a477c1,b473711e-79b0-4da1-a96a-0014e89e93c4,3ceffd98-3922-447d-a19d-4841da6b1a59,,,35327f2b-9205-440f-8e38-f6da18f4dd54,35327f2b-9205-440f-8e38-f6da18f4dd54,2025-07-06T18:15:17.755Z,2025-07-06T18:15:17.755Z,,,,b473711e-79b0-4da1-a96a-0014e89e93c4--3ceffd98-3922-447d-a19d-4841da6b1a59
Chest Stand - Pike,Chest Stand - Delilah,Chest Stand Variation,,variations,,,,,,,lyra,d8e5a079-0a94-4e38-ab5a-efe36ffb9e94,3ceffd98-3922-447d-a19d-4841da6b1a59,b473711e-79b0-4da1-a96a-0014e89e93c4,,,35327f2b-9205-440f-8e38-f6da18f4dd54,35327f2b-9205-440f-8e38-f6da18f4dd54,2025-07-06T18:15:17.755Z,2025-07-06T18:15:17.755Z,,,,3ceffd98-3922-447d-a19d-4841da6b1a59--b473711e-79b0-4da1-a96a-0014e89e93c4
Chest Stand - Delilah,Chest Stand - Pencil,Chest Stand Variation,,variations,,,,,,,lyra,04aeda69-ea45-4511-9d06-9d9db4508c7d,b473711e-79b0-4da1-a96a-0014e89e93c4,c44da0f9-c88b-437c-a8ae-2727fed0e52b,,,35327f2b-9205-440f-8e38-f6da18f4dd54,35327f2b-9205-440f-8e38-f6da18f4dd54,2025-07-06T18:15:17.755Z,2025-07-06T18:15:17.755Z,,,,b473711e-79b0-4da1-a96a-0014e89e93c4--c44da0f9-c88b-437c-a8ae-2727fed0e52b
Chest Stand - Pencil,Chest Stand - Delilah,Chest Stand Variation,,variations,,,,,,,lyra,05a9501f-8fd2-4a75-9589-6053ee8b2b3f,c44da0f9-c88b-437c-a8ae-2727fed0e52b,b473711e-79b0-4da1-a96a-0014e89e93c4,,,35327f2b-9205-440f-8e38-f6da18f4dd54,35327f2b-9205-440f-8e38-f6da18f4dd54,2025-07-06T18:15:17.755Z,2025-07-06T18:15:17.755Z,,,,c44da0f9-c88b-437c-a8ae-2727fed0e52b--b473711e-79b0-4da1-a96a-0014e89e93c4
Pretzel Hang - Hands On - Bottom Bar,Pretzel Hang - Hands Off - Bottom Bar,Pretzel Hang Variation,,variations,,,,,,,lyra,e7374c05-340d-4952-a203-cd1af6615161,b8003f60-b8f5-4612-9162-0b7c8a6c735c,7a6dcb74-2328-4214-acce-e10e41e3d10b,,,35327f2b-9205-440f-8e38-f6da18f4dd54,35327f2b-9205-440f-8e38-f6da18f4dd54,2025-07-06T18:15:17.755Z,2025-07-06T18:15:17.755Z,,,,b8003f60-b8f5-4612-9162-0b7c8a6c735c--7a6dcb74-2328-4214-acce-e10e41e3d10b
Pretzel Hang - Hands Off - Bottom Bar,Pretzel Hang - Hands On - Bottom Bar,Pretzel Hang Variation,,variations,,,,,,,lyra,aad4591f-3694-499d-96a9-40561376d92c,7a6dcb74-2328-4214-acce-e10e41e3d10b,b8003f60-b8f5-4612-9162-0b7c8a6c735c,,,35327f2b-9205-440f-8e38-f6da18f4dd54,35327f2b-9205-440f-8e38-f6da18f4dd54,2025-07-06T18:15:17.755Z,2025-07-06T18:15:17.755Z,,,,7a6dcb74-2328-4214-acce-e10e41e3d10b--b8003f60-b8f5-4612-9162-0b7c8a6c735c
Pretzel Hang - Hands On - Bottom Bar,Pretzel Hang - One Hand - Bottom Bar,Pretzel Hang Variation,,variations,,,,,,,lyra,8d123eba-9804-4252-a107-6bc503221e59,b8003f60-b8f5-4612-9162-0b7c8a6c735c,a5faf1dd-b0de-4db2-96fb-701011ca898d,,,35327f2b-9205-440f-8e38-f6da18f4dd54,35327f2b-9205-440f-8e38-f6da18f4dd54,2025-07-06T18:15:17.755Z,2025-07-06T18:15:17.755Z,,,,b8003f60-b8f5-4612-9162-0b7c8a6c735c--a5faf1dd-b0de-4db2-96fb-701011ca898d
Pretzel Hang - One Hand - Bottom Bar,Pretzel Hang - Hands On - Bottom Bar,Pretzel Hang Variation,,variations,,,,,,,lyra,127d57ff-aed3-4046-b128-0838f6f397cf,a5faf1dd-b0de-4db2-96fb-701011ca898d,b8003f60-b8f5-4612-9162-0b7c8a6c735c,,,35327f2b-9205-440f-8e38-f6da18f4dd54,35327f2b-9205-440f-8e38-f6da18f4dd54,2025-07-06T18:15:17.755Z,2025-07-06T18:15:17.755Z,,,,a5faf1dd-b0de-4db2-96fb-701011ca898d--b8003f60-b8f5-4612-9162-0b7c8a6c735c
Low Man in the Moon,Low Man in Moon - Legs Crossed,Man in the Moon Variation,,variations,,,,,,,lyra,7979e851-9401-4ffd-bf01-877b486a9bca,b872cbce-be47-451b-8d5c-202dca5da676,00ad025b-702e-4a85-a4d8-ff56ac5fc6e6,,,35327f2b-9205-440f-8e38-f6da18f4dd54,35327f2b-9205-440f-8e38-f6da18f4dd54,2025-07-06T18:15:17.755Z,2025-07-06T18:15:17.755Z,,,,b872cbce-be47-451b-8d5c-202dca5da676--00ad025b-702e-4a85-a4d8-ff56ac5fc6e6
Low Man in Moon - Legs Crossed,Low Man in the Moon,Man in the Moon Variation,,variations,,,,,,,lyra,2d59d143-02e0-4f1f-89b2-d44ced24dbdb,00ad025b-702e-4a85-a4d8-ff56ac5fc6e6,b872cbce-be47-451b-8d5c-202dca5da676,,,35327f2b-9205-440f-8e38-f6da18f4dd54,35327f2b-9205-440f-8e38-f6da18f4dd54,2025-07-06T18:15:17.755Z,2025-07-06T18:15:17.755Z,,,,00ad025b-702e-4a85-a4d8-ff56ac5fc6e6--b872cbce-be47-451b-8d5c-202dca5da676
Low Man in the Moon,Man in Moon Straddle,Man in the Moon Variation,,variations,,,,,,,lyra,42995e5a-dbb5-426e-9ff9-8952ff97a056,b872cbce-be47-451b-8d5c-202dca5da676,32a3207d-858f-429f-85af-34843221c65d,,,35327f2b-9205-440f-8e38-f6da18f4dd54,35327f2b-9205-440f-8e38-f6da18f4dd54,2025-07-06T18:15:17.755Z,2025-07-06T18:15:17.755Z,,,,b872cbce-be47-451b-8d5c-202dca5da676--32a3207d-858f-429f-85af-34843221c65d
Man in Moon Straddle,Low Man in the Moon,Man in the Moon Variation,,variations,,,,,,,lyra,d2424626-32ec-450f-8703-0a65636d7c51,32a3207d-858f-429f-85af-34843221c65d,b872cbce-be47-451b-8d5c-202dca5da676,,,35327f2b-9205-440f-8e38-f6da18f4dd54,35327f2b-9205-440f-8e38-f6da18f4dd54,2025-07-06T18:15:17.755Z,2025-07-06T18:15:17.755Z,,,,32a3207d-858f-429f-85af-34843221c65d--b872cbce-be47-451b-8d5c-202dca5da676
Low Man in the Moon,Man in the Moon,Man in the Moon Variation,,variations,,,,,,,lyra,c4d782e1-2e34-40e7-8312-39aa765c7c4a,b872cbce-be47-451b-8d5c-202dca5da676,7fa27e26-9959-4d13-8da1-d2751fff94ec,,,35327f2b-9205-440f-8e38-f6da18f4dd54,35327f2b-9205-440f-8e38-f6da18f4dd54,2025-07-06T18:15:17.755Z,2025-07-06T18:15:17.755Z,,,,b872cbce-be47-451b-8d5c-202dca5da676--7fa27e26-9959-4d13-8da1-d2751fff94ec
Man in the Moon,Low Man in the Moon,Man in the Moon Variation,,variations,,,,,,,lyra,682a9ee4-a2bc-49cc-b69c-bc43ec37f9c7,7fa27e26-9959-4d13-8da1-d2751fff94ec,b872cbce-be47-451b-8d5c-202dca5da676,,,35327f2b-9205-440f-8e38-f6da18f4dd54,35327f2b-9205-440f-8e38-f6da18f4dd54,2025-07-06T18:15:17.755Z,2025-07-06T18:15:17.755Z,,,,7fa27e26-9959-4d13-8da1-d2751fff94ec--b872cbce-be47-451b-8d5c-202dca5da676
Hip Hang Foot Block - One Leg Bent,Hip Hang Foot Block - Inverted Flamingo,Hip Hang Foot Block,,variations,,,,,,,lyra,46c7b8cb-7b67-48d0-800c-577fbe747d28,b8d44b98-0345-49d9-8fe6-cae50f42731b,539f1b36-1529-4d19-8b24-cff2851146fb,,,35327f2b-9205-440f-8e38-f6da18f4dd54,35327f2b-9205-440f-8e38-f6da18f4dd54,2025-07-06T18:15:17.755Z,2025-07-06T18:15:17.755Z,,,,b8d44b98-0345-49d9-8fe6-cae50f42731b--539f1b36-1529-4d19-8b24-cff2851146fb
Hip Hang Foot Block - Inverted Flamingo,Hip Hang Foot Block - One Leg Bent,Hip Hang Foot Block,,variations,,,,,,,lyra,19141c8e-bcf9-48f9-b105-ae43f496ee71,539f1b36-1529-4d19-8b24-cff2851146fb,b8d44b98-0345-49d9-8fe6-cae50f42731b,,,35327f2b-9205-440f-8e38-f6da18f4dd54,35327f2b-9205-440f-8e38-f6da18f4dd54,2025-07-06T18:15:17.755Z,2025-07-06T18:15:17.755Z,,,,539f1b36-1529-4d19-8b24-cff2851146fb--b8d44b98-0345-49d9-8fe6-cae50f42731b
Hip Hang - Zipper,Hip Hang,,,,,,,,,,lyra,7bfdb6c8-3b9d-4d8d-ad1d-b3ef966a37de,bed35930-ef80-4567-b364-a0b29f5c23b6,6cc4b235-ffc4-4813-8f94-2b127f0ba5ce,,,35327f2b-9205-440f-8e38-f6da18f4dd54,35327f2b-9205-440f-8e38-f6da18f4dd54,2025-07-06T18:15:17.755Z,2025-07-06T18:15:17.755Z,,,,bed35930-ef80-4567-b364-a0b29f5c23b6--6cc4b235-ffc4-4813-8f94-2b127f0ba5ce
Hip Hang,Hip Hang - Zipper,,,,,,,,,,lyra,115b9712-a983-46e8-b7b9-57672c1a24eb,6cc4b235-ffc4-4813-8f94-2b127f0ba5ce,bed35930-ef80-4567-b364-a0b29f5c23b6,,,35327f2b-9205-440f-8e38-f6da18f4dd54,35327f2b-9205-440f-8e38-f6da18f4dd54,2025-07-06T18:15:17.755Z,2025-07-06T18:15:17.755Z,,,,6cc4b235-ffc4-4813-8f94-2b127f0ba5ce--bed35930-ef80-4567-b364-a0b29f5c23b6
Butt Shelf - Hands Off - One Leg Straight Other Bent Behind,Butt Shelf - Hands Off - Wide Legs,Butt Shelf Variation,,variations,,,,,,,lyra,1e3a97eb-8530-4df1-bc79-1d83e71e37a8,bf2ba77f-48cd-4fe2-a567-2e05f983ad6d,86ed6d01-2d98-4980-a7a2-4562f238f2c5,,,35327f2b-9205-440f-8e38-f6da18f4dd54,35327f2b-9205-440f-8e38-f6da18f4dd54,2025-07-06T18:15:17.755Z,2025-07-06T18:15:17.755Z,,,,bf2ba77f-48cd-4fe2-a567-2e05f983ad6d--86ed6d01-2d98-4980-a7a2-4562f238f2c5
Butt Shelf - Hands Off - Wide Legs,Butt Shelf - Hands Off - One Leg Straight Other Bent Behind,Butt Shelf Variation,,variations,,,,,,,lyra,2f30ab7a-e7ac-42e8-be9b-54b249de0091,86ed6d01-2d98-4980-a7a2-4562f238f2c5,bf2ba77f-48cd-4fe2-a567-2e05f983ad6d,,,35327f2b-9205-440f-8e38-f6da18f4dd54,35327f2b-9205-440f-8e38-f6da18f4dd54,2025-07-06T18:15:17.755Z,2025-07-06T18:15:17.755Z,,,,86ed6d01-2d98-4980-a7a2-4562f238f2c5--bf2ba77f-48cd-4fe2-a567-2e05f983ad6d
Butt Shelf - Hands Off - One Leg Straight Other Bent Behind,Butt Shelf - Hands Off - Legs Straight,Butt Shelf Variation,,variations,,,,,,,lyra,07d6cfac-e0ef-4af0-8e68-da546a4cf59b,bf2ba77f-48cd-4fe2-a567-2e05f983ad6d,886b3ef2-1728-47ba-8caa-cec05cc81b6f,,,35327f2b-9205-440f-8e38-f6da18f4dd54,35327f2b-9205-440f-8e38-f6da18f4dd54,2025-07-06T18:15:17.755Z,2025-07-06T18:15:17.755Z,,,,bf2ba77f-48cd-4fe2-a567-2e05f983ad6d--886b3ef2-1728-47ba-8caa-cec05cc81b6f
Butt Shelf - Hands Off - Legs Straight,Butt Shelf - Hands Off - One Leg Straight Other Bent Behind,Butt Shelf Variation,,variations,,,,,,,lyra,e2e933b7-9443-4393-807b-873bfc80de01,886b3ef2-1728-47ba-8caa-cec05cc81b6f,bf2ba77f-48cd-4fe2-a567-2e05f983ad6d,,,35327f2b-9205-440f-8e38-f6da18f4dd54,35327f2b-9205-440f-8e38-f6da18f4dd54,2025-07-06T18:15:17.755Z,2025-07-06T18:15:17.755Z,,,,886b3ef2-1728-47ba-8caa-cec05cc81b6f--bf2ba77f-48cd-4fe2-a567-2e05f983ad6d
Chest Stand - Pencil,Chest Stand - Pike,Chest Stand Variation,,variations,,,,,,,lyra,e00b72de-f412-4ea3-bd02-e3df4176e53b,c44da0f9-c88b-437c-a8ae-2727fed0e52b,3ceffd98-3922-447d-a19d-4841da6b1a59,,,35327f2b-9205-440f-8e38-f6da18f4dd54,35327f2b-9205-440f-8e38-f6da18f4dd54,2025-07-06T18:15:17.755Z,2025-07-06T18:15:17.755Z,,,,c44da0f9-c88b-437c-a8ae-2727fed0e52b--3ceffd98-3922-447d-a19d-4841da6b1a59
Chest Stand - Pike,Chest Stand - Pencil,Chest Stand Variation,,variations,,,,,,,lyra,ca5976c1-1004-4dec-9d41-b868ff266c25,3ceffd98-3922-447d-a19d-4841da6b1a59,c44da0f9-c88b-437c-a8ae-2727fed0e52b,,,35327f2b-9205-440f-8e38-f6da18f4dd54,35327f2b-9205-440f-8e38-f6da18f4dd54,2025-07-06T18:15:17.755Z,2025-07-06T18:15:17.755Z,,,,3ceffd98-3922-447d-a19d-4841da6b1a59--c44da0f9-c88b-437c-a8ae-2727fed0e52b
Pencil Scorpion - Top Bar ,Pencil Tick Tocks - Top Bar ,Pencil Variation,,variations,,,,,,,lyra,b02be89d-cadf-44be-9d4e-785704e06957,c7bda122-c94c-4a6c-b5bb-0fd08140655f,1a9470e8-8ab1-4b9d-9f10-48c162489870,,,35327f2b-9205-440f-8e38-f6da18f4dd54,35327f2b-9205-440f-8e38-f6da18f4dd54,2025-07-06T18:15:17.755Z,2025-07-06T18:15:17.755Z,,,,c7bda122-c94c-4a6c-b5bb-0fd08140655f--1a9470e8-8ab1-4b9d-9f10-48c162489870
Pencil Tick Tocks - Top Bar ,Pencil Scorpion - Top Bar ,Pencil Variation,,variations,,,,,,,lyra,d1a42227-cf8a-4783-8900-2b74fdf693d9,1a9470e8-8ab1-4b9d-9f10-48c162489870,c7bda122-c94c-4a6c-b5bb-0fd08140655f,,,35327f2b-9205-440f-8e38-f6da18f4dd54,35327f2b-9205-440f-8e38-f6da18f4dd54,2025-07-06T18:15:17.755Z,2025-07-06T18:15:17.755Z,,,,1a9470e8-8ab1-4b9d-9f10-48c162489870--c7bda122-c94c-4a6c-b5bb-0fd08140655f
Pencil Scorpion - Top Bar ,Pencil - Top Bar ,Pencil Variation,,variations,,,,,,,lyra,42d9ca37-f1cc-4102-a17e-6c4d6bf6208a,c7bda122-c94c-4a6c-b5bb-0fd08140655f,53320695-6b2e-4052-aeb7-f022a7c22ff5,,,35327f2b-9205-440f-8e38-f6da18f4dd54,35327f2b-9205-440f-8e38-f6da18f4dd54,2025-07-06T18:15:17.755Z,2025-07-06T18:15:17.755Z,,,,c7bda122-c94c-4a6c-b5bb-0fd08140655f--53320695-6b2e-4052-aeb7-f022a7c22ff5
Pencil - Top Bar ,Pencil Scorpion - Top Bar ,Pencil Variation,,variations,,,,,,,lyra,f06a4606-6bbb-4227-9146-ffbb9e7599a1,53320695-6b2e-4052-aeb7-f022a7c22ff5,c7bda122-c94c-4a6c-b5bb-0fd08140655f,,,35327f2b-9205-440f-8e38-f6da18f4dd54,35327f2b-9205-440f-8e38-f6da18f4dd54,2025-07-06T18:15:17.755Z,2025-07-06T18:15:17.755Z,,,,53320695-6b2e-4052-aeb7-f022a7c22ff5--c7bda122-c94c-4a6c-b5bb-0fd08140655f
Pencil Scorpion - Top Bar ,Pencil Side Star - Top Bar ,Pencil Variation,,variations,,,,,,,lyra,d3fb4843-4de9-4ad1-aaf2-087c01c10712,c7bda122-c94c-4a6c-b5bb-0fd08140655f,5c3ac739-0ed4-4083-843b-481f85686806,,,35327f2b-9205-440f-8e38-f6da18f4dd54,35327f2b-9205-440f-8e38-f6da18f4dd54,2025-07-06T18:15:17.755Z,2025-07-06T18:15:17.755Z,,,,c7bda122-c94c-4a6c-b5bb-0fd08140655f--5c3ac739-0ed4-4083-843b-481f85686806
Pencil Side Star - Top Bar ,Pencil Scorpion - Top Bar ,Pencil Variation,,variations,,,,,,,lyra,80508b71-77e5-4e0e-a801-4edbd38429cb,5c3ac739-0ed4-4083-843b-481f85686806,c7bda122-c94c-4a6c-b5bb-0fd08140655f,,,35327f2b-9205-440f-8e38-f6da18f4dd54,35327f2b-9205-440f-8e38-f6da18f4dd54,2025-07-06T18:15:17.755Z,2025-07-06T18:15:17.755Z,,,,5c3ac739-0ed4-4083-843b-481f85686806--c7bda122-c94c-4a6c-b5bb-0fd08140655f
Pencil Scorpion - Top Bar ,Pencil Straddle Split - Top Bar ,Pencil Variation,,variations,,,,,,,lyra,2608844c-eadb-4629-b61b-6d533a39b401,c7bda122-c94c-4a6c-b5bb-0fd08140655f,90c602d9-70eb-45c1-bc68-1e9a0cbda2c2,,,35327f2b-9205-440f-8e38-f6da18f4dd54,35327f2b-9205-440f-8e38-f6da18f4dd54,2025-07-06T18:15:17.755Z,2025-07-06T18:15:17.755Z,,,,c7bda122-c94c-4a6c-b5bb-0fd08140655f--90c602d9-70eb-45c1-bc68-1e9a0cbda2c2
Pencil Straddle Split - Top Bar ,Pencil Scorpion - Top Bar ,Pencil Variation,,variations,,,,,,,lyra,cc61476e-80ef-4cf5-b101-78597f6a163f,90c602d9-70eb-45c1-bc68-1e9a0cbda2c2,c7bda122-c94c-4a6c-b5bb-0fd08140655f,,,35327f2b-9205-440f-8e38-f6da18f4dd54,35327f2b-9205-440f-8e38-f6da18f4dd54,2025-07-06T18:15:17.755Z,2025-07-06T18:15:17.755Z,,,,90c602d9-70eb-45c1-bc68-1e9a0cbda2c2--c7bda122-c94c-4a6c-b5bb-0fd08140655f
Pencil Scorpion - Top Bar ,Pencil Stag Legs - Top Bar ,Pencil Variation,,variations,,,,,,,lyra,2adabc87-8aaf-4eef-bd20-2957e5081c9b,c7bda122-c94c-4a6c-b5bb-0fd08140655f,d6277169-e93e-4a76-a2b9-dd993e91161d,,,35327f2b-9205-440f-8e38-f6da18f4dd54,35327f2b-9205-440f-8e38-f6da18f4dd54,2025-07-06T18:15:17.755Z,2025-07-06T18:15:17.755Z,,,,c7bda122-c94c-4a6c-b5bb-0fd08140655f--d6277169-e93e-4a76-a2b9-dd993e91161d
Pencil Stag Legs - Top Bar ,Pencil Scorpion - Top Bar ,Pencil Variation,,variations,,,,,,,lyra,7705b51b-bb20-4f6c-85c8-d43bf4ae201b,d6277169-e93e-4a76-a2b9-dd993e91161d,c7bda122-c94c-4a6c-b5bb-0fd08140655f,,,35327f2b-9205-440f-8e38-f6da18f4dd54,35327f2b-9205-440f-8e38-f6da18f4dd54,2025-07-06T18:15:17.755Z,2025-07-06T18:15:17.755Z,,,,d6277169-e93e-4a76-a2b9-dd993e91161d--c7bda122-c94c-4a6c-b5bb-0fd08140655f
Inside Lion Roll,Inside Lion,Inside Lion Roll,,variations,,,,,,,lyra,88ea0114-b071-4185-a5fb-50fcafe60dcd,cb185204-7e28-46b8-bf98-dcc1551a7119,550a68c4-b000-41e5-b236-a62290d6f8b8,,,35327f2b-9205-440f-8e38-f6da18f4dd54,35327f2b-9205-440f-8e38-f6da18f4dd54,2025-07-06T18:15:17.755Z,2025-07-06T18:15:17.755Z,,,,cb185204-7e28-46b8-bf98-dcc1551a7119--550a68c4-b000-41e5-b236-a62290d6f8b8
Inside Lion,Inside Lion Roll,Inside Lion Roll,,variations,,,,,,,lyra,439aa63d-6494-4d40-b224-20ebd0b000b8,550a68c4-b000-41e5-b236-a62290d6f8b8,cb185204-7e28-46b8-bf98-dcc1551a7119,,,35327f2b-9205-440f-8e38-f6da18f4dd54,35327f2b-9205-440f-8e38-f6da18f4dd54,2025-07-06T18:15:17.755Z,2025-07-06T18:15:17.755Z,,,,550a68c4-b000-41e5-b236-a62290d6f8b8--cb185204-7e28-46b8-bf98-dcc1551a7119
Chest Stand - Arrow,Chest Stand - Pike,Chest Stand Variation,,variations,,,,,,,lyra,30e03a65-b225-49fa-ad08-cc6468b5d0d1,cc9c8c64-69bd-4947-b66d-26b515156be9,3ceffd98-3922-447d-a19d-4841da6b1a59,,,35327f2b-9205-440f-8e38-f6da18f4dd54,35327f2b-9205-440f-8e38-f6da18f4dd54,2025-07-06T18:15:17.755Z,2025-07-06T18:15:17.755Z,,,,cc9c8c64-69bd-4947-b66d-26b515156be9--3ceffd98-3922-447d-a19d-4841da6b1a59
Chest Stand - Pike,Chest Stand - Arrow,Chest Stand Variation,,variations,,,,,,,lyra,571944d7-c0fc-4fac-9f57-058bf9a506a2,3ceffd98-3922-447d-a19d-4841da6b1a59,cc9c8c64-69bd-4947-b66d-26b515156be9,,,35327f2b-9205-440f-8e38-f6da18f4dd54,35327f2b-9205-440f-8e38-f6da18f4dd54,2025-07-06T18:15:17.755Z,2025-07-06T18:15:17.755Z,,,,3ceffd98-3922-447d-a19d-4841da6b1a59--cc9c8c64-69bd-4947-b66d-26b515156be9
Chest Stand - Arrow,Chest Stand - Delilah,Chest Stand Variation,,variations,,,,,,,lyra,87fd7c94-e0a3-49db-9c19-94c79067385e,cc9c8c64-69bd-4947-b66d-26b515156be9,b473711e-79b0-4da1-a96a-0014e89e93c4,,,35327f2b-9205-440f-8e38-f6da18f4dd54,35327f2b-9205-440f-8e38-f6da18f4dd54,2025-07-06T18:15:17.755Z,2025-07-06T18:15:17.755Z,,,,cc9c8c64-69bd-4947-b66d-26b515156be9--b473711e-79b0-4da1-a96a-0014e89e93c4
Chest Stand - Delilah,Chest Stand - Arrow,Chest Stand Variation,,variations,,,,,,,lyra,c7f2d33d-dc9d-4924-bbea-546682c26020,b473711e-79b0-4da1-a96a-0014e89e93c4,cc9c8c64-69bd-4947-b66d-26b515156be9,,,35327f2b-9205-440f-8e38-f6da18f4dd54,35327f2b-9205-440f-8e38-f6da18f4dd54,2025-07-06T18:15:17.755Z,2025-07-06T18:15:17.755Z,,,,b473711e-79b0-4da1-a96a-0014e89e93c4--cc9c8c64-69bd-4947-b66d-26b515156be9
Chest Stand - Arrow,Chest Stand - Pencil,Chest Stand Variation,,variations,,,,,,,lyra,8242c2e4-4ac4-4f40-847e-72fe765095dd,cc9c8c64-69bd-4947-b66d-26b515156be9,c44da0f9-c88b-437c-a8ae-2727fed0e52b,,,35327f2b-9205-440f-8e38-f6da18f4dd54,35327f2b-9205-440f-8e38-f6da18f4dd54,2025-07-06T18:15:17.755Z,2025-07-06T18:15:17.755Z,,,,cc9c8c64-69bd-4947-b66d-26b515156be9--c44da0f9-c88b-437c-a8ae-2727fed0e52b
Chest Stand - Pencil,Chest Stand - Arrow,Chest Stand Variation,,variations,,,,,,,lyra,1e3a8d3f-c502-40b4-a812-4e1019c5f1e5,c44da0f9-c88b-437c-a8ae-2727fed0e52b,cc9c8c64-69bd-4947-b66d-26b515156be9,,,35327f2b-9205-440f-8e38-f6da18f4dd54,35327f2b-9205-440f-8e38-f6da18f4dd54,2025-07-06T18:15:17.755Z,2025-07-06T18:15:17.755Z,,,,c44da0f9-c88b-437c-a8ae-2727fed0e52b--cc9c8c64-69bd-4947-b66d-26b515156be9
Prowl,Straddle Back - Top Bar,,,,"From Prowl, hand outside of knee hook leg moves to inside of knee hook leg and legs straddle overhead.",,,,,,lyra,395acbee-47e9-45ad-92af-c75f4f0c75fc,ccab7e38-ac5b-42c7-9e66-d4af180e91a9,225549c9-bf95-4f16-95ae-9c92c9e78cd1,,,35327f2b-9205-440f-8e38-f6da18f4dd54,35327f2b-9205-440f-8e38-f6da18f4dd54,2025-07-06T18:15:17.755Z,2025-07-06T18:15:17.755Z,,,,ccab7e38-ac5b-42c7-9e66-d4af180e91a9--225549c9-bf95-4f16-95ae-9c92c9e78cd1
Prowl,Delilah - One Leg Bent - Top Bar,,,,"From Prowl, release foot from bottom of hoop, and bend the knee.",,,,,,lyra,85e7e57d-703f-4803-b4ea-cf02bb84addf,ccab7e38-ac5b-42c7-9e66-d4af180e91a9,60baaaf9-6cbe-4888-acc0-35783398e8f1,,,35327f2b-9205-440f-8e38-f6da18f4dd54,35327f2b-9205-440f-8e38-f6da18f4dd54,2025-07-06T18:15:17.755Z,2025-07-06T18:15:17.755Z,,,,ccab7e38-ac5b-42c7-9e66-d4af180e91a9--60baaaf9-6cbe-4888-acc0-35783398e8f1
Toe Squat,Flamingo,,,,,,,,,,lyra,bb622f7b-f773-4aef-877c-b342236d8ca8,cf96a271-58fd-4d98-b21b-0c45adc2965b,530941e0-9455-4fdf-998c-e769c044da47,,,35327f2b-9205-440f-8e38-f6da18f4dd54,35327f2b-9205-440f-8e38-f6da18f4dd54,2025-05-02T18:15:17.755Z,2025-05-02T18:15:17.755Z,0,,,cf96a271-58fd-4d98-b21b-0c45adc2965b--530941e0-9455-4fdf-998c-e769c044da47
Superman - Hands On,Superman - No Hands,Superman Variation,,variations,,,,,,,lyra,92e6ba41-4260-4a6d-91cf-bf8085eae150,d242efe6-3bb2-481f-959e-23a5982629ed,cf9f1632-d231-4357-b9f6-6e63e23b67a9,,,35327f2b-9205-440f-8e38-f6da18f4dd54,35327f2b-9205-440f-8e38-f6da18f4dd54,2025-07-06T18:15:17.755Z,2025-07-06T18:15:17.755Z,,,,d242efe6-3bb2-481f-959e-23a5982629ed--cf9f1632-d231-4357-b9f6-6e63e23b67a9
Superman - No Hands,Superman - Hands On,Superman Variation,,variations,,,,,,,lyra,4272633e-8af6-445e-9914-c2795486ae76,cf9f1632-d231-4357-b9f6-6e63e23b67a9,d242efe6-3bb2-481f-959e-23a5982629ed,,,35327f2b-9205-440f-8e38-f6da18f4dd54,35327f2b-9205-440f-8e38-f6da18f4dd54,2025-07-06T18:15:17.755Z,2025-07-06T18:15:17.755Z,,,,cf9f1632-d231-4357-b9f6-6e63e23b67a9--d242efe6-3bb2-481f-959e-23a5982629ed
Inside Mermaid,Inside Mermaid - Split Leg,Inside Mermaid Variation,,variations,,,,,,,lyra,5ef7ddf9-42a5-4e77-99cf-587b80aa1bca,d6150e64-33bd-44c0-aee5-c9b866c4e01a,24ceccae-4b17-417e-911f-665516463704,,,35327f2b-9205-440f-8e38-f6da18f4dd54,35327f2b-9205-440f-8e38-f6da18f4dd54,2025-07-06T18:15:17.755Z,2025-07-06T18:15:17.755Z,,,,d6150e64-33bd-44c0-aee5-c9b866c4e01a--24ceccae-4b17-417e-911f-665516463704
Inside Mermaid - Split Leg,Inside Mermaid,Inside Mermaid Variation,,variations,,,,,,,lyra,79ae4bb8-ff6a-484f-9c30-9ddfe658c3a8,24ceccae-4b17-417e-911f-665516463704,d6150e64-33bd-44c0-aee5-c9b866c4e01a,,,35327f2b-9205-440f-8e38-f6da18f4dd54,35327f2b-9205-440f-8e38-f6da18f4dd54,2025-07-06T18:15:17.755Z,2025-07-06T18:15:17.755Z,,,,24ceccae-4b17-417e-911f-665516463704--d6150e64-33bd-44c0-aee5-c9b866c4e01a
Inside Mermaid,Hip Hang,,,,Inside Mermaid to ½ Angel Roll to Hip Hang.,,,,,,lyra,0426183a-9ca4-4b2e-adcd-e18e023f248a,d6150e64-33bd-44c0-aee5-c9b866c4e01a,6cc4b235-ffc4-4813-8f94-2b127f0ba5ce,,,35327f2b-9205-440f-8e38-f6da18f4dd54,35327f2b-9205-440f-8e38-f6da18f4dd54,2025-06-16T18:15:17.755Z,2025-06-16T18:15:17.755Z,0,,,d6150e64-33bd-44c0-aee5-c9b866c4e01a--6cc4b235-ffc4-4813-8f94-2b127f0ba5ce
Inside Mermaid,Inside Mermaid - Flamenco Grip,Inside Mermaid Variation,,variations,,,,,,,lyra,5b3796e2-c90f-4b9b-a64f-1319d4e5bd6c,d6150e64-33bd-44c0-aee5-c9b866c4e01a,74e4c4a4-c5b3-4e53-80f0-3e3a5a8326bb,,,35327f2b-9205-440f-8e38-f6da18f4dd54,35327f2b-9205-440f-8e38-f6da18f4dd54,2025-07-06T18:15:17.755Z,2025-07-06T18:15:17.755Z,,,,d6150e64-33bd-44c0-aee5-c9b866c4e01a--74e4c4a4-c5b3-4e53-80f0-3e3a5a8326bb
Inside Mermaid - Flamenco Grip,Inside Mermaid,Inside Mermaid Variation,,variations,,,,,,,lyra,366ffae6-156e-498f-b977-de47feeec1b8,74e4c4a4-c5b3-4e53-80f0-3e3a5a8326bb,d6150e64-33bd-44c0-aee5-c9b866c4e01a,,,35327f2b-9205-440f-8e38-f6da18f4dd54,35327f2b-9205-440f-8e38-f6da18f4dd54,2025-07-06T18:15:17.755Z,2025-07-06T18:15:17.755Z,,,,74e4c4a4-c5b3-4e53-80f0-3e3a5a8326bb--d6150e64-33bd-44c0-aee5-c9b866c4e01a
Pencil Stag Legs - Top Bar ,Pencil Tick Tocks - Top Bar ,Pencil Variation,,variations,,,,,,,lyra,76cb39de-cf17-47de-bfe6-84787866309e,d6277169-e93e-4a76-a2b9-dd993e91161d,1a9470e8-8ab1-4b9d-9f10-48c162489870,,,35327f2b-9205-440f-8e38-f6da18f4dd54,35327f2b-9205-440f-8e38-f6da18f4dd54,2025-07-06T18:15:17.755Z,2025-07-06T18:15:17.755Z,,,,d6277169-e93e-4a76-a2b9-dd993e91161d--1a9470e8-8ab1-4b9d-9f10-48c162489870
Pencil Tick Tocks - Top Bar ,Pencil Stag Legs - Top Bar ,Pencil Variation,,variations,,,,,,,lyra,031522eb-8e39-4766-b557-d50ef4923f19,1a9470e8-8ab1-4b9d-9f10-48c162489870,d6277169-e93e-4a76-a2b9-dd993e91161d,,,35327f2b-9205-440f-8e38-f6da18f4dd54,35327f2b-9205-440f-8e38-f6da18f4dd54,2025-07-06T18:15:17.755Z,2025-07-06T18:15:17.755Z,,,,1a9470e8-8ab1-4b9d-9f10-48c162489870--d6277169-e93e-4a76-a2b9-dd993e91161d
Pencil Stag Legs - Top Bar ,Pencil - Top Bar ,Pencil Variation,,variations,,,,,,,lyra,bd720fa5-d345-4d8f-aeee-56c44d51126d,d6277169-e93e-4a76-a2b9-dd993e91161d,53320695-6b2e-4052-aeb7-f022a7c22ff5,,,35327f2b-9205-440f-8e38-f6da18f4dd54,35327f2b-9205-440f-8e38-f6da18f4dd54,2025-07-06T18:15:17.755Z,2025-07-06T18:15:17.755Z,,,,d6277169-e93e-4a76-a2b9-dd993e91161d--53320695-6b2e-4052-aeb7-f022a7c22ff5
Pencil - Top Bar ,Pencil Stag Legs - Top Bar ,Pencil Variation,,variations,,,,,,,lyra,e810797a-b9f7-4c68-ac29-e591f9801e5b,53320695-6b2e-4052-aeb7-f022a7c22ff5,d6277169-e93e-4a76-a2b9-dd993e91161d,,,35327f2b-9205-440f-8e38-f6da18f4dd54,35327f2b-9205-440f-8e38-f6da18f4dd54,2025-07-06T18:15:17.755Z,2025-07-06T18:15:17.755Z,,,,53320695-6b2e-4052-aeb7-f022a7c22ff5--d6277169-e93e-4a76-a2b9-dd993e91161d
Pencil Stag Legs - Top Bar ,Pencil Straddle Split - Top Bar ,Pencil Variation,,variations,,,,,,,lyra,a841cbb7-5faf-42ad-94dc-84c2ebcb1420,d6277169-e93e-4a76-a2b9-dd993e91161d,90c602d9-70eb-45c1-bc68-1e9a0cbda2c2,,,35327f2b-9205-440f-8e38-f6da18f4dd54,35327f2b-9205-440f-8e38-f6da18f4dd54,2025-07-06T18:15:17.755Z,2025-07-06T18:15:17.755Z,,,,d6277169-e93e-4a76-a2b9-dd993e91161d--90c602d9-70eb-45c1-bc68-1e9a0cbda2c2
Pencil Straddle Split - Top Bar ,Pencil Stag Legs - Top Bar ,Pencil Variation,,variations,,,,,,,lyra,0895998d-da6a-47f9-a1e6-379c0612fc4e,90c602d9-70eb-45c1-bc68-1e9a0cbda2c2,d6277169-e93e-4a76-a2b9-dd993e91161d,,,35327f2b-9205-440f-8e38-f6da18f4dd54,35327f2b-9205-440f-8e38-f6da18f4dd54,2025-07-06T18:15:17.755Z,2025-07-06T18:15:17.755Z,,,,90c602d9-70eb-45c1-bc68-1e9a0cbda2c2--d6277169-e93e-4a76-a2b9-dd993e91161d
Double Knee Hang - Hands High - Top Bar ,Double Knee Hang - Hands Low - Top Bar ,Knee Hang Variation,,variations,,,,,,,lyra,cbf405c4-705c-4bc0-a21a-88b0b273e396,d869ac14-43fe-44d3-8de8-cadaec99db0f,92015d72-5ec9-4d1d-b5a7-5feaa8b46f42,,,35327f2b-9205-440f-8e38-f6da18f4dd54,35327f2b-9205-440f-8e38-f6da18f4dd54,2025-07-06T18:15:17.755Z,2025-07-06T18:15:17.755Z,,,,d869ac14-43fe-44d3-8de8-cadaec99db0f--92015d72-5ec9-4d1d-b5a7-5feaa8b46f42
Double Knee Hang - Hands Low - Top Bar ,Double Knee Hang - Hands High - Top Bar ,Knee Hang Variation,,variations,,,,,,,lyra,20ff0a46-5a9d-4e8f-a9f3-85b225089e38,92015d72-5ec9-4d1d-b5a7-5feaa8b46f42,d869ac14-43fe-44d3-8de8-cadaec99db0f,,,35327f2b-9205-440f-8e38-f6da18f4dd54,35327f2b-9205-440f-8e38-f6da18f4dd54,2025-07-06T18:15:17.755Z,2025-07-06T18:15:17.755Z,,,,92015d72-5ec9-4d1d-b5a7-5feaa8b46f42--d869ac14-43fe-44d3-8de8-cadaec99db0f
Reverse Dragonfly,Inside Lion,,,,"From Reverse Dragonfly (with hoop at hip crease), leg matching hand under tab comes under the bar and hooks. Free hand then grabs the bar underneath the other hand, roll through to other side of hoop (engage legs), release top hand and that shoulder blocks.",,,,,,lyra,6a23c27b-7c30-4f25-9bec-5be7e9b664a3,e0be8407-d3ab-49af-af78-1e1f753af15f,550a68c4-b000-41e5-b236-a62290d6f8b8,,,35327f2b-9205-440f-8e38-f6da18f4dd54,35327f2b-9205-440f-8e38-f6da18f4dd54,2025-07-06T18:15:17.755Z,2025-07-06T18:15:17.755Z,,,,e0be8407-d3ab-49af-af78-1e1f753af15f--550a68c4-b000-41e5-b236-a62290d6f8b8
Reverse Dragonfly,Hip Hang,,,,"From Reverse Dragonfly, bend posting arm and lower to Hip Hang.",,,,,,lyra,df1a059c-4ddf-43d1-a861-0a9604fcbf69,e0be8407-d3ab-49af-af78-1e1f753af15f,6cc4b235-ffc4-4813-8f94-2b127f0ba5ce,,,35327f2b-9205-440f-8e38-f6da18f4dd54,35327f2b-9205-440f-8e38-f6da18f4dd54,2025-07-06T18:15:17.755Z,2025-07-06T18:15:17.755Z,,,,e0be8407-d3ab-49af-af78-1e1f753af15f--6cc4b235-ffc4-4813-8f94-2b127f0ba5ce
Reverse Dragonfly,Half Crescent Moon,,,,"From Reverse Dragonfly (with hoop at hip crease), leg matching hand under tab comes under the bar and hooks.  Free hand then grabs the bar underneath the other hand, pull up and, free leg foot hooks on bar.",,,,,,lyra,7c4a9ba0-245f-4734-9fca-79ad81f79ca8,e0be8407-d3ab-49af-af78-1e1f753af15f,bc412bb9-e43b-46ce-82e2-a5cdac642756,,,35327f2b-9205-440f-8e38-f6da18f4dd54,35327f2b-9205-440f-8e38-f6da18f4dd54,2025-07-06T18:15:17.755Z,2025-07-06T18:15:17.755Z,,,,e0be8407-d3ab-49af-af78-1e1f753af15f--bc412bb9-e43b-46ce-82e2-a5cdac642756
Meathook - Both Hands,Meathook - One Hand,Meathook Variation,,variations,,,,,,,lyra,22164853-ca43-4b87-93c8-fd8a4d9b97fd,e2735522-6430-4bac-9169-2b658646cff3,20b100d2-5b05-4523-b200-3250039090e4,,,35327f2b-9205-440f-8e38-f6da18f4dd54,35327f2b-9205-440f-8e38-f6da18f4dd54,2025-07-06T18:15:17.755Z,2025-07-06T18:15:17.755Z,,,,e2735522-6430-4bac-9169-2b658646cff3--20b100d2-5b05-4523-b200-3250039090e4
Meathook - One Hand,Meathook - Both Hands,Meathook Variation,,variations,,,,,,,lyra,b305a453-bc87-4b44-a678-b20e13cf26df,20b100d2-5b05-4523-b200-3250039090e4,e2735522-6430-4bac-9169-2b658646cff3,,,35327f2b-9205-440f-8e38-f6da18f4dd54,35327f2b-9205-440f-8e38-f6da18f4dd54,2025-07-06T18:15:17.755Z,2025-07-06T18:15:17.755Z,,,,20b100d2-5b05-4523-b200-3250039090e4--e2735522-6430-4bac-9169-2b658646cff3
Running Man - Cross Knee Release,Running Man - Hands On,Running Man Variation,,variations,,,,,,,lyra,ff244d36-9ff3-465d-aab0-ebaf9b0a7502,e292f01e-f0c5-46f4-912a-a37bc334e974,6e01a15e-97f9-4f0c-91f9-309695089b1a,,,35327f2b-9205-440f-8e38-f6da18f4dd54,35327f2b-9205-440f-8e38-f6da18f4dd54,2025-07-06T18:15:17.755Z,2025-07-06T18:15:17.755Z,,,,e292f01e-f0c5-46f4-912a-a37bc334e974--6e01a15e-97f9-4f0c-91f9-309695089b1a
Running Man - Hands On,Running Man - Cross Knee Release,Running Man Variation,,variations,,,,,,,lyra,258e9d45-cafc-4dea-8033-c829b614f2b4,6e01a15e-97f9-4f0c-91f9-309695089b1a,e292f01e-f0c5-46f4-912a-a37bc334e974,,,35327f2b-9205-440f-8e38-f6da18f4dd54,35327f2b-9205-440f-8e38-f6da18f4dd54,2025-07-06T18:15:17.755Z,2025-07-06T18:15:17.755Z,,,,6e01a15e-97f9-4f0c-91f9-309695089b1a--e292f01e-f0c5-46f4-912a-a37bc334e974
Single Knee Hang - Both Hands - Bottom Bar,Double Knee Hang - Bottom Bar,Knee Hang Variation,,variations,,,,,,,lyra,cb41f3f2-096a-4eeb-8a98-e80b5de247d8,e85a4de9-306c-4ed4-894f-dcd9c79a89b4,dc593209-5999-43a8-a631-da387f0c661d,,,35327f2b-9205-440f-8e38-f6da18f4dd54,35327f2b-9205-440f-8e38-f6da18f4dd54,2025-07-06T18:15:17.755Z,2025-07-06T18:15:17.755Z,,,,e85a4de9-306c-4ed4-894f-dcd9c79a89b4--dc593209-5999-43a8-a631-da387f0c661d
Double Knee Hang - Bottom Bar,Single Knee Hang - Both Hands - Bottom Bar,Knee Hang Variation,,variations,,,,,,,lyra,136d1e58-1514-401b-8028-96d6f5cf8465,dc593209-5999-43a8-a631-da387f0c661d,e85a4de9-306c-4ed4-894f-dcd9c79a89b4,,,35327f2b-9205-440f-8e38-f6da18f4dd54,35327f2b-9205-440f-8e38-f6da18f4dd54,2025-07-06T18:15:17.755Z,2025-07-06T18:15:17.755Z,,,,dc593209-5999-43a8-a631-da387f0c661d--e85a4de9-306c-4ed4-894f-dcd9c79a89b4
Running Man - Hands Off,Running Man - Hands On,Running Man Variation,,variations,,,,,,,lyra,4ee57aa7-2dda-4258-ba3f-dc6a7ff6efbe,ee096d1a-d775-4fb9-a4f2-a578b7bb5c8e,6e01a15e-97f9-4f0c-91f9-309695089b1a,,,35327f2b-9205-440f-8e38-f6da18f4dd54,35327f2b-9205-440f-8e38-f6da18f4dd54,2025-07-06T18:15:17.755Z,2025-07-06T18:15:17.755Z,,,,ee096d1a-d775-4fb9-a4f2-a578b7bb5c8e--6e01a15e-97f9-4f0c-91f9-309695089b1a
Running Man - Hands On,Running Man - Hands Off,Running Man Variation,,variations,,,,,,,lyra,a54b8ec7-6780-4bf7-a1e4-0d27f00aaa90,6e01a15e-97f9-4f0c-91f9-309695089b1a,ee096d1a-d775-4fb9-a4f2-a578b7bb5c8e,,,35327f2b-9205-440f-8e38-f6da18f4dd54,35327f2b-9205-440f-8e38-f6da18f4dd54,2025-07-06T18:15:17.755Z,2025-07-06T18:15:17.755Z,,,,6e01a15e-97f9-4f0c-91f9-309695089b1a--ee096d1a-d775-4fb9-a4f2-a578b7bb5c8e
Running Man - Hands Off,Running Man - Cross Knee Release,Running Man Variation,,variations,,,,,,,lyra,07efde15-3ea1-4c45-ae1b-85518abb01f7,ee096d1a-d775-4fb9-a4f2-a578b7bb5c8e,e292f01e-f0c5-46f4-912a-a37bc334e974,,,35327f2b-9205-440f-8e38-f6da18f4dd54,35327f2b-9205-440f-8e38-f6da18f4dd54,2025-07-06T18:15:17.755Z,2025-07-06T18:15:17.755Z,,,,ee096d1a-d775-4fb9-a4f2-a578b7bb5c8e--e292f01e-f0c5-46f4-912a-a37bc334e974
Running Man - Cross Knee Release,Running Man - Hands Off,Running Man Variation,,variations,,,,,,,lyra,714a8591-52e7-4aa7-8074-11ccaeaee44a,e292f01e-f0c5-46f4-912a-a37bc334e974,ee096d1a-d775-4fb9-a4f2-a578b7bb5c8e,,,35327f2b-9205-440f-8e38-f6da18f4dd54,35327f2b-9205-440f-8e38-f6da18f4dd54,2025-07-06T18:15:17.755Z,2025-07-06T18:15:17.755Z,,,,e292f01e-f0c5-46f4-912a-a37bc334e974--ee096d1a-d775-4fb9-a4f2-a578b7bb5c8e
Shoulder Stand - Arrow,Shoulder Stand - Delilah,Shoulder Stand Variation,,variations,,,,,,,lyra,77b0bf20-0a09-467d-a742-dac4e8e56f03,f30eb570-98cf-4ad9-9944-364e735f729d,6391888b-059f-4716-8373-39b0f71bded5,,,35327f2b-9205-440f-8e38-f6da18f4dd54,35327f2b-9205-440f-8e38-f6da18f4dd54,2025-07-06T18:15:17.755Z,2025-07-06T18:15:17.755Z,,,,f30eb570-98cf-4ad9-9944-364e735f729d--6391888b-059f-4716-8373-39b0f71bded5
Shoulder Stand - Delilah,Shoulder Stand - Arrow,Shoulder Stand Variation,,variations,,,,,,,lyra,f061c107-75ee-4c28-ba40-09e3f091b901,6391888b-059f-4716-8373-39b0f71bded5,f30eb570-98cf-4ad9-9944-364e735f729d,,,35327f2b-9205-440f-8e38-f6da18f4dd54,35327f2b-9205-440f-8e38-f6da18f4dd54,2025-07-06T18:15:17.755Z,2025-07-06T18:15:17.755Z,,,,6391888b-059f-4716-8373-39b0f71bded5--f30eb570-98cf-4ad9-9944-364e735f729d
Shoulder Stand - Arrow,Shoulder Stand - Double Knee Hang,Shoulder Stand Variation,,variations,,,,,,,lyra,9aa07cff-50e2-4a38-bdf3-4c4ea9b5716d,f30eb570-98cf-4ad9-9944-364e735f729d,69041118-0441-4f9b-9595-b92b7e6256cd,,,35327f2b-9205-440f-8e38-f6da18f4dd54,35327f2b-9205-440f-8e38-f6da18f4dd54,2025-07-06T18:15:17.755Z,2025-07-06T18:15:17.755Z,,,,f30eb570-98cf-4ad9-9944-364e735f729d--69041118-0441-4f9b-9595-b92b7e6256cd
Shoulder Stand - Double Knee Hang,Shoulder Stand - Arrow,Shoulder Stand Variation,,variations,,,,,,,lyra,8a21f933-c545-46b1-a9fb-be409906d45b,69041118-0441-4f9b-9595-b92b7e6256cd,f30eb570-98cf-4ad9-9944-364e735f729d,,,35327f2b-9205-440f-8e38-f6da18f4dd54,35327f2b-9205-440f-8e38-f6da18f4dd54,2025-07-06T18:15:17.755Z,2025-07-06T18:15:17.755Z,,,,69041118-0441-4f9b-9595-b92b7e6256cd--f30eb570-98cf-4ad9-9944-364e735f729d
Shoulder Stand - Arrow,Shoulder Stand - Pike,Shoulder Stand Variation,,variations,,,,,,,lyra,2b5afebe-fdbe-4ac6-bdfa-6a28309a4eab,f30eb570-98cf-4ad9-9944-364e735f729d,e6306db2-c558-4c0a-865f-d9fa6a4fb87b,,,35327f2b-9205-440f-8e38-f6da18f4dd54,35327f2b-9205-440f-8e38-f6da18f4dd54,2025-07-06T18:15:17.755Z,2025-07-06T18:15:17.755Z,,,,f30eb570-98cf-4ad9-9944-364e735f729d--e6306db2-c558-4c0a-865f-d9fa6a4fb87b
Shoulder Stand - Pike,Shoulder Stand - Arrow,Shoulder Stand Variation,,variations,,,,,,,lyra,a208e548-d243-4157-99fa-a1c306b15ba3,e6306db2-c558-4c0a-865f-d9fa6a4fb87b,f30eb570-98cf-4ad9-9944-364e735f729d,,,35327f2b-9205-440f-8e38-f6da18f4dd54,35327f2b-9205-440f-8e38-f6da18f4dd54,2025-07-06T18:15:17.755Z,2025-07-06T18:15:17.755Z,,,,e6306db2-c558-4c0a-865f-d9fa6a4fb87b--f30eb570-98cf-4ad9-9944-364e735f729d
Hip Hang Foot Block - Figure Four,Hip Hang Foot Block - One Leg Straight,Hip Hang Foot Block,,variations,,,,,,,lyra,5d54add5-8566-40b7-9fc6-20d7bb6abc24,f9f16c51-5035-4319-b68d-c19cf663fe54,0bee5b6a-dcbd-4c05-86ee-58783f861988,,,35327f2b-9205-440f-8e38-f6da18f4dd54,35327f2b-9205-440f-8e38-f6da18f4dd54,2025-07-06T18:15:17.755Z,2025-07-06T18:15:17.755Z,,,,f9f16c51-5035-4319-b68d-c19cf663fe54--0bee5b6a-dcbd-4c05-86ee-58783f861988
Hip Hang Foot Block - One Leg Straight,Hip Hang Foot Block - Figure Four,Hip Hang Foot Block,,variations,,,,,,,lyra,e1548587-bc5d-498c-87de-709b4821cd51,0bee5b6a-dcbd-4c05-86ee-58783f861988,f9f16c51-5035-4319-b68d-c19cf663fe54,,,35327f2b-9205-440f-8e38-f6da18f4dd54,35327f2b-9205-440f-8e38-f6da18f4dd54,2025-07-06T18:15:17.755Z,2025-07-06T18:15:17.755Z,,,,0bee5b6a-dcbd-4c05-86ee-58783f861988--f9f16c51-5035-4319-b68d-c19cf663fe54
Hip Hang Foot Block - Figure Four,Hip Hang Foot Block - Inverted Flamingo,Hip Hang Foot Block,,variations,,,,,,,lyra,64fbce10-6d72-42e9-8907-bbb858ddcc1e,f9f16c51-5035-4319-b68d-c19cf663fe54,539f1b36-1529-4d19-8b24-cff2851146fb,,,35327f2b-9205-440f-8e38-f6da18f4dd54,35327f2b-9205-440f-8e38-f6da18f4dd54,2025-07-06T18:15:17.755Z,2025-07-06T18:15:17.755Z,,,,f9f16c51-5035-4319-b68d-c19cf663fe54--539f1b36-1529-4d19-8b24-cff2851146fb
Hip Hang Foot Block - Inverted Flamingo,Hip Hang Foot Block - Figure Four,Hip Hang Foot Block,,variations,,,,,,,lyra,60704653-68e7-4a20-b583-1cdeca6892ce,539f1b36-1529-4d19-8b24-cff2851146fb,f9f16c51-5035-4319-b68d-c19cf663fe54,,,35327f2b-9205-440f-8e38-f6da18f4dd54,35327f2b-9205-440f-8e38-f6da18f4dd54,2025-07-06T18:15:17.755Z,2025-07-06T18:15:17.755Z,,,,539f1b36-1529-4d19-8b24-cff2851146fb--f9f16c51-5035-4319-b68d-c19cf663fe54
Hip Hang Foot Block - Figure Four,Hip Hang Foot Block - Both Legs,Hip Hang Foot Block,,variations,,,,,,,lyra,2ed3cbff-ef88-460a-8696-375723903016,f9f16c51-5035-4319-b68d-c19cf663fe54,681e7eb3-8a7d-47e9-b1b9-a7bea35df6ca,,,35327f2b-9205-440f-8e38-f6da18f4dd54,35327f2b-9205-440f-8e38-f6da18f4dd54,2025-07-06T18:15:17.755Z,2025-07-06T18:15:17.755Z,,,,f9f16c51-5035-4319-b68d-c19cf663fe54--681e7eb3-8a7d-47e9-b1b9-a7bea35df6ca
Hip Hang Foot Block - Both Legs,Hip Hang Foot Block - Figure Four,Hip Hang Foot Block,,variations,,,,,,,lyra,5b24009c-16ef-4383-8060-c700c97b9ae9,681e7eb3-8a7d-47e9-b1b9-a7bea35df6ca,f9f16c51-5035-4319-b68d-c19cf663fe54,,,35327f2b-9205-440f-8e38-f6da18f4dd54,35327f2b-9205-440f-8e38-f6da18f4dd54,2025-07-06T18:15:17.755Z,2025-07-06T18:15:17.755Z,,,,681e7eb3-8a7d-47e9-b1b9-a7bea35df6ca--f9f16c51-5035-4319-b68d-c19cf663fe54
Hip Hang Foot Block - Figure Four,Hip Hang Foot Block - One Leg Bent,Hip Hang Foot Block,,variations,,,,,,,lyra,5ef8c8b4-95ac-480c-b34d-7da5d215d5e9,f9f16c51-5035-4319-b68d-c19cf663fe54,b8d44b98-0345-49d9-8fe6-cae50f42731b,,,35327f2b-9205-440f-8e38-f6da18f4dd54,35327f2b-9205-440f-8e38-f6da18f4dd54,2025-07-06T18:15:17.755Z,2025-07-06T18:15:17.755Z,,,,f9f16c51-5035-4319-b68d-c19cf663fe54--b8d44b98-0345-49d9-8fe6-cae50f42731b
Hip Hang Foot Block - One Leg Bent,Hip Hang Foot Block - Figure Four,Hip Hang Foot Block,,variations,,,,,,,lyra,9bbc439f-faf9-403a-a626-a91203d06607,b8d44b98-0345-49d9-8fe6-cae50f42731b,f9f16c51-5035-4319-b68d-c19cf663fe54,,,35327f2b-9205-440f-8e38-f6da18f4dd54,35327f2b-9205-440f-8e38-f6da18f4dd54,2025-07-06T18:15:17.755Z,2025-07-06T18:15:17.755Z,,,,b8d44b98-0345-49d9-8fe6-cae50f42731b--f9f16c51-5035-4319-b68d-c19cf663fe54
Bottom Bar Bird’s Nest - Single Leg,Bottom Bar Bird’s Nest - Both Legs On,Bottom Bar Bird’s Nest Variation,,variations,,,,,,,lyra,610063e5-4b33-4794-9fc3-0785ed96391f,fa7cb553-7782-4756-8cea-702a65892d41,c77fb2ce-1264-4626-8a27-ca920d7edf89,,,35327f2b-9205-440f-8e38-f6da18f4dd54,35327f2b-9205-440f-8e38-f6da18f4dd54,2025-07-06T18:15:17.755Z,2025-07-06T18:15:17.755Z,,,,fa7cb553-7782-4756-8cea-702a65892d41--c77fb2ce-1264-4626-8a27-ca920d7edf89
Bottom Bar Bird’s Nest - Both Legs On,Bottom Bar Bird’s Nest - Single Leg,Bottom Bar Bird’s Nest Variation,,variations,,,,,,,lyra,5d0bc0ff-0f40-479b-8769-9a9db6280df0,c77fb2ce-1264-4626-8a27-ca920d7edf89,fa7cb553-7782-4756-8cea-702a65892d41,,,35327f2b-9205-440f-8e38-f6da18f4dd54,35327f2b-9205-440f-8e38-f6da18f4dd54,2025-07-06T18:15:17.755Z,2025-07-06T18:15:17.755Z,,,,c77fb2ce-1264-4626-8a27-ca920d7edf89--fa7cb553-7782-4756-8cea-702a65892d41
Standing Inside Hoop,Candlestick,,,,"From standing on the bottom bar
both hands to one strap
leg matching what hands are on strap
threads through to the other side of the hoop
other leg crossed over that ankle (bar between ankles)
walk hands down to Candlestick.",,,,,,lyra,100cdd54-835c-4d0a-81a5-692de51597bd,fa858bb4-69b3-4ea6-981d-bae07563eb52,2f51715a-f4e4-43e0-bb3f-63c5ab42ff4d,,,35327f2b-9205-440f-8e38-f6da18f4dd54,35327f2b-9205-440f-8e38-f6da18f4dd54,2025-05-02T18:15:17.755Z,2025-05-02T18:15:17.755Z,0,,,fa858bb4-69b3-4ea6-981d-bae07563eb52--2f51715a-f4e4-43e0-bb3f-63c5ab42ff4d
Gazelle - Twist Half Split,Gazelle - Twist Full Split ,Gazelle Variation,,variations,,,,,,,lyra,aa78ca4d-017d-49bf-818f-df3534430c1b,fb33d765-57e1-4169-8f7d-275615955851,01d7e3ba-4d8b-4e7e-a672-7f2e464ce6dd,,,35327f2b-9205-440f-8e38-f6da18f4dd54,35327f2b-9205-440f-8e38-f6da18f4dd54,2025-07-06T18:15:17.755Z,2025-07-06T18:15:17.755Z,,,,fb33d765-57e1-4169-8f7d-275615955851--01d7e3ba-4d8b-4e7e-a672-7f2e464ce6dd
Gazelle - Twist Full Split ,Gazelle - Twist Half Split,Gazelle Variation,,variations,,,,,,,lyra,04989c9e-b040-487d-815a-6bbb14ea3fcc,01d7e3ba-4d8b-4e7e-a672-7f2e464ce6dd,fb33d765-57e1-4169-8f7d-275615955851,,,35327f2b-9205-440f-8e38-f6da18f4dd54,35327f2b-9205-440f-8e38-f6da18f4dd54,2025-07-06T18:15:17.755Z,2025-07-06T18:15:17.755Z,,,,01d7e3ba-4d8b-4e7e-a672-7f2e464ce6dd--fb33d765-57e1-4169-8f7d-275615955851
Russian Roll,Russian Roll,,,,,,,Can do multiple in a row by continuing to drive leg thru middle and motorcycle hands.,,,lyra,22a4d87d-0344-4736-9254-e628c3adea51,fc91cec6-2b3f-48b5-88d0-acbd98406e7f,fc91cec6-2b3f-48b5-88d0-acbd98406e7f,,,35327f2b-9205-440f-8e38-f6da18f4dd54,35327f2b-9205-440f-8e38-f6da18f4dd54,2025-05-02T18:15:17.755Z,2025-05-02T18:15:17.755Z,0,,,fc91cec6-2b3f-48b5-88d0-acbd98406e7f--fc91cec6-2b3f-48b5-88d0-acbd98406e7f
